parID,numericID
545f1e11fdf99b3156e7588b,sub-001
559c3b0efdf99b32b6963e81,sub-002
55ec49b67480920010aaa4e8,sub-003
58a229e74d580c0001e0a766,sub-004
58f0fca0d40252000192f201,sub-005
59ed2107ae9f950001d848f6,sub-006
5a09ebdf087f2e0001eae39f,sub-007
5ba6d507cf54e40001c45aaf,sub-008
5bcdd6e1208b070001bd72c6,sub-009
5bf735882dd20c0001317fca,sub-010
5c7cf8b58ca9000001b52f6e,sub-011
5d25df839542a40001a83bf4,sub-012
5d849ee0a954540019f513dd,sub-013
5eb693937a030e5923b44068,sub-014
5f0a7dec44c42c19a6c9f6d9,sub-015
5fc2c0cfdb80f9025c6b4810,sub-016
5fc30c35704ddd267cc9123f,sub-017
605a2dbead400eae8de18f8c,sub-018
6098164e4c37ed73ca9c74f5,sub-019
6113ffbf45e79bc2769db74c,sub-020
6117efedb574017076d5b499,sub-021
611e5734cd0691cf4000a557,sub-022
6128fd492700069e594016c9,sub-023
61451e21a303bee08cbb86ea,sub-024
6155180ec2486a4b4f9a0399,sub-025
6163fbf78813617495ee7a9b,sub-026
628f9cfbee6de7cc7322fecf,sub-027
62e0532289a4e5d9fedadde1,sub-028
63039dbefda87c47a91fec04,sub-029
636900dbc65a1b361be8e82f,sub-030
63ecff07b619306f41db42fa,sub-031
63eda5a4a87d8bd73853fa8e,sub-032
6441c37f5666c66e67eba833,sub-033
651c4484ba17050f6b716614,sub-034
65d563ecf8df20ade2f17888,sub-035
65f366dfcb46b71238e9418d,sub-037
660604f1a9c44af2909516f6,sub-038
66231fc6e1ecba676935943a,sub-039
663a5d3e48441f253cc57071,sub-040
663c0a95bceed7450360f00e,sub-041
66553eb5f10b5700001d20de,sub-042
6655e4f304ea91b8ecb46edc,sub-043
665c19ed6674d8ab7f616b65,sub-044
6673188102ed2340e6e813ff,sub-045
66823a439b3e59a13b37a28f,sub-046
66943e29675c6778f0a3ac7f,sub-047
66971a9cabd2bff3e5f60595,sub-048
6698a55a16b90d04fa1af2bd,sub-049
66a48261758e59c5f2dd8ceb,sub-050
66aa8a00cb81056a0cdb9216,sub-051
66ab392342d2b37df3ec0278,sub-052
66abc79f0812c1f89a25adfb,sub-053
66af82fe7c33867b3ed6efcb,sub-054
66afcaa60f7d8f58dc21db8e,sub-055
66afd624a26f73871dce55fe,sub-056
66b91ee649636fce844ef133,sub-057
66bcffc3e6f77501141b3d0f,sub-058
66bffd8c97a80ac91e1087e0,sub-059
66c8f4c85434e33b086cb7ca,sub-060
66cc4ba25cc59f1c17f1a2b4,sub-061
66cd521c51d994c446abe4df,sub-062
66e9236f775eae67be04229d,sub-063
66f02f508e8473f0362ed99e,sub-064
66f097d9e9ccab0b678f9b4e,sub-065
66fdd6ecd96e23c98cf47a4a,sub-066
6704aaad38d6cca3e2221270,sub-067
6709224f70eacdb20761ae3c,sub-068
67094d6215b6d0fe3e8c3e39,sub-069
670debf636edeecf039af7f6,sub-070
6712fe1173dfa2bfa2d6294b,sub-071
6714d7f42c208253099ac9d9,sub-072
671f12c5d2543b67c0f12e57,sub-073
67203bff74dea717e8b9e1ea,sub-074
672c74f54295206bddb0146a,sub-075
672ceecd4b982fd2123fa32f,sub-076
673ec935d1ab67f5acdd49e3,sub-077
673f361cb1d555345330ff1b,sub-078
67439be8ee2236a7c078d523,sub-080
6745731e75a88802a56be3ef,sub-081
67583c76e3d1f76befe8ce5b,sub-082
676fa93a6e1840db7ea43423,sub-084
6774ba2b35bfe170ef2d7c87,sub-085
67a72a2a346c08cd36e7860a,sub-086
67d0c73d781bc022a088d11f,sub-087
67d4ba7e61ab8f9deb8ffb2e,sub-088
67d72063e9c2d9c1c2f242b4,sub-089
67db97028df2eae13fa41bdd,sub-090
67dcb6032b8d2b63d2c8ec04,sub-091
67dd47c1ba37fed0188bac37,sub-092
67e07c70fcb66593f11b6d62,sub-093
67e4c4b8c49f4b9a84e4c155,sub-094
67e823750167abce80c36ab8,sub-095
67e87d0febc7156e3f210a04,sub-096
67ef1646a57b37e076099d5c,sub-097
67ef69e735fee402bbbbf23b,sub-098
67f01ec41fc6c512fefd9f9e,sub-099
67f04718ef98a837eb7180bb,sub-100
67f1626e4525cfea0f0a9753,sub-101
67f2fbc77b115d1edb94ef11,sub-102
67f3147d939ee392b2741fb5,sub-103
67fdb95863b421ac7768f5d5,sub-104
682cd328bd53185cbbb59840,sub-105
68474cc30bedb8b982a92c8b,sub-106
