ID,time,rating
sub-001,0.0,
sub-003,0.0,
sub-012,0.0,
sub-016,0.0,
sub-021,0.0,47.7
sub-023,0.0,
sub-024,0.0,
sub-027,0.0,
sub-028,0.0,
sub-029,0.0,
sub-031,0.0,
sub-033,0.0,
sub-039,0.0,
sub-042,0.0,
sub-043,0.0,
sub-044,0.0,
sub-047,0.0,
sub-048,0.0,
sub-049,0.0,
sub-056,0.0,87.6
sub-060,0.0,
sub-062,0.0,
sub-063,0.0,
sub-064,0.0,
sub-065,0.0,
sub-069,0.0,
sub-076,0.0,
sub-078,0.0,
sub-082,0.0,
sub-085,0.0,
sub-091,0.0,
sub-092,0.0,
sub-094,0.0,
sub-097,0.0,
sub-100,0.0,
sub-102,0.0,
sub-103,0.0,
sub-104,0.0,
sub-108,0.0,
sub-113,0.0,
sub-114,0.0,
sub-115,0.0,
sub-117,0.0,
sub-118,0.0,
sub-120,0.0,
sub-126,0.0,
sub-127,0.0,
sub-129,0.0,
sub-131,0.0,
sub-137,0.0,
sub-139,0.0,
sub-140,0.0,
sub-146,0.0,
sub-147,0.0,
sub-148,0.0,
sub-152,0.0,21.3
sub-153,0.0,
sub-157,0.0,
sub-159,0.0,
sub-160,0.0,
sub-161,0.0,
sub-173,0.0,
sub-174,0.0,
sub-175,0.0,
sub-177,0.0,
sub-179,0.0,
sub-180,0.0,
sub-185,0.0,
sub-186,0.0,
sub-187,0.0,
sub-188,0.0,
sub-197,0.0,
sub-199,0.0,
sub-200,0.0,
sub-201,0.0,
sub-208,0.0,
sub-209,0.0,
sub-210,0.0,
sub-212,0.0,
sub-215,0.0,
sub-217,0.0,
sub-219,0.0,
sub-220,0.0,
sub-224,0.0,
sub-229,0.0,
sub-230,0.0,
sub-001,0.23,
sub-003,0.23,
sub-012,0.23,
sub-016,0.23,
sub-021,0.23,48.09090909090909
sub-023,0.23,
sub-024,0.23,
sub-027,0.23,
sub-028,0.23,
sub-029,0.23,
sub-031,0.23,38.1
sub-033,0.23,
sub-039,0.23,
sub-042,0.23,
sub-043,0.23,
sub-044,0.23,
sub-047,0.23,
sub-048,0.23,
sub-049,0.23,
sub-056,0.23,87.3
sub-060,0.23,
sub-062,0.23,
sub-063,0.23,
sub-064,0.23,
sub-065,0.23,
sub-069,0.23,
sub-076,0.23,
sub-078,0.23,
sub-082,0.23,
sub-085,0.23,
sub-091,0.23,
sub-092,0.23,
sub-094,0.23,
sub-097,0.23,
sub-100,0.23,
sub-102,0.23,
sub-103,0.23,
sub-104,0.23,
sub-108,0.23,79.1
sub-113,0.23,
sub-114,0.23,
sub-115,0.23,
sub-117,0.23,34.3
sub-118,0.23,
sub-120,0.23,
sub-126,0.23,
sub-127,0.23,
sub-129,0.23,
sub-131,0.23,
sub-137,0.23,
sub-139,0.23,
sub-140,0.23,
sub-146,0.23,
sub-147,0.23,
sub-148,0.23,
sub-152,0.23,24.996470588235294
sub-153,0.23,54.4
sub-157,0.23,
sub-159,0.23,
sub-160,0.23,
sub-161,0.23,
sub-173,0.23,
sub-174,0.23,
sub-175,0.23,
sub-177,0.23,
sub-179,0.23,
sub-180,0.23,80.3
sub-185,0.23,
sub-186,0.23,
sub-187,0.23,
sub-188,0.23,
sub-197,0.23,
sub-199,0.23,
sub-200,0.23,
sub-201,0.23,
sub-208,0.23,
sub-209,0.23,
sub-210,0.23,17.4
sub-212,0.23,
sub-215,0.23,
sub-217,0.23,50.4
sub-219,0.23,
sub-220,0.23,
sub-224,0.23,
sub-229,0.23,
sub-230,0.23,
sub-001,0.46,
sub-003,0.46,
sub-012,0.46,
sub-016,0.46,
sub-021,0.46,48.883168316831686
sub-023,0.46,1.5
sub-024,0.46,
sub-027,0.46,
sub-028,0.46,
sub-029,0.46,
sub-031,0.46,38.1
sub-033,0.46,
sub-039,0.46,
sub-042,0.46,
sub-043,0.46,
sub-044,0.46,
sub-047,0.46,
sub-048,0.46,
sub-049,0.46,
sub-056,0.46,87.08795180722892
sub-060,0.46,
sub-062,0.46,
sub-063,0.46,
sub-064,0.46,
sub-065,0.46,
sub-069,0.46,
sub-076,0.46,
sub-078,0.46,52.4
sub-082,0.46,
sub-085,0.46,
sub-091,0.46,
sub-092,0.46,
sub-094,0.46,
sub-097,0.46,
sub-100,0.46,
sub-102,0.46,
sub-103,0.46,
sub-104,0.46,
sub-108,0.46,61.423809523809524
sub-113,0.46,
sub-114,0.46,
sub-115,0.46,
sub-117,0.46,34.5
sub-118,0.46,
sub-120,0.46,100.0
sub-126,0.46,
sub-127,0.46,0.2
sub-129,0.46,
sub-131,0.46,
sub-137,0.46,
sub-139,0.46,
sub-140,0.46,
sub-146,0.46,71.2
sub-147,0.46,
sub-148,0.46,
sub-152,0.46,37.986746987951804
sub-153,0.46,54.2
sub-157,0.46,
sub-159,0.46,
sub-160,0.46,
sub-161,0.46,
sub-173,0.46,
sub-174,0.46,
sub-175,0.46,
sub-177,0.46,
sub-179,0.46,
sub-180,0.46,77.32521739130435
sub-185,0.46,
sub-186,0.46,
sub-187,0.46,
sub-188,0.46,
sub-197,0.46,
sub-199,0.46,
sub-200,0.46,
sub-201,0.46,54.63932584269663
sub-208,0.46,
sub-209,0.46,
sub-210,0.46,17.4
sub-212,0.46,
sub-215,0.46,41.3
sub-217,0.46,50.01875
sub-219,0.46,
sub-220,0.46,
sub-224,0.46,
sub-229,0.46,
sub-230,0.46,
sub-001,0.69,
sub-003,0.69,
sub-012,0.69,50.9
sub-016,0.69,
sub-021,0.69,49.2
sub-023,0.69,0.5
sub-024,0.69,
sub-027,0.69,
sub-028,0.69,
sub-029,0.69,
sub-031,0.69,38.1
sub-033,0.69,
sub-039,0.69,
sub-042,0.69,
sub-043,0.69,59.8
sub-044,0.69,
sub-047,0.69,
sub-048,0.69,
sub-049,0.69,
sub-056,0.69,86.9
sub-060,0.69,
sub-062,0.69,
sub-063,0.69,0.5
sub-064,0.69,
sub-065,0.69,
sub-069,0.69,20.8
sub-076,0.69,
sub-078,0.69,54.0
sub-082,0.69,4.371428571428571
sub-085,0.69,
sub-091,0.69,
sub-092,0.69,
sub-094,0.69,
sub-097,0.69,
sub-100,0.69,
sub-102,0.69,
sub-103,0.69,43.0
sub-104,0.69,
sub-108,0.69,51.48433734939759
sub-113,0.69,
sub-114,0.69,
sub-115,0.69,
sub-117,0.69,34.5
sub-118,0.69,48.8
sub-120,0.69,100.0
sub-126,0.69,
sub-127,0.69,0.2
sub-129,0.69,
sub-131,0.69,
sub-137,0.69,
sub-139,0.69,42.3
sub-140,0.69,
sub-146,0.69,71.2
sub-147,0.69,
sub-148,0.69,
sub-152,0.69,43.714457831325305
sub-153,0.69,54.2
sub-157,0.69,
sub-159,0.69,
sub-160,0.69,
sub-161,0.69,
sub-173,0.69,
sub-174,0.69,
sub-175,0.69,
sub-177,0.69,
sub-179,0.69,
sub-180,0.69,73.0904761904762
sub-185,0.69,
sub-186,0.69,
sub-187,0.69,
sub-188,0.69,
sub-197,0.69,
sub-199,0.69,
sub-200,0.69,
sub-201,0.69,49.33953488372093
sub-208,0.69,50.76144578313253
sub-209,0.69,
sub-210,0.69,17.2
sub-212,0.69,
sub-215,0.69,41.3
sub-217,0.69,49.9
sub-219,0.69,
sub-220,0.69,
sub-224,0.69,
sub-229,0.69,
sub-230,0.69,
sub-001,0.92,
sub-003,0.92,
sub-012,0.92,50.808018867924524
sub-016,0.92,49.4
sub-021,0.92,49.2
sub-023,0.92,9.447619047619048
sub-024,0.92,
sub-027,0.92,
sub-028,0.92,
sub-029,0.92,
sub-031,0.92,38.1
sub-033,0.92,
sub-039,0.92,
sub-042,0.92,
sub-043,0.92,59.8
sub-044,0.92,6.9
sub-047,0.92,
sub-048,0.92,
sub-049,0.92,
sub-056,0.92,85.07590361445783
sub-060,0.92,
sub-062,0.92,
sub-063,0.92,1.9855421686746988
sub-064,0.92,99.5
sub-065,0.92,
sub-069,0.92,18.880722891566265
sub-076,0.92,
sub-078,0.92,53.606193078324225
sub-082,0.92,1.5857142857142859
sub-085,0.92,
sub-091,0.92,99.1
sub-092,0.92,
sub-094,0.92,
sub-097,0.92,
sub-100,0.92,
sub-102,0.92,49.5
sub-103,0.92,43.1
sub-104,0.92,
sub-108,0.92,47.5
sub-113,0.92,75.8
sub-114,0.92,
sub-115,0.92,27.0
sub-117,0.92,34.50952380952381
sub-118,0.92,48.3
sub-120,0.92,100.0
sub-126,0.92,
sub-127,0.92,0.2
sub-129,0.92,
sub-131,0.92,
sub-137,0.92,
sub-139,0.92,42.3
sub-140,0.92,
sub-146,0.92,71.2
sub-147,0.92,49.3
sub-148,0.92,
sub-152,0.92,46.082142857142856
sub-153,0.92,54.2
sub-157,0.92,
sub-159,0.92,
sub-160,0.92,75.7
sub-161,0.92,
sub-173,0.92,
sub-174,0.92,
sub-175,0.92,34.0
sub-177,0.92,
sub-179,0.92,
sub-180,0.92,71.48771929824562
sub-185,0.92,
sub-186,0.92,
sub-187,0.92,
sub-188,0.92,
sub-197,0.92,
sub-199,0.92,
sub-200,0.92,
sub-201,0.92,49.01517857142857
sub-208,0.92,49.7
sub-209,0.92,
sub-210,0.92,17.2
sub-212,0.92,
sub-215,0.92,41.3
sub-217,0.92,49.9
sub-219,0.92,
sub-220,0.92,
sub-224,0.92,
sub-229,0.92,
sub-230,0.92,
sub-001,1.15,99.2
sub-003,1.15,66.4
sub-012,1.15,50.371356783919595
sub-016,1.15,49.55
sub-021,1.15,49.2
sub-023,1.15,50.4421686746988
sub-024,1.15,38.5
sub-027,1.15,44.43214285714286
sub-028,1.15,
sub-029,1.15,
sub-031,1.15,37.102290076335876
sub-033,1.15,
sub-039,1.15,
sub-042,1.15,
sub-043,1.15,61.233333333333334
sub-044,1.15,6.583561643835616
sub-047,1.15,
sub-048,1.15,
sub-049,1.15,
sub-056,1.15,83.95421686746988
sub-060,1.15,
sub-062,1.15,
sub-063,1.15,0.819277108433735
sub-064,1.15,98.83855421686746
sub-065,1.15,
sub-069,1.15,11.574074074074074
sub-076,1.15,
sub-078,1.15,52.64262295081967
sub-082,1.15,1.3
sub-085,1.15,
sub-091,1.15,98.94578313253011
sub-092,1.15,19.458823529411763
sub-094,1.15,
sub-097,1.15,84.0
sub-100,1.15,
sub-102,1.15,49.2
sub-103,1.15,43.1
sub-104,1.15,
sub-108,1.15,49.05243902439024
sub-113,1.15,66.63023255813954
sub-114,1.15,
sub-115,1.15,20.271428571428572
sub-117,1.15,34.7
sub-118,1.15,48.3
sub-120,1.15,100.0
sub-126,1.15,100.0
sub-127,1.15,0.2
sub-129,1.15,
sub-131,1.15,
sub-137,1.15,
sub-139,1.15,42.3
sub-140,1.15,
sub-146,1.15,71.2
sub-147,1.15,40.61904761904762
sub-148,1.15,
sub-152,1.15,49.383529411764705
sub-153,1.15,55.41377551020408
sub-157,1.15,
sub-159,1.15,
sub-160,1.15,39.38915662650602
sub-161,1.15,26.0
sub-173,1.15,
sub-174,1.15,
sub-175,1.15,33.6
sub-177,1.15,
sub-179,1.15,
sub-180,1.15,71.55407407407408
sub-185,1.15,
sub-186,1.15,
sub-187,1.15,82.2
sub-188,1.15,
sub-197,1.15,
sub-199,1.15,
sub-200,1.15,
sub-201,1.15,49.23243243243243
sub-208,1.15,49.7
sub-209,1.15,37.2
sub-210,1.15,17.2
sub-212,1.15,
sub-215,1.15,41.3
sub-217,1.15,49.9
sub-219,1.15,96.9
sub-220,1.15,48.8
sub-224,1.15,
sub-229,1.15,
sub-230,1.15,
sub-001,1.38,99.82964824120603
sub-003,1.38,62.137
sub-012,1.38,50.3
sub-016,1.38,49.68955223880597
sub-021,1.38,49.73300970873786
sub-023,1.38,50.5
sub-024,1.38,44.49642857142857
sub-027,1.38,47.956626506024094
sub-028,1.38,
sub-029,1.38,
sub-031,1.38,36.6
sub-033,1.38,
sub-039,1.38,
sub-042,1.38,
sub-043,1.38,65.96941176470588
sub-044,1.38,3.984246575342466
sub-047,1.38,
sub-048,1.38,
sub-049,1.38,
sub-056,1.38,74.22530120481927
sub-060,1.38,
sub-062,1.38,
sub-063,1.38,0.6
sub-064,1.38,98.8
sub-065,1.38,
sub-069,1.38,7.5
sub-076,1.38,76.9
sub-078,1.38,51.67905282331512
sub-082,1.38,1.3
sub-085,1.38,11.7
sub-091,1.38,99.4
sub-092,1.38,19.2
sub-094,1.38,
sub-097,1.38,77.72235550708834
sub-100,1.38,
sub-102,1.38,49.25714285714286
sub-103,1.38,44.41190476190476
sub-104,1.38,99.7
sub-108,1.38,50.5
sub-113,1.38,61.16235294117647
sub-114,1.38,85.1
sub-115,1.38,17.1
sub-117,1.38,34.7
sub-118,1.38,48.95301204819277
sub-120,1.38,100.0
sub-126,1.38,100.0
sub-127,1.38,0.2
sub-129,1.38,
sub-131,1.38,
sub-137,1.38,
sub-139,1.38,42.3
sub-140,1.38,31.228048780487807
sub-146,1.38,71.2
sub-147,1.38,42.0722891566265
sub-148,1.38,
sub-152,1.38,50.6
sub-153,1.38,52.714795918367344
sub-157,1.38,
sub-159,1.38,
sub-160,1.38,37.6
sub-161,1.38,26.17142857142857
sub-173,1.38,
sub-174,1.38,
sub-175,1.38,33.6
sub-177,1.38,
sub-179,1.38,
sub-180,1.38,73.23333333333333
sub-185,1.38,
sub-186,1.38,
sub-187,1.38,75.73170731707317
sub-188,1.38,
sub-197,1.38,
sub-199,1.38,
sub-200,1.38,
sub-201,1.38,49.5
sub-208,1.38,49.923809523809524
sub-209,1.38,43.38181818181818
sub-210,1.38,17.2
sub-212,1.38,60.9
sub-215,1.38,21.807228915662648
sub-217,1.38,49.9
sub-219,1.38,95.60952380952381
sub-220,1.38,49.14337349397591
sub-224,1.38,26.717431192660552
sub-229,1.38,
sub-230,1.38,
sub-001,1.61,99.9
sub-003,1.61,49.521243523316066
sub-012,1.61,50.3
sub-016,1.61,49.7
sub-021,1.61,49.89
sub-023,1.61,50.5
sub-024,1.61,50.712345679012344
sub-027,1.61,48.93809523809524
sub-028,1.61,
sub-029,1.61,
sub-031,1.61,36.6
sub-033,1.61,
sub-039,1.61,
sub-042,1.61,
sub-043,1.61,69.06235294117647
sub-044,1.61,3.931081081081081
sub-047,1.61,
sub-048,1.61,
sub-049,1.61,
sub-056,1.61,60.033734939759036
sub-060,1.61,
sub-062,1.61,
sub-063,1.61,0.6
sub-064,1.61,97.93414634146342
sub-065,1.61,
sub-069,1.61,7.5
sub-076,1.61,71.48561643835617
sub-078,1.61,50.715482695810564
sub-082,1.61,1.3
sub-085,1.61,4.898645598194131
sub-091,1.61,99.4
sub-092,1.61,19.2
sub-094,1.61,
sub-097,1.61,70.9753544165758
sub-100,1.61,99.5
sub-102,1.61,49.666666666666664
sub-103,1.61,44.9
sub-104,1.61,99.4
sub-108,1.61,50.5
sub-113,1.61,53.544444444444444
sub-114,1.61,85.19944134078212
sub-115,1.61,13.587951807228915
sub-117,1.61,34.7
sub-118,1.61,49.32857142857143
sub-120,1.61,100.0
sub-126,1.61,100.0
sub-127,1.61,0.2
sub-129,1.61,
sub-131,1.61,
sub-137,1.61,
sub-139,1.61,42.3
sub-140,1.61,29.9
sub-146,1.61,71.2
sub-147,1.61,46.3392795883362
sub-148,1.61,
sub-152,1.61,50.2
sub-153,1.61,50.01581632653061
sub-157,1.61,
sub-159,1.61,
sub-160,1.61,32.542857142857144
sub-161,1.61,26.633333333333333
sub-173,1.61,
sub-174,1.61,
sub-175,1.61,33.6
sub-177,1.61,
sub-179,1.61,
sub-180,1.61,73.3
sub-185,1.61,
sub-186,1.61,
sub-187,1.61,74.86785714285715
sub-188,1.61,96.7
sub-197,1.61,68.3
sub-199,1.61,17.5
sub-200,1.61,
sub-201,1.61,49.5
sub-208,1.61,50.4
sub-209,1.61,44.3
sub-210,1.61,17.2
sub-212,1.61,60.9
sub-215,1.61,6.181350034794711
sub-217,1.61,49.9
sub-219,1.61,94.2
sub-220,1.61,27.110714285714284
sub-224,1.61,19.4
sub-229,1.61,
sub-230,1.61,
sub-001,1.84,99.9
sub-003,1.84,45.8
sub-012,1.84,50.3
sub-016,1.84,49.7
sub-021,1.84,50.97596153846154
sub-023,1.84,50.5
sub-024,1.84,52.15512820512821
sub-027,1.84,44.281176470588235
sub-028,1.84,
sub-029,1.84,
sub-031,1.84,36.6
sub-033,1.84,
sub-039,1.84,
sub-042,1.84,
sub-043,1.84,100.0
sub-044,1.84,4.284397163120567
sub-047,1.84,
sub-048,1.84,
sub-049,1.84,
sub-056,1.84,51.883132530120484
sub-060,1.84,
sub-062,1.84,14.2
sub-063,1.84,0.6
sub-064,1.84,97.8
sub-065,1.84,
sub-069,1.84,7.213253012048193
sub-076,1.84,66.60205479452055
sub-078,1.84,49.75191256830601
sub-082,1.84,1.3
sub-085,1.84,1.9392776523702038
sub-091,1.84,99.4
sub-092,1.84,19.2
sub-094,1.84,
sub-097,1.84,64.22835332606326
sub-100,1.84,99.4
sub-102,1.84,51.1
sub-103,1.84,45.3
sub-104,1.84,99.4
sub-108,1.84,50.5
sub-113,1.84,50.69634146341463
sub-114,1.84,85.22307692307693
sub-115,1.84,11.321428571428573
sub-117,1.84,34.7
sub-118,1.84,49.5
sub-120,1.84,100.0
sub-126,1.84,100.0
sub-127,1.84,0.3
sub-129,1.84,
sub-131,1.84,
sub-137,1.84,
sub-139,1.84,42.3
sub-140,1.84,29.833333333333332
sub-146,1.84,71.2
sub-147,1.84,47.443910806174955
sub-148,1.84,1.0
sub-152,1.84,50.2
sub-153,1.84,46.993589743589745
sub-157,1.84,94.8
sub-159,1.84,
sub-160,1.84,29.9
sub-161,1.84,26.7
sub-173,1.84,
sub-174,1.84,
sub-175,1.84,33.6
sub-177,1.84,
sub-179,1.84,
sub-180,1.84,73.00697674418605
sub-185,1.84,36.7
sub-186,1.84,
sub-187,1.84,74.8
sub-188,1.84,95.79213483146069
sub-197,1.84,66.56506024096386
sub-199,1.84,17.2
sub-200,1.84,
sub-201,1.84,49.5
sub-208,1.84,50.4
sub-209,1.84,44.3
sub-210,1.84,17.2
sub-212,1.84,60.9
sub-215,1.84,5.933263743910925
sub-217,1.84,49.9
sub-219,1.84,94.2
sub-220,1.84,17.6
sub-224,1.84,19.4
sub-229,1.84,
sub-230,1.84,
sub-001,2.07,99.9
sub-003,2.07,45.8
sub-012,2.07,50.122
sub-016,2.07,49.7
sub-021,2.07,52.301
sub-023,2.07,50.315662650602405
sub-024,2.07,52.4
sub-027,2.07,27.31341463414634
sub-028,2.07,
sub-029,2.07,
sub-031,2.07,36.38787878787879
sub-033,2.07,
sub-039,2.07,
sub-042,2.07,
sub-043,2.07,87.34767441860465
sub-044,2.07,4.5
sub-047,2.07,
sub-048,2.07,
sub-049,2.07,
sub-056,2.07,51.7
sub-060,2.07,
sub-062,2.07,9.139024390243902
sub-063,2.07,3.719512195121951
sub-064,2.07,97.8
sub-065,2.07,90.3
sub-069,2.07,2.1
sub-076,2.07,63.40833333333334
sub-078,2.07,51.113913043478256
sub-082,2.07,1.3
sub-085,2.07,1.0
sub-091,2.07,99.4
sub-092,2.07,19.2
sub-094,2.07,
sub-097,2.07,57.48135223555071
sub-100,2.07,99.4
sub-102,2.07,50.67738095238095
sub-103,2.07,45.890361445783135
sub-104,2.07,99.4
sub-108,2.07,50.5
sub-113,2.07,50.2
sub-114,2.07,85.2
sub-115,2.07,17.110714285714284
sub-117,2.07,34.7
sub-118,2.07,49.5
sub-120,2.07,100.0
sub-126,2.07,100.0
sub-127,2.07,2.3892857142857142
sub-129,2.07,
sub-131,2.07,
sub-137,2.07,
sub-139,2.07,42.3
sub-140,2.07,17.55542168674699
sub-146,2.07,71.2
sub-147,2.07,48.54854202401372
sub-148,2.07,5.2440476190476195
sub-152,2.07,50.1
sub-153,2.07,50.31818181818181
sub-157,2.07,91.6
sub-159,2.07,80.9
sub-160,2.07,28.278048780487804
sub-161,2.07,26.7
sub-173,2.07,
sub-174,2.07,
sub-175,2.07,33.6
sub-177,2.07,
sub-179,2.07,
sub-180,2.07,71.05
sub-185,2.07,32.36705882352941
sub-186,2.07,
sub-187,2.07,74.96666666666667
sub-188,2.07,83.34210526315789
sub-197,2.07,60.66626506024096
sub-199,2.07,17.2
sub-200,2.07,
sub-201,2.07,49.5
sub-208,2.07,50.4
sub-209,2.07,44.3
sub-210,2.07,17.2
sub-212,2.07,60.9
sub-215,2.07,5.68517745302714
sub-217,2.07,49.9
sub-219,2.07,94.2
sub-220,2.07,17.7
sub-224,2.07,19.4
sub-229,2.07,
sub-230,2.07,
sub-001,2.3,99.9
sub-003,2.3,45.8
sub-012,2.3,50.1
sub-016,2.3,49.7
sub-021,2.3,62.009090909090915
sub-023,2.3,49.4
sub-024,2.3,52.553333333333335
sub-027,2.3,27.3
sub-028,2.3,19.5
sub-029,2.3,
sub-031,2.3,31.73191489361702
sub-033,2.3,51.16265060240964
sub-039,2.3,
sub-042,2.3,
sub-043,2.3,64.30000000000001
sub-044,2.3,4.5
sub-047,2.3,
sub-048,2.3,
sub-049,2.3,
sub-056,2.3,51.19642857142857
sub-060,2.3,
sub-062,2.3,8.935802469135803
sub-063,2.3,4.564285714285714
sub-064,2.3,97.8
sub-065,2.3,49.77100591715977
sub-069,2.3,2.1
sub-076,2.3,63.04772727272727
sub-078,2.3,53.81391304347826
sub-082,2.3,1.3
sub-085,2.3,1.0
sub-091,2.3,99.4
sub-092,2.3,21.423255813953485
sub-094,2.3,
sub-097,2.3,56.9
sub-100,2.3,100.0
sub-102,2.3,49.5
sub-103,2.3,47.0
sub-104,2.3,66.43975903614458
sub-108,2.3,50.5
sub-113,2.3,50.2
sub-114,2.3,85.2
sub-115,2.3,28.455421686746988
sub-117,2.3,34.7
sub-118,2.3,49.5
sub-120,2.3,100.0
sub-126,2.3,100.0
sub-127,2.3,36.75
sub-129,2.3,
sub-131,2.3,
sub-137,2.3,
sub-139,2.3,42.3
sub-140,2.3,11.519277108433736
sub-146,2.3,71.2
sub-147,2.3,49.950602409638556
sub-148,2.3,21.0456
sub-152,2.3,50.0
sub-153,2.3,59.695238095238096
sub-157,2.3,52.48263473053892
sub-159,2.3,80.2
sub-160,2.3,25.3
sub-161,2.3,26.7
sub-173,2.3,
sub-174,2.3,
sub-175,2.3,33.6
sub-177,2.3,
sub-179,2.3,
sub-180,2.3,70.23396226415095
sub-185,2.3,32.3
sub-186,2.3,
sub-187,2.3,75.0
sub-188,2.3,83.2
sub-197,2.3,54.003571428571426
sub-199,2.3,17.2
sub-200,2.3,
sub-201,2.3,49.5
sub-208,2.3,57.106024096385546
sub-209,2.3,44.3
sub-210,2.3,17.2
sub-212,2.3,60.9
sub-215,2.3,5.437091162143354
sub-217,2.3,49.9
sub-219,2.3,94.2
sub-220,2.3,17.7
sub-224,2.3,19.4
sub-229,2.3,
sub-230,2.3,
sub-001,2.53,99.9
sub-003,2.53,45.8
sub-012,2.53,50.1
sub-016,2.53,49.7
sub-021,2.53,63.8
sub-023,2.53,49.4
sub-024,2.53,52.8
sub-027,2.53,27.3
sub-028,2.53,7.105299251870324
sub-029,2.53,
sub-031,2.53,27.302857142857142
sub-033,2.53,51.2
sub-039,2.53,
sub-042,2.53,75.1
sub-043,2.53,63.511428571428574
sub-044,2.53,4.5
sub-047,2.53,
sub-048,2.53,
sub-049,2.53,
sub-056,2.53,23.65301204819277
sub-060,2.53,
sub-062,2.53,11.119277108433735
sub-063,2.53,6.722619047619048
sub-064,2.53,97.8
sub-065,2.53,12.848427672955975
sub-069,2.53,2.1
sub-076,2.53,66.43975903614458
sub-078,2.53,53.42826086956522
sub-082,2.53,1.3
sub-085,2.53,1.0
sub-091,2.53,99.4
sub-092,2.53,21.9
sub-094,2.53,
sub-097,2.53,54.787951807228914
sub-100,2.53,100.0
sub-102,2.53,48.5
sub-103,2.53,50.3289156626506
sub-104,2.53,61.3
sub-108,2.53,72.27530864197531
sub-113,2.53,50.2
sub-114,2.53,85.24491978609626
sub-115,2.53,38.30833333333334
sub-117,2.53,34.9
sub-118,2.53,49.5
sub-120,2.53,100.0
sub-126,2.53,100.0
sub-127,2.53,86.66144578313252
sub-129,2.53,
sub-131,2.53,
sub-137,2.53,
sub-139,2.53,42.3
sub-140,2.53,13.519047619047619
sub-146,2.53,71.2
sub-147,2.53,50.1
sub-148,2.53,35.20120481927711
sub-152,2.53,48.792771084337346
sub-153,2.53,72.1012048192771
sub-157,2.53,36.70843373493976
sub-159,2.53,80.1
sub-160,2.53,24.263855421686745
sub-161,2.53,26.7
sub-173,2.53,
sub-174,2.53,
sub-175,2.53,35.13734939759036
sub-177,2.53,
sub-179,2.53,63.9
sub-180,2.53,70.35520000000001
sub-185,2.53,32.3
sub-186,2.53,0.5
sub-187,2.53,75.0
sub-188,2.53,83.09333333333333
sub-197,2.53,47.94642857142857
sub-199,2.53,17.2
sub-200,2.53,
sub-201,2.53,49.5
sub-208,2.53,58.1
sub-209,2.53,44.3
sub-210,2.53,17.2
sub-212,2.53,61.09529411764706
sub-215,2.53,5.189004871259568
sub-217,2.53,49.9
sub-219,2.53,94.73975903614458
sub-220,2.53,17.7
sub-224,2.53,19.4
sub-229,2.53,
sub-230,2.53,
sub-001,2.76,99.9
sub-003,2.76,45.8
sub-012,2.76,50.1
sub-016,2.76,49.7
sub-021,2.76,70.225
sub-023,2.76,33.94819277108434
sub-024,2.76,52.8
sub-027,2.76,27.3
sub-028,2.76,6.115897755610972
sub-029,2.76,97.8
sub-031,2.76,26.3
sub-033,2.76,61.10963855421687
sub-039,2.76,
sub-042,2.76,94.3
sub-043,2.76,62.722857142857144
sub-044,2.76,4.574204946996466
sub-047,2.76,93.6
sub-048,2.76,
sub-049,2.76,
sub-056,2.76,7.676510930132875
sub-060,2.76,
sub-062,2.76,40.239285714285714
sub-063,2.76,11.466265060240964
sub-064,2.76,97.8
sub-065,2.76,3.785185185185185
sub-069,2.76,2.1
sub-076,2.76,85.35555555555555
sub-078,2.76,67.26265060240964
sub-082,2.76,1.3
sub-085,2.76,2.281927710843373
sub-091,2.76,99.4
sub-092,2.76,21.9
sub-094,2.76,
sub-097,2.76,54.6
sub-100,2.76,100.0
sub-102,2.76,48.5
sub-103,2.76,57.1
sub-104,2.76,61.34268292682926
sub-108,2.76,86.97590361445782
sub-113,2.76,50.2
sub-114,2.76,86.42824858757062
sub-115,2.76,48.50240963855421
sub-117,2.76,34.9
sub-118,2.76,49.5
sub-120,2.76,20.397590361445783
sub-126,2.76,100.0
sub-127,2.76,96.1289156626506
sub-129,2.76,
sub-131,2.76,
sub-137,2.76,
sub-139,2.76,42.3
sub-140,2.76,24.20705882352941
sub-146,2.76,70.9
sub-147,2.76,50.1
sub-148,2.76,43.06071428571428
sub-152,2.76,41.778461538461535
sub-153,2.76,90.72758620689656
sub-157,2.76,44.20960960960961
sub-159,2.76,80.1
sub-160,2.76,24.2
sub-161,2.76,26.7
sub-173,2.76,
sub-174,2.76,
sub-175,2.76,36.63373493975904
sub-177,2.76,
sub-179,2.76,63.9
sub-180,2.76,71.33243243243244
sub-185,2.76,32.3
sub-186,2.76,0.5
sub-187,2.76,75.0
sub-188,2.76,78.3945054945055
sub-197,2.76,47.0
sub-199,2.76,17.2
sub-200,2.76,
sub-201,2.76,49.5
sub-208,2.76,58.1
sub-209,2.76,44.608823529411765
sub-210,2.76,17.2
sub-212,2.76,61.4
sub-215,2.76,4.940918580375783
sub-217,2.76,49.9
sub-219,2.76,100.0
sub-220,2.76,17.753932584269663
sub-224,2.76,19.4
sub-229,2.76,
sub-230,2.76,17.4
sub-001,2.99,99.9
sub-003,2.99,45.8
sub-012,2.99,50.1
sub-016,2.99,49.7
sub-021,2.99,71.3
sub-023,2.99,8.02142857142857
sub-024,2.99,52.83717948717948
sub-027,2.99,27.121686746987955
sub-028,2.99,5.126496259351621
sub-029,2.99,98.71428571428571
sub-031,2.99,26.3
sub-033,2.99,89.2
sub-039,2.99,
sub-042,2.99,94.3
sub-043,2.99,61.934285714285714
sub-044,2.99,4.6
sub-047,2.99,98.45833333333333
sub-048,2.99,
sub-049,2.99,
sub-056,2.99,6.996270895842263
sub-060,2.99,
sub-062,2.99,40.7
sub-063,2.99,15.40722891566265
sub-064,2.99,97.8
sub-065,2.99,86.21910828025477
sub-069,2.99,2.1
sub-076,2.99,100.0
sub-078,2.99,88.86464646464647
sub-082,2.99,1.3
sub-085,2.99,21.16987951807229
sub-091,2.99,99.4
sub-092,2.99,21.9
sub-094,2.99,
sub-097,2.99,54.6
sub-100,2.99,100.0
sub-102,2.99,48.5
sub-103,2.99,56.84761904761905
sub-104,2.99,77.55714285714286
sub-108,2.99,97.82857142857144
sub-113,2.99,50.2
sub-114,2.99,88.31098901098902
sub-115,2.99,54.6
sub-117,2.99,34.9
sub-118,2.99,49.5
sub-120,2.99,47.009756097560974
sub-126,2.99,100.0
sub-127,2.99,98.69879518072288
sub-129,2.99,
sub-131,2.99,45.38
sub-137,2.99,
sub-139,2.99,48.1
sub-140,2.99,32.68072289156626
sub-146,2.99,70.7
sub-147,2.99,50.1
sub-148,2.99,48.2719512195122
sub-152,2.99,36.824615384615385
sub-153,2.99,100.0
sub-157,2.99,51.73813813813814
sub-159,2.99,80.1
sub-160,2.99,24.2
sub-161,2.99,26.7
sub-173,2.99,
sub-174,2.99,
sub-175,2.99,42.424096385542164
sub-177,2.99,
sub-179,2.99,63.9
sub-180,2.99,71.8
sub-185,2.99,32.3
sub-186,2.99,0.5
sub-187,2.99,76.05714285714286
sub-188,2.99,77.5
sub-197,2.99,55.916666666666664
sub-199,2.99,17.2
sub-200,2.99,
sub-201,2.99,49.5
sub-208,2.99,58.1
sub-209,2.99,54.85454545454545
sub-210,2.99,17.2
sub-212,2.99,54.727710843373494
sub-215,2.99,4.692832289491997
sub-217,2.99,49.9
sub-219,2.99,100.0
sub-220,2.99,19.57831325301205
sub-224,2.99,19.451136363636362
sub-229,2.99,
sub-230,2.99,17.26754716981132
sub-001,3.22,99.9
sub-003,3.22,45.8
sub-012,3.22,50.03582089552239
sub-016,3.22,49.7
sub-021,3.22,74.16060606060606
sub-023,3.22,4.728571428571428
sub-024,3.22,53.2
sub-027,3.22,27.0
sub-028,3.22,4.137094763092269
sub-029,3.22,99.50731707317073
sub-031,3.22,26.3
sub-033,3.22,97.08292682926829
sub-039,3.22,21.70843373493976
sub-042,3.22,94.3
sub-043,3.22,61.145714285714284
sub-044,3.22,4.6
sub-047,3.22,100.0
sub-048,3.22,
sub-049,3.22,45.0
sub-056,3.22,6.31603086155165
sub-060,3.22,
sub-062,3.22,45.31951219512195
sub-063,3.22,19.460240963855423
sub-064,3.22,97.8
sub-065,3.22,98.88
sub-069,3.22,2.357142857142857
sub-076,3.22,100.0
sub-078,3.22,92.9
sub-082,3.22,1.3
sub-085,3.22,37.958241758241755
sub-091,3.22,99.4
sub-092,3.22,21.9
sub-094,3.22,
sub-097,3.22,54.6
sub-100,3.22,100.0
sub-102,3.22,49.16506024096386
sub-103,3.22,56.73571428571429
sub-104,3.22,79.19493670886077
sub-108,3.22,99.5
sub-113,3.22,50.2
sub-114,3.22,89.77783505154639
sub-115,3.22,57.423809523809524
sub-117,3.22,34.9
sub-118,3.22,49.5
sub-120,3.22,68.8202380952381
sub-126,3.22,100.0
sub-127,3.22,100.0
sub-129,3.22,
sub-131,3.22,43.85432098765432
sub-137,3.22,
sub-139,3.22,48.1
sub-140,3.22,32.8
sub-146,3.22,70.7
sub-147,3.22,50.1
sub-148,3.22,49.48552631578947
sub-152,3.22,31.870769230769227
sub-153,3.22,100.0
sub-157,3.22,73.312
sub-159,3.22,80.1
sub-160,3.22,28.848809523809525
sub-161,3.22,26.7
sub-173,3.22,
sub-174,3.22,
sub-175,3.22,49.46904761904762
sub-177,3.22,
sub-179,3.22,65.67448275862068
sub-180,3.22,71.66238532110091
sub-185,3.22,32.3
sub-186,3.22,0.5
sub-187,3.22,81.0
sub-188,3.22,77.5
sub-197,3.22,61.56428571428572
sub-199,3.22,17.2
sub-200,3.22,49.9
sub-201,3.22,58.61084337349397
sub-208,3.22,75.4857142857143
sub-209,3.22,61.053030303030305
sub-210,3.22,17.2
sub-212,3.22,49.1
sub-215,3.22,4.444745998608211
sub-217,3.22,49.9
sub-219,3.22,100.0
sub-220,3.22,20.2
sub-224,3.22,21.0
sub-229,3.22,
sub-230,3.22,17.03857677902622
sub-001,3.45,99.9
sub-003,3.45,45.8
sub-012,3.45,50.0
sub-016,3.45,49.7
sub-021,3.45,75.1010101010101
sub-023,3.45,3.211904761904762
sub-024,3.45,53.3
sub-027,3.45,27.0
sub-028,3.45,3.147693266832918
sub-029,3.45,100.0
sub-031,3.45,26.3
sub-033,3.45,100.0
sub-039,3.45,20.267857142857142
sub-042,3.45,94.3
sub-043,3.45,60.357142857142854
sub-044,3.45,4.6
sub-047,3.45,100.0
sub-048,3.45,
sub-049,3.45,37.58375
sub-056,3.45,5.635790827261037
sub-060,3.45,
sub-062,3.45,49.514634146341464
sub-063,3.45,20.50963855421687
sub-064,3.45,97.8
sub-065,3.45,100.0
sub-069,3.45,2.6
sub-076,3.45,100.0
sub-078,3.45,93.00721649484537
sub-082,3.45,1.3
sub-085,3.45,46.78921568627451
sub-091,3.45,99.4
sub-092,3.45,21.9
sub-094,3.45,
sub-097,3.45,54.6
sub-100,3.45,100.0
sub-102,3.45,49.681927710843375
sub-103,3.45,61.20952380952381
sub-104,3.45,97.93253012048193
sub-108,3.45,99.5
sub-113,3.45,50.2
sub-114,3.45,89.9
sub-115,3.45,58.31428571428572
sub-117,3.45,34.9
sub-118,3.45,49.5
sub-120,3.45,100.0
sub-126,3.45,99.77317073170732
sub-127,3.45,100.0
sub-129,3.45,
sub-131,3.45,43.6
sub-137,3.45,2.1
sub-139,3.45,49.4
sub-140,3.45,33.66024096385542
sub-146,3.45,70.7
sub-147,3.45,49.27590361445783
sub-148,3.45,49.93253012048193
sub-152,3.45,31.50952380952381
sub-153,3.45,100.0
sub-157,3.45,95.392
sub-159,3.45,80.1
sub-160,3.45,43.26867469879518
sub-161,3.45,26.7
sub-173,3.45,
sub-174,3.45,
sub-175,3.45,50.5
sub-177,3.45,
sub-179,3.45,75.4
sub-180,3.45,66.00638297872341
sub-185,3.45,33.31807228915663
sub-186,3.45,0.5
sub-187,3.45,80.95952380952382
sub-188,3.45,100.0
sub-197,3.45,66.87142857142857
sub-199,3.45,17.2
sub-200,3.45,54.40238095238095
sub-201,3.45,65.5433734939759
sub-208,3.45,88.16867469879517
sub-209,3.45,67.3469696969697
sub-210,3.45,18.12142857142857
sub-212,3.45,49.1
sub-215,3.45,4.196659707724425
sub-217,3.45,49.9
sub-219,3.45,100.0
sub-220,3.45,27.801204819277107
sub-224,3.45,22.973809523809525
sub-229,3.45,
sub-230,3.45,16.883394833948337
sub-001,3.68,99.9
sub-003,3.68,45.8
sub-012,3.68,50.0
sub-016,3.68,49.7
sub-021,3.68,75.04
sub-023,3.68,35.88333333333333
sub-024,3.68,53.27792207792208
sub-027,3.68,27.0
sub-028,3.68,2.158291770573566
sub-029,3.68,100.0
sub-031,3.68,26.3
sub-033,3.68,100.0
sub-039,3.68,17.851764705882353
sub-042,3.68,97.9
sub-043,3.68,59.56857142857143
sub-044,3.68,4.6
sub-047,3.68,100.0
sub-048,3.68,
sub-049,3.68,22.45774647887324
sub-056,3.68,4.955550792970424
sub-060,3.68,
sub-062,3.68,50.0
sub-063,3.68,21.433734939759034
sub-064,3.68,97.8
sub-065,3.68,100.0
sub-069,3.68,2.6
sub-076,3.68,100.0
sub-078,3.68,96.2
sub-082,3.68,1.3
sub-085,3.68,47.92857142857143
sub-091,3.68,99.4
sub-092,3.68,21.9
sub-094,3.68,
sub-097,3.68,54.5
sub-100,3.68,100.0
sub-102,3.68,49.8
sub-103,3.68,64.60240963855422
sub-104,3.68,100.0
sub-108,3.68,99.5
sub-113,3.68,50.2
sub-114,3.68,89.9
sub-115,3.68,59.24337349397591
sub-117,3.68,34.9
sub-118,3.68,49.5
sub-120,3.68,100.0
sub-126,3.68,98.8
sub-127,3.68,100.0
sub-129,3.68,
sub-131,3.68,43.6
sub-137,3.68,0.5662650602409638
sub-139,3.68,49.4
sub-140,3.68,43.29
sub-146,3.68,70.7
sub-147,3.68,48.5
sub-148,3.68,50.0
sub-152,3.68,32.6
sub-153,3.68,100.0
sub-157,3.68,100.0
sub-159,3.68,80.1
sub-160,3.68,51.23855421686747
sub-161,3.68,27.0
sub-173,3.68,
sub-174,3.68,20.1
sub-175,3.68,50.5
sub-177,3.68,
sub-179,3.68,75.4
sub-180,3.68,54.142857142857146
sub-185,3.68,41.9144578313253
sub-186,3.68,0.5
sub-187,3.68,80.7
sub-188,3.68,100.0
sub-197,3.68,75.46666666666667
sub-199,3.68,17.2
sub-200,3.68,58.36666666666667
sub-201,3.68,71.00476190476189
sub-208,3.68,97.63493975903614
sub-209,3.68,71.15151515151514
sub-210,3.68,18.616666666666667
sub-212,3.68,49.2
sub-215,3.68,3.94857341684064
sub-217,3.68,49.9
sub-219,3.68,100.0
sub-220,3.68,29.1
sub-224,3.68,23.2
sub-229,3.68,
sub-230,3.68,17.059722222222224
sub-001,3.91,99.9
sub-003,3.91,45.8
sub-012,3.91,50.0
sub-016,3.91,49.7
sub-021,3.91,72.87821782178219
sub-023,3.91,46.69879518072289
sub-024,3.91,53.2
sub-027,3.91,26.90705882352941
sub-028,3.91,1.1688902743142142
sub-029,3.91,100.0
sub-031,3.91,27.76896551724138
sub-033,3.91,100.0
sub-039,3.91,15.934146341463414
sub-042,3.91,97.9
sub-043,3.91,58.78
sub-044,3.91,4.6
sub-047,3.91,100.0
sub-048,3.91,
sub-049,3.91,20.8
sub-056,3.91,4.275310758679812
sub-060,3.91,
sub-062,3.91,50.0
sub-063,3.91,21.792857142857144
sub-064,3.91,97.8
sub-065,3.91,100.0
sub-069,3.91,3.481707317073171
sub-076,3.91,100.0
sub-078,3.91,96.58571428571429
sub-082,3.91,1.3
sub-085,3.91,48.4
sub-091,3.91,99.4
sub-092,3.91,21.897647058823527
sub-094,3.91,
sub-097,3.91,68.36265060240963
sub-100,3.91,100.0
sub-102,3.91,49.8
sub-103,3.91,68.02771084337348
sub-104,3.91,100.0
sub-108,3.91,99.3
sub-113,3.91,50.2
sub-114,3.91,89.9
sub-115,3.91,59.5
sub-117,3.91,34.9
sub-118,3.91,49.5
sub-120,3.91,100.0
sub-126,3.91,98.8
sub-127,3.91,100.0
sub-129,3.91,
sub-131,3.91,43.6
sub-137,3.91,0.2
sub-139,3.91,49.7
sub-140,3.91,48.81428571428572
sub-146,3.91,70.7
sub-147,3.91,48.5
sub-148,3.91,50.0
sub-152,3.91,30.428571428571427
sub-153,3.91,100.0
sub-157,3.91,100.0
sub-159,3.91,80.1
sub-160,3.91,55.344
sub-161,3.91,27.0
sub-173,3.91,
sub-174,3.91,26.663414634146342
sub-175,3.91,50.5
sub-177,3.91,99.5
sub-179,3.91,77.19166666666668
sub-180,3.91,57.760975609756095
sub-185,3.91,46.25
sub-186,3.91,0.5
sub-187,3.91,80.7
sub-188,3.91,100.0
sub-197,3.91,83.0698795180723
sub-199,3.91,17.2
sub-200,3.91,73.94024024024024
sub-201,3.91,73.5
sub-208,3.91,99.47831325301205
sub-209,3.91,71.3
sub-210,3.91,18.79277108433735
sub-212,3.91,49.11234567901235
sub-215,3.91,3.7004871259568546
sub-217,3.91,49.9
sub-219,3.91,100.0
sub-220,3.91,29.1
sub-224,3.91,23.2
sub-229,3.91,
sub-230,3.91,31.993750000000002
sub-001,4.14,99.9
sub-003,4.14,45.8
sub-012,4.14,50.02311557788945
sub-016,4.14,49.7
sub-021,4.14,72.5
sub-023,4.14,51.8433734939759
sub-024,4.14,53.2
sub-027,4.14,26.9
sub-028,4.14,5.115294117647059
sub-029,4.14,100.0
sub-031,4.14,37.733333333333334
sub-033,4.14,100.0
sub-039,4.14,14.995180722891567
sub-042,4.14,97.9
sub-043,4.14,63.11666666666667
sub-044,4.14,4.6
sub-047,4.14,100.0
sub-048,4.14,
sub-049,4.14,20.8
sub-056,4.14,3.595070724389198
sub-060,4.14,
sub-062,4.14,50.0
sub-063,4.14,22.0
sub-064,4.14,97.8
sub-065,4.14,100.0
sub-069,4.14,5.536585365853658
sub-076,4.14,100.0
sub-078,4.14,96.65154639175258
sub-082,4.14,1.3
sub-085,4.14,49.982926829268294
sub-091,4.14,99.4
sub-092,4.14,20.332941176470587
sub-094,4.14,
sub-097,4.14,75.29397590361445
sub-100,4.14,100.0
sub-102,4.14,49.8
sub-103,4.14,73.71566265060241
sub-104,4.14,100.0
sub-108,4.14,98.5142857142857
sub-113,4.14,50.2
sub-114,4.14,89.9
sub-115,4.14,53.77590361445783
sub-117,4.14,34.9
sub-118,4.14,49.5
sub-120,4.14,100.0
sub-126,4.14,98.8
sub-127,4.14,100.0
sub-129,4.14,51.5
sub-131,4.14,43.6
sub-137,4.14,0.2
sub-139,4.14,49.7
sub-140,4.14,52.13617021276596
sub-146,4.14,70.7
sub-147,4.14,48.5
sub-148,4.14,50.0
sub-152,4.14,27.387951807228916
sub-153,4.14,100.0
sub-157,4.14,97.9702380952381
sub-159,4.14,80.1
sub-160,4.14,57.851
sub-161,4.14,27.13975903614458
sub-173,4.14,
sub-174,4.14,36.25238095238095
sub-175,4.14,50.5
sub-177,4.14,99.3
sub-179,4.14,87.3
sub-180,4.14,69.91355932203389
sub-185,4.14,48.50952380952381
sub-186,4.14,0.5
sub-187,4.14,80.7
sub-188,4.14,100.0
sub-197,4.14,89.27469879518073
sub-199,4.14,17.2
sub-200,4.14,85.78558558558558
sub-201,4.14,73.5
sub-208,4.14,99.9
sub-209,4.14,71.3
sub-210,4.14,19.23809523809524
sub-212,4.14,38.05714285714286
sub-215,4.14,3.452400835073069
sub-217,4.14,49.9
sub-219,4.14,100.0
sub-220,4.14,31.702380952380953
sub-224,4.14,23.2
sub-229,4.14,
sub-230,4.14,57.20225563909774
sub-001,4.37,99.9
sub-003,4.37,51.6636815920398
sub-012,4.37,50.1
sub-016,4.37,49.7
sub-021,4.37,72.5
sub-023,4.37,50.02168674698795
sub-024,4.37,53.2
sub-027,4.37,26.855421686746986
sub-028,4.37,6.9
sub-029,4.37,100.0
sub-031,4.37,44.59718309859155
sub-033,4.37,100.0
sub-039,4.37,13.242857142857144
sub-042,4.37,97.9
sub-043,4.37,65.5
sub-044,4.37,4.6
sub-047,4.37,100.0
sub-048,4.37,
sub-049,4.37,19.166176470588237
sub-056,4.37,2.9148306900985848
sub-060,4.37,
sub-062,4.37,50.0
sub-063,4.37,22.1
sub-064,4.37,97.8
sub-065,4.37,100.0
sub-069,4.37,5.6
sub-076,4.37,100.0
sub-078,4.37,93.9
sub-082,4.37,1.3
sub-085,4.37,50.5
sub-091,4.37,99.4
sub-092,4.37,16.791666666666668
sub-094,4.37,
sub-097,4.37,80.3
sub-100,4.37,100.0
sub-102,4.37,49.8
sub-103,4.37,84.91325301204819
sub-104,4.37,100.0
sub-108,4.37,98.0
sub-113,4.37,50.2
sub-114,4.37,89.9
sub-115,4.37,52.65783132530121
sub-117,4.37,34.9
sub-118,4.37,49.5
sub-120,4.37,100.0
sub-126,4.37,98.7
sub-127,4.37,100.0
sub-129,4.37,51.3
sub-131,4.37,41.25365853658536
sub-137,4.37,0.2
sub-139,4.37,52.7
sub-140,4.37,52.2
sub-146,4.37,70.7
sub-147,4.37,48.5
sub-148,4.37,50.0
sub-152,4.37,25.46867469879518
sub-153,4.37,100.0
sub-157,4.37,97.84698795180724
sub-159,4.37,80.1
sub-160,4.37,60.358000000000004
sub-161,4.37,27.2
sub-173,4.37,
sub-174,4.37,47.25357142857143
sub-175,4.37,50.5
sub-177,4.37,99.3
sub-179,4.37,87.3
sub-180,4.37,79.6272
sub-185,4.37,49.0
sub-186,4.37,0.5
sub-187,4.37,80.6
sub-188,4.37,100.0
sub-197,4.37,93.19036144578314
sub-199,4.37,17.2
sub-200,4.37,97.63093093093093
sub-201,4.37,74.355421686747
sub-208,4.37,99.9
sub-209,4.37,71.3
sub-210,4.37,19.3
sub-212,4.37,21.20240963855422
sub-215,4.37,3.204314544189283
sub-217,4.37,49.9
sub-219,4.37,100.0
sub-220,4.37,32.7
sub-224,4.37,25.1
sub-229,4.37,
sub-230,4.37,68.3
sub-001,4.6,99.9
sub-003,4.6,57.362686567164175
sub-012,4.6,50.1
sub-016,4.6,49.7
sub-021,4.6,72.5
sub-023,4.6,49.72048192771084
sub-024,4.6,53.20128205128206
sub-027,4.6,26.8
sub-028,4.6,6.9
sub-029,4.6,100.0
sub-031,4.6,48.46
sub-033,4.6,100.0
sub-039,4.6,12.6
sub-042,4.6,98.81927710843372
sub-043,4.6,44.9566265060241
sub-044,4.6,4.717253521126761
sub-047,4.6,100.0
sub-048,4.6,
sub-049,4.6,17.966666666666665
sub-056,4.6,2.2345906558079722
sub-060,4.6,98.8
sub-062,4.6,50.0
sub-063,4.6,22.1
sub-064,4.6,98.43414634146342
sub-065,4.6,100.0
sub-069,4.6,5.6
sub-076,4.6,100.0
sub-078,4.6,93.9
sub-082,4.6,1.3
sub-085,4.6,50.244578313253015
sub-091,4.6,99.4
sub-092,4.6,15.669411764705881
sub-094,4.6,
sub-097,4.6,80.3
sub-100,4.6,100.0
sub-102,4.6,49.8
sub-103,4.6,91.42048192771085
sub-104,4.6,100.0
sub-108,4.6,98.0
sub-113,4.6,50.2
sub-114,4.6,89.9
sub-115,4.6,52.6
sub-117,4.6,34.9
sub-118,4.6,49.5
sub-120,4.6,100.0
sub-126,4.6,100.0
sub-127,4.6,100.0
sub-129,4.6,51.3
sub-131,4.6,40.19058823529412
sub-137,4.6,0.2
sub-139,4.6,53.14642857142857
sub-140,4.6,52.2
sub-146,4.6,70.7
sub-147,4.6,48.5
sub-148,4.6,50.0
sub-152,4.6,23.07831325301205
sub-153,4.6,100.0
sub-157,4.6,97.9
sub-159,4.6,80.1
sub-160,4.6,62.865
sub-161,4.6,27.2
sub-173,4.6,
sub-174,4.6,52.2
sub-175,4.6,50.5
sub-177,4.6,99.3
sub-179,4.6,87.3
sub-180,4.6,84.34803149606299
sub-185,4.6,49.0
sub-186,4.6,0.5
sub-187,4.6,80.6
sub-188,4.6,100.0
sub-197,4.6,94.4
sub-199,4.6,17.2
sub-200,4.6,100.0
sub-201,4.6,77.47590361445783
sub-208,4.6,99.9
sub-209,4.6,71.3
sub-210,4.6,19.3
sub-212,4.6,19.7
sub-215,4.6,2.9562282533054973
sub-217,4.6,49.9
sub-219,4.6,100.0
sub-220,4.6,32.7
sub-224,4.6,25.1
sub-229,4.6,
sub-230,4.6,68.3
sub-001,4.83,99.9
sub-003,4.83,58.8
sub-012,4.83,50.1
sub-016,4.83,49.7
sub-021,4.83,72.766
sub-023,4.83,49.9
sub-024,4.83,53.3
sub-027,4.83,26.8
sub-028,4.83,6.9
sub-029,4.83,100.0
sub-031,4.83,49.566187050359716
sub-033,4.83,100.0
sub-039,4.83,12.6
sub-042,4.83,100.0
sub-043,4.83,40.15058400718778
sub-044,4.83,5.201056338028169
sub-047,4.83,100.0
sub-048,4.83,
sub-049,4.83,17.8
sub-056,4.83,1.5543506215173588
sub-060,4.83,96.45
sub-062,4.83,50.0
sub-063,4.83,22.1
sub-064,4.83,99.98571428571428
sub-065,4.83,100.0
sub-069,4.83,5.6
sub-076,4.83,100.0
sub-078,4.83,93.9
sub-082,4.83,1.3
sub-085,4.83,50.2
sub-091,4.83,99.4
sub-092,4.83,15.5
sub-094,4.83,
sub-097,4.83,80.3
sub-100,4.83,100.0
sub-102,4.83,49.8
sub-103,4.83,92.47831325301205
sub-104,4.83,100.0
sub-108,4.83,98.0
sub-113,4.83,50.2
sub-114,4.83,89.9
sub-115,4.83,52.6
sub-117,4.83,34.9
sub-118,4.83,49.5
sub-120,4.83,100.0
sub-126,4.83,100.0
sub-127,4.83,99.72530120481927
sub-129,4.83,51.05274725274725
sub-131,4.83,39.121686746987955
sub-137,4.83,0.2
sub-139,4.83,53.2
sub-140,4.83,52.2
sub-146,4.83,70.7
sub-147,4.83,48.5
sub-148,4.83,50.0
sub-152,4.83,21.392857142857142
sub-153,4.83,100.0
sub-157,4.83,97.9
sub-159,4.83,80.1
sub-160,4.83,63.329268292682926
sub-161,4.83,27.2
sub-173,4.83,
sub-174,4.83,52.2
sub-175,4.83,50.5
sub-177,4.83,99.3
sub-179,4.83,87.3
sub-180,4.83,88.70181818181818
sub-185,4.83,49.0
sub-186,4.83,0.5
sub-187,4.83,80.6
sub-188,4.83,100.0
sub-197,4.83,95.47142857142858
sub-199,4.83,17.2
sub-200,4.83,100.0
sub-201,4.83,79.74698795180723
sub-208,4.83,99.9
sub-209,4.83,71.3
sub-210,4.83,19.3
sub-212,4.83,20.141860465116277
sub-215,4.83,2.7081419624217116
sub-217,4.83,49.9
sub-219,4.83,100.0
sub-220,4.83,32.8
sub-224,4.83,25.1
sub-229,4.83,
sub-230,4.83,68.33507462686568
sub-001,5.06,99.9
sub-003,5.06,58.8
sub-012,5.06,50.1
sub-016,5.06,49.7
sub-021,5.06,73.404
sub-023,5.06,50.2
sub-024,5.06,53.3
sub-027,5.06,26.8
sub-028,5.06,6.6
sub-029,5.06,100.0
sub-031,5.06,53.82283464566929
sub-033,5.06,100.0
sub-039,5.06,12.6
sub-042,5.06,100.0
sub-043,5.06,44.22156334231806
sub-044,5.06,6.447959183673469
sub-047,5.06,100.0
sub-048,5.06,
sub-049,5.06,17.8
sub-056,5.06,7.059523809523809
sub-060,5.06,89.12534246575342
sub-062,5.06,50.0
sub-063,5.06,22.1
sub-064,5.06,100.0
sub-065,5.06,100.0
sub-069,5.06,5.6
sub-076,5.06,100.0
sub-078,5.06,93.9
sub-082,5.06,1.3
sub-085,5.06,50.21829268292683
sub-091,5.06,99.4
sub-092,5.06,15.5
sub-094,5.06,
sub-097,5.06,80.3
sub-100,5.06,100.0
sub-102,5.06,49.8
sub-103,5.06,92.64457831325302
sub-104,5.06,100.0
sub-108,5.06,98.0
sub-113,5.06,50.2
sub-114,5.06,89.9
sub-115,5.06,52.6
sub-117,5.06,34.9
sub-118,5.06,49.5
sub-120,5.06,100.0
sub-126,5.06,100.0
sub-127,5.06,99.63333333333333
sub-129,5.06,50.3
sub-131,5.06,39.1
sub-137,5.06,0.2
sub-139,5.06,53.2
sub-140,5.06,52.2
sub-146,5.06,70.7
sub-147,5.06,48.5
sub-148,5.06,50.0
sub-152,5.06,19.48641975308642
sub-153,5.06,100.0
sub-157,5.06,97.9
sub-159,5.06,80.1
sub-160,5.06,62.0
sub-161,5.06,27.2
sub-173,5.06,
sub-174,5.06,52.2
sub-175,5.06,50.5
sub-177,5.06,99.3
sub-179,5.06,87.3
sub-180,5.06,89.25357142857143
sub-185,5.06,49.274157303370785
sub-186,5.06,0.5
sub-187,5.06,80.6
sub-188,5.06,100.0
sub-197,5.06,97.15060240963855
sub-199,5.06,17.2
sub-200,5.06,100.0
sub-201,5.06,81.19285714285714
sub-208,5.06,99.9
sub-209,5.06,71.3
sub-210,5.06,18.58214285714286
sub-212,5.06,21.965853658536584
sub-215,5.06,2.4600556715379263
sub-217,5.06,49.9
sub-219,5.06,100.0
sub-220,5.06,32.8
sub-224,5.06,25.74
sub-229,5.06,
sub-230,5.06,68.5
sub-001,5.29,99.9
sub-003,5.29,58.8
sub-012,5.29,50.199000000000005
sub-016,5.29,49.7
sub-021,5.29,73.8
sub-023,5.29,50.2
sub-024,5.29,53.3
sub-027,5.29,26.8
sub-028,5.29,6.6
sub-029,5.29,100.0
sub-031,5.29,58.845454545454544
sub-033,5.29,100.0
sub-039,5.29,12.6
sub-042,5.29,100.0
sub-043,5.29,48.29254267744834
sub-044,5.29,10.124829931972789
sub-047,5.29,100.0
sub-048,5.29,
sub-049,5.29,17.8625
sub-056,5.29,17.635714285714286
sub-060,5.29,71.32397260273973
sub-062,5.29,63.436231884057975
sub-063,5.29,25.490361445783133
sub-064,5.29,100.0
sub-065,5.29,100.0
sub-069,5.29,6.2
sub-076,5.29,100.0
sub-078,5.29,93.9
sub-082,5.29,1.3
sub-085,5.29,52.08313253012048
sub-091,5.29,99.4
sub-092,5.29,15.5
sub-094,5.29,44.05542168674699
sub-097,5.29,80.3
sub-100,5.29,100.0
sub-102,5.29,49.8
sub-103,5.29,93.13734939759036
sub-104,5.29,100.0
sub-108,5.29,98.0
sub-113,5.29,50.2
sub-114,5.29,89.9
sub-115,5.29,52.6
sub-117,5.29,34.9
sub-118,5.29,49.5
sub-120,5.29,100.0
sub-126,5.29,100.0
sub-127,5.29,99.3
sub-129,5.29,49.62307692307692
sub-131,5.29,38.67619047619047
sub-137,5.29,0.2
sub-139,5.29,53.2
sub-140,5.29,52.2
sub-146,5.29,70.7
sub-147,5.29,48.5
sub-148,5.29,50.0
sub-152,5.29,19.5
sub-153,5.29,100.0
sub-157,5.29,97.9
sub-159,5.29,80.1
sub-160,5.29,62.0
sub-161,5.29,27.2
sub-173,5.29,
sub-174,5.29,52.2
sub-175,5.29,50.5
sub-177,5.29,99.3
sub-179,5.29,87.3
sub-180,5.29,89.38846153846154
sub-185,5.29,50.1
sub-186,5.29,0.5
sub-187,5.29,80.6
sub-188,5.29,100.0
sub-197,5.29,98.73928571428571
sub-199,5.29,17.274626865671642
sub-200,5.29,100.0
sub-201,5.29,82.95833333333333
sub-208,5.29,99.9
sub-209,5.29,71.3
sub-210,5.29,17.851190476190474
sub-212,5.29,22.0
sub-215,5.29,2.21196938065414
sub-217,5.29,49.9
sub-219,5.29,100.0
sub-220,5.29,32.8
sub-224,5.29,26.1
sub-229,5.29,
sub-230,5.29,68.5
sub-001,5.52,99.9
sub-003,5.52,58.8
sub-012,5.52,53.16130653266332
sub-016,5.52,49.7
sub-021,5.52,73.8
sub-023,5.52,50.2
sub-024,5.52,53.3
sub-027,5.52,25.75
sub-028,5.52,6.6
sub-029,5.52,100.0
sub-031,5.52,66.00073529411765
sub-033,5.52,100.0
sub-039,5.52,12.6
sub-042,5.52,100.0
sub-043,5.52,52.36352201257862
sub-044,5.52,14.015845070422536
sub-047,5.52,100.0
sub-048,5.52,92.6
sub-049,5.52,18.6
sub-056,5.52,30.375
sub-060,5.52,53.6
sub-062,5.52,76.9
sub-063,5.52,28.553012048192773
sub-064,5.52,100.0
sub-065,5.52,100.0
sub-069,5.52,5.714285714285714
sub-076,5.52,100.0
sub-078,5.52,93.9
sub-082,5.52,1.3
sub-085,5.52,52.9
sub-091,5.52,99.4
sub-092,5.52,15.5
sub-094,5.52,49.53214285714286
sub-097,5.52,80.3
sub-100,5.52,100.0
sub-102,5.52,49.8
sub-103,5.52,93.6
sub-104,5.52,100.0
sub-108,5.52,98.0
sub-113,5.52,50.2
sub-114,5.52,89.9
sub-115,5.52,52.559036144578315
sub-117,5.52,34.9
sub-118,5.52,49.5
sub-120,5.52,100.0
sub-126,5.52,100.0
sub-127,5.52,100.0
sub-129,5.52,48.8
sub-131,5.52,38.34285714285714
sub-137,5.52,0.2
sub-139,5.52,53.2
sub-140,5.52,52.2
sub-146,5.52,70.7
sub-147,5.52,48.5
sub-148,5.52,50.0
sub-152,5.52,18.897590361445783
sub-153,5.52,100.0
sub-157,5.52,97.9
sub-159,5.52,80.1
sub-160,5.52,62.0
sub-161,5.52,27.2
sub-173,5.52,
sub-174,5.52,52.2
sub-175,5.52,50.5
sub-177,5.52,99.3
sub-179,5.52,87.3
sub-180,5.52,89.99292929292929
sub-185,5.52,50.1
sub-186,5.52,0.5
sub-187,5.52,80.6
sub-188,5.52,100.0
sub-197,5.52,99.4
sub-199,5.52,17.4
sub-200,5.52,100.0
sub-201,5.52,83.0
sub-208,5.52,99.9
sub-209,5.52,71.3
sub-210,5.52,17.103614457831323
sub-212,5.52,22.0
sub-215,5.52,1.9638830897703548
sub-217,5.52,49.9
sub-219,5.52,100.0
sub-220,5.52,32.8
sub-224,5.52,26.1
sub-229,5.52,
sub-230,5.52,69.27902621722846
sub-001,5.75,99.9
sub-003,5.75,58.8
sub-012,5.75,57.31741293532338
sub-016,5.75,49.7
sub-021,5.75,73.8
sub-023,5.75,49.9
sub-024,5.75,53.4
sub-027,5.75,25.2
sub-028,5.75,6.6
sub-029,5.75,100.0
sub-031,5.75,68.30985915492958
sub-033,5.75,100.0
sub-039,5.75,12.6
sub-042,5.75,100.0
sub-043,5.75,56.434501347708895
sub-044,5.75,13.970588235294118
sub-047,5.75,100.0
sub-048,5.75,91.7
sub-049,5.75,18.6
sub-056,5.75,36.5
sub-060,5.75,53.3
sub-062,5.75,76.9
sub-063,5.75,38.936144578313254
sub-064,5.75,100.0
sub-065,5.75,100.0
sub-069,5.75,11.8
sub-076,5.75,100.0
sub-078,5.75,93.9
sub-082,5.75,1.3
sub-085,5.75,52.9
sub-091,5.75,99.4
sub-092,5.75,15.217647058823529
sub-094,5.75,49.7
sub-097,5.75,80.3
sub-100,5.75,100.0
sub-102,5.75,49.8
sub-103,5.75,93.6
sub-104,5.75,100.0
sub-108,5.75,98.0
sub-113,5.75,58.023595505617976
sub-114,5.75,89.9
sub-115,5.75,49.538823529411765
sub-117,5.75,34.9
sub-118,5.75,49.5
sub-120,5.75,100.0
sub-126,5.75,100.0
sub-127,5.75,100.0
sub-129,5.75,48.751063829787235
sub-131,5.75,37.25714285714286
sub-137,5.75,0.2
sub-139,5.75,54.4
sub-140,5.75,52.2
sub-146,5.75,70.7
sub-147,5.75,48.5
sub-148,5.75,50.0
sub-152,5.75,16.21829268292683
sub-153,5.75,100.0
sub-157,5.75,97.9
sub-159,5.75,80.1
sub-160,5.75,62.0
sub-161,5.75,27.2
sub-173,5.75,
sub-174,5.75,52.2
sub-175,5.75,50.5
sub-177,5.75,99.3
sub-179,5.75,87.3
sub-180,5.75,90.0
sub-185,5.75,50.1
sub-186,5.75,0.5
sub-187,5.75,80.6
sub-188,5.75,100.0
sub-197,5.75,99.4
sub-199,5.75,21.534328358208953
sub-200,5.75,100.0
sub-201,5.75,83.0
sub-208,5.75,99.9
sub-209,5.75,71.3
sub-210,5.75,15.6
sub-212,5.75,22.0
sub-215,5.75,1.7157967988865694
sub-217,5.75,49.9
sub-219,5.75,100.0
sub-220,5.75,32.8
sub-224,5.75,26.1
sub-229,5.75,
sub-230,5.75,74.20696864111498
sub-001,5.98,99.9
sub-003,5.98,58.8
sub-012,5.98,57.6
sub-016,5.98,49.7
sub-021,5.98,73.8
sub-023,5.98,49.9
sub-024,5.98,53.6
sub-027,5.98,25.2
sub-028,5.98,6.6
sub-029,5.98,100.0
sub-031,5.98,70.8
sub-033,5.98,100.0
sub-039,5.98,12.325000000000001
sub-042,5.98,100.0
sub-043,5.98,56.6
sub-044,5.98,10.9
sub-047,5.98,100.0
sub-048,5.98,91.7
sub-049,5.98,18.6
sub-056,5.98,55.03855421686747
sub-060,5.98,53.26547619047619
sub-062,5.98,76.9
sub-063,5.98,44.36506024096385
sub-064,5.98,100.0
sub-065,5.98,100.0
sub-069,5.98,11.8
sub-076,5.98,100.0
sub-078,5.98,93.9
sub-082,5.98,1.3
sub-085,5.98,52.9
sub-091,5.98,99.4
sub-092,5.98,13.816666666666666
sub-094,5.98,47.0
sub-097,5.98,80.3
sub-100,5.98,100.0
sub-102,5.98,49.8
sub-103,5.98,93.52380952380952
sub-104,5.98,100.0
sub-108,5.98,98.0
sub-113,5.98,61.8
sub-114,5.98,89.9
sub-115,5.98,48.42771084337349
sub-117,5.98,34.9
sub-118,5.98,49.5
sub-120,5.98,100.0
sub-126,5.98,100.0
sub-127,5.98,100.0
sub-129,5.98,51.4
sub-131,5.98,36.5
sub-137,5.98,0.2
sub-139,5.98,54.85421686746988
sub-140,5.98,52.2
sub-146,5.98,70.7
sub-147,5.98,48.5
sub-148,5.98,50.0
sub-152,5.98,15.778313253012048
sub-153,5.98,100.0
sub-157,5.98,97.9
sub-159,5.98,80.1
sub-160,5.98,62.0
sub-161,5.98,27.2
sub-173,5.98,
sub-174,5.98,52.2
sub-175,5.98,50.5
sub-177,5.98,99.3
sub-179,5.98,87.3
sub-180,5.98,90.0
sub-185,5.98,50.1
sub-186,5.98,0.5
sub-187,5.98,80.6
sub-188,5.98,100.0
sub-197,5.98,99.4
sub-199,5.98,19.78181818181818
sub-200,5.98,100.0
sub-201,5.98,83.06
sub-208,5.98,99.9
sub-209,5.98,71.3
sub-210,5.98,14.871428571428572
sub-212,5.98,22.0
sub-215,5.98,1.4677105080027832
sub-217,5.98,49.60864197530864
sub-219,5.98,100.0
sub-220,5.98,32.8
sub-224,5.98,26.1
sub-229,5.98,
sub-230,5.98,77.4
sub-001,6.21,99.9
sub-003,6.21,58.8
sub-012,6.21,57.6
sub-016,6.21,49.7
sub-021,6.21,73.8
sub-023,6.21,49.9
sub-024,6.21,53.7
sub-027,6.21,25.2
sub-028,6.21,6.6
sub-029,6.21,100.0
sub-031,6.21,70.8
sub-033,6.21,100.0
sub-039,6.21,12.144578313253012
sub-042,6.21,100.0
sub-043,6.21,56.7
sub-044,6.21,10.898523985239853
sub-047,6.21,100.0
sub-048,6.21,91.5037037037037
sub-049,6.21,18.6
sub-056,6.21,64.65542168674699
sub-060,6.21,52.72317073170731
sub-062,6.21,76.8
sub-063,6.21,45.80602409638554
sub-064,6.21,100.0
sub-065,6.21,100.0
sub-069,6.21,11.8
sub-076,6.21,100.0
sub-078,6.21,93.9
sub-082,6.21,1.3
sub-085,6.21,52.9
sub-091,6.21,99.4
sub-092,6.21,12.116666666666665
sub-094,6.21,36.8
sub-097,6.21,80.3
sub-100,6.21,100.0
sub-102,6.21,49.8
sub-103,6.21,92.33333333333333
sub-104,6.21,100.0
sub-108,6.21,98.0
sub-113,6.21,61.8
sub-114,6.21,88.57842105263158
sub-115,6.21,48.4
sub-117,6.21,34.9
sub-118,6.21,49.4
sub-120,6.21,100.0
sub-126,6.21,100.0
sub-127,6.21,100.0
sub-129,6.21,41.16739130434783
sub-131,6.21,36.06666666666667
sub-137,6.21,0.2
sub-139,6.21,55.7
sub-140,6.21,52.2
sub-146,6.21,70.7
sub-147,6.21,48.5
sub-148,6.21,50.0
sub-152,6.21,12.93720930232558
sub-153,6.21,100.0
sub-157,6.21,97.9
sub-159,6.21,80.1
sub-160,6.21,62.0
sub-161,6.21,27.3
sub-173,6.21,
sub-174,6.21,52.2
sub-175,6.21,50.5
sub-177,6.21,99.3
sub-179,6.21,87.3
sub-180,6.21,90.0
sub-185,6.21,50.1
sub-186,6.21,0.5
sub-187,6.21,80.6
sub-188,6.21,100.0
sub-197,6.21,99.4
sub-199,6.21,17.1
sub-200,6.21,100.0
sub-201,6.21,83.99404761904762
sub-208,6.21,99.9
sub-209,6.21,71.3
sub-210,6.21,14.093975903614458
sub-212,6.21,22.0
sub-215,6.21,1.219624217118998
sub-217,6.21,44.417500000000004
sub-219,6.21,100.0
sub-220,6.21,32.8
sub-224,6.21,26.1
sub-229,6.21,51.64285714285714
sub-230,6.21,77.5174721189591
sub-001,6.44,99.9
sub-003,6.44,58.8
sub-012,6.44,57.6
sub-016,6.44,49.7
sub-021,6.44,73.8
sub-023,6.44,49.9
sub-024,6.44,54.0671052631579
sub-027,6.44,25.2
sub-028,6.44,6.6
sub-029,6.44,100.0
sub-031,6.44,72.8
sub-033,6.44,100.0
sub-039,6.44,11.7
sub-042,6.44,100.0
sub-043,6.44,61.73205128205129
sub-044,6.44,10.728782287822877
sub-047,6.44,100.0
sub-048,6.44,91.1
sub-049,6.44,18.6
sub-056,6.44,72.64285714285715
sub-060,6.44,51.9
sub-062,6.44,76.47037037037038
sub-063,6.44,48.9
sub-064,6.44,100.0
sub-065,6.44,100.0
sub-069,6.44,11.8
sub-076,6.44,100.0
sub-078,6.44,93.9
sub-082,6.44,1.3
sub-085,6.44,52.9
sub-091,6.44,99.4
sub-092,6.44,10.846428571428572
sub-094,6.44,36.26309523809524
sub-097,6.44,80.3
sub-100,6.44,100.0
sub-102,6.44,49.8
sub-103,6.44,91.6421686746988
sub-104,6.44,100.0
sub-108,6.44,98.0
sub-113,6.44,61.8
sub-114,6.44,85.69441624365481
sub-115,6.44,48.4
sub-117,6.44,34.9
sub-118,6.44,49.4
sub-120,6.44,100.0
sub-126,6.44,100.0
sub-127,6.44,100.0
sub-129,6.44,38.0
sub-131,6.44,35.7
sub-137,6.44,0.2
sub-139,6.44,56.0
sub-140,6.44,52.2
sub-146,6.44,70.7
sub-147,6.44,49.57831325301205
sub-148,6.44,50.0
sub-152,6.44,12.6
sub-153,6.44,100.0
sub-157,6.44,97.9
sub-159,6.44,80.1
sub-160,6.44,62.0
sub-161,6.44,27.3
sub-173,6.44,41.9
sub-174,6.44,52.2
sub-175,6.44,50.5
sub-177,6.44,99.3
sub-179,6.44,87.3
sub-180,6.44,89.85692307692308
sub-185,6.44,50.1
sub-186,6.44,0.5
sub-187,6.44,80.6
sub-188,6.44,100.0
sub-197,6.44,99.4
sub-199,6.44,17.1
sub-200,6.44,100.0
sub-201,6.44,84.92857142857143
sub-208,6.44,99.9
sub-209,6.44,71.3
sub-210,6.44,13.67142857142857
sub-212,6.44,22.0
sub-215,6.44,0.9715379262352117
sub-217,6.44,39.151250000000005
sub-219,6.44,100.0
sub-220,6.44,32.8
sub-224,6.44,26.1
sub-229,6.44,50.65714285714285
sub-230,6.44,77.8
sub-001,6.67,99.9
sub-003,6.67,58.8
sub-012,6.67,57.6
sub-016,6.67,49.7
sub-021,6.67,73.738
sub-023,6.67,49.9
sub-024,6.67,54.2
sub-027,6.67,25.2
sub-028,6.67,6.6
sub-029,6.67,100.0
sub-031,6.67,72.8
sub-033,6.67,100.0
sub-039,6.67,11.596428571428572
sub-042,6.67,100.0
sub-043,6.67,63.25662650602409
sub-044,6.67,10.7
sub-047,6.67,100.0
sub-048,6.67,91.1
sub-049,6.67,18.6
sub-056,6.67,75.4
sub-060,6.67,52.16219512195122
sub-062,6.67,76.4
sub-063,6.67,49.0
sub-064,6.67,100.0
sub-065,6.67,100.0
sub-069,6.67,13.9
sub-076,6.67,100.0
sub-078,6.67,93.9
sub-082,6.67,1.3
sub-085,6.67,52.9
sub-091,6.67,99.4
sub-092,6.67,8.959999999999999
sub-094,6.67,20.302439024390242
sub-097,6.67,83.0
sub-100,6.67,100.0
sub-102,6.67,49.8
sub-103,6.67,91.3
sub-104,6.67,100.0
sub-108,6.67,98.0
sub-113,6.67,61.8
sub-114,6.67,84.84205128205129
sub-115,6.67,44.883529411764705
sub-117,6.67,34.9
sub-118,6.67,49.4
sub-120,6.67,100.0
sub-126,6.67,100.0
sub-127,6.67,100.0
sub-129,6.67,38.0
sub-131,6.67,35.52857142857143
sub-137,6.67,0.2
sub-139,6.67,56.0
sub-140,6.67,51.46144578313253
sub-146,6.67,70.7
sub-147,6.67,50.6
sub-148,6.67,50.0
sub-152,6.67,12.6
sub-153,6.67,100.0
sub-157,6.67,97.9
sub-159,6.67,80.1
sub-160,6.67,62.0
sub-161,6.67,
sub-173,6.67,42.30121951219512
sub-174,6.67,52.2
sub-175,6.67,50.5
sub-177,6.67,99.3
sub-179,6.67,87.3
sub-180,6.67,89.61999999999999
sub-185,6.67,50.1
sub-186,6.67,0.5
sub-187,6.67,80.6
sub-188,6.67,100.0
sub-197,6.67,99.4
sub-199,6.67,17.1
sub-200,6.67,100.0
sub-201,6.67,85.45119047619048
sub-208,6.67,99.9
sub-209,6.67,71.3
sub-210,6.67,13.290476190476191
sub-212,6.67,22.0
sub-215,6.67,0.7234516353514264
sub-217,6.67,39.029113924050634
sub-219,6.67,100.0
sub-220,6.67,32.8
sub-224,6.67,26.1
sub-229,6.67,50.20952380952381
sub-230,6.67,77.8
sub-001,6.9,99.9
sub-003,6.9,58.8
sub-012,6.9,57.49393939393939
sub-016,6.9,49.7
sub-021,6.9,73.60799999999999
sub-023,6.9,49.9
sub-024,6.9,54.485882352941175
sub-027,6.9,25.2
sub-028,6.9,6.6
sub-029,6.9,100.0
sub-031,6.9,72.8
sub-033,6.9,100.0
sub-039,6.9,11.420238095238096
sub-042,6.9,100.0
sub-043,6.9,63.3
sub-044,6.9,10.7
sub-047,6.9,100.0
sub-048,6.9,91.1
sub-049,6.9,18.6
sub-056,6.9,75.4
sub-060,6.9,52.2
sub-062,6.9,75.88
sub-063,6.9,49.28
sub-064,6.9,100.0
sub-065,6.9,100.0
sub-069,6.9,14.280246913580248
sub-076,6.9,100.0
sub-078,6.9,93.9
sub-082,6.9,1.3
sub-085,6.9,52.9
sub-091,6.9,99.4
sub-092,6.9,5.944705882352941
sub-094,6.9,19.9
sub-097,6.9,84.13333333333334
sub-100,6.9,100.0
sub-102,6.9,49.8
sub-103,6.9,91.3
sub-104,6.9,100.0
sub-108,6.9,98.0
sub-113,6.9,61.8
sub-114,6.9,80.1
sub-115,6.9,42.01951219512195
sub-117,6.9,34.9
sub-118,6.9,52.086046511627906
sub-120,6.9,100.0
sub-126,6.9,100.0
sub-127,6.9,100.0
sub-129,6.9,38.0
sub-131,6.9,35.338095238095235
sub-137,6.9,0.2
sub-139,6.9,56.300000000000004
sub-140,6.9,49.29759036144578
sub-146,6.9,70.7
sub-147,6.9,50.423809523809524
sub-148,6.9,50.0
sub-152,6.9,12.6
sub-153,6.9,100.0
sub-157,6.9,97.9
sub-159,6.9,80.1
sub-160,6.9,62.0
sub-161,6.9,
sub-173,6.9,42.11058823529412
sub-174,6.9,52.2
sub-175,6.9,50.5
sub-177,6.9,99.3
sub-179,6.9,87.3
sub-180,6.9,89.5
sub-185,6.9,50.1
sub-186,6.9,0.5
sub-187,6.9,80.6
sub-188,6.9,100.0
sub-197,6.9,99.4
sub-199,6.9,17.1
sub-200,6.9,100.0
sub-201,6.9,85.88470588235293
sub-208,6.9,99.9
sub-209,6.9,72.12352941176471
sub-210,6.9,12.81904761904762
sub-212,6.9,22.0
sub-215,6.9,0.4753653444676411
sub-217,6.9,38.9
sub-219,6.9,100.0
sub-220,6.9,32.8
sub-224,6.9,26.1
sub-229,6.9,57.166666666666664
sub-230,6.9,77.8
sub-001,7.13,99.9
sub-003,7.13,58.8
sub-012,7.13,57.242999999999995
sub-016,7.13,49.7
sub-021,7.13,73.4
sub-023,7.13,49.9
sub-024,7.13,54.6
sub-027,7.13,25.2
sub-028,7.13,6.6
sub-029,7.13,100.0
sub-031,7.13,75.79253731343283
sub-033,7.13,100.0
sub-039,7.13,10.744578313253012
sub-042,7.13,100.0
sub-043,7.13,63.6
sub-044,7.13,10.019444444444444
sub-047,7.13,100.0
sub-048,7.13,91.1
sub-049,7.13,18.6
sub-056,7.13,76.6566265060241
sub-060,7.13,50.92857142857143
sub-062,7.13,75.8
sub-063,7.13,49.65714285714286
sub-064,7.13,100.0
sub-065,7.13,100.0
sub-069,7.13,14.356626506024098
sub-076,7.13,100.0
sub-078,7.13,93.9
sub-082,7.13,1.3
sub-085,7.13,52.9
sub-091,7.13,99.4
sub-092,7.13,5.4
sub-094,7.13,19.668674698795183
sub-097,7.13,91.8
sub-100,7.13,100.0
sub-102,7.13,49.8
sub-103,7.13,91.0433734939759
sub-104,7.13,100.0
sub-108,7.13,98.0
sub-113,7.13,62.979069767441864
sub-114,7.13,81.10324324324324
sub-115,7.13,40.94761904761905
sub-117,7.13,34.9
sub-118,7.13,85.10602409638554
sub-120,7.13,100.0
sub-126,7.13,100.0
sub-127,7.13,100.0
sub-129,7.13,38.0
sub-131,7.13,35.3
sub-137,7.13,0.2
sub-139,7.13,56.5
sub-140,7.13,49.2
sub-146,7.13,70.7
sub-147,7.13,50.1
sub-148,7.13,50.0
sub-152,7.13,12.6
sub-153,7.13,100.0
sub-157,7.13,97.9
sub-159,7.13,80.1
sub-160,7.13,62.0
sub-161,7.13,
sub-173,7.13,43.385714285714286
sub-174,7.13,52.2
sub-175,7.13,50.702409638554215
sub-177,7.13,99.3
sub-179,7.13,87.3
sub-180,7.13,90.17521367521367
sub-185,7.13,50.1
sub-186,7.13,0.5
sub-187,7.13,80.6
sub-188,7.13,100.0
sub-197,7.13,99.4
sub-199,7.13,17.1
sub-200,7.13,100.0
sub-201,7.13,86.40487804878049
sub-208,7.13,99.9
sub-209,7.13,74.10909090909091
sub-210,7.13,12.273493975903614
sub-212,7.13,21.906976744186046
sub-215,7.13,0.22727905358385492
sub-217,7.13,39.0
sub-219,7.13,100.0
sub-220,7.13,34.78313253012048
sub-224,7.13,26.1
sub-229,7.13,60.6
sub-230,7.13,77.8
sub-001,7.36,99.9
sub-003,7.36,58.8
sub-012,7.36,56.954742096505825
sub-016,7.36,49.7
sub-021,7.36,73.244
sub-023,7.36,49.9
sub-024,7.36,54.97
sub-027,7.36,25.2
sub-028,7.36,6.6
sub-029,7.36,100.0
sub-031,7.36,89.38450704225352
sub-033,7.36,100.0
sub-039,7.36,10.536585365853659
sub-042,7.36,100.0
sub-043,7.36,63.6
sub-044,7.36,8.7
sub-047,7.36,100.0
sub-048,7.36,91.1
sub-049,7.36,18.6
sub-056,7.36,77.2
sub-060,7.36,50.1
sub-062,7.36,74.84810126582279
sub-063,7.36,49.83333333333333
sub-064,7.36,100.0
sub-065,7.36,100.0
sub-069,7.36,14.863414634146341
sub-076,7.36,100.0
sub-078,7.36,93.9
sub-082,7.36,1.3
sub-085,7.36,52.9
sub-091,7.36,99.4
sub-092,7.36,5.4
sub-094,7.36,19.6
sub-097,7.36,91.8
sub-100,7.36,100.0
sub-102,7.36,57.96666666666667
sub-103,7.36,90.9
sub-104,7.36,100.0
sub-108,7.36,98.0
sub-113,7.36,67.93411764705881
sub-114,7.36,86.3321243523316
sub-115,7.36,40.8
sub-117,7.36,34.9
sub-118,7.36,100.0
sub-120,7.36,100.0
sub-126,7.36,100.0
sub-127,7.36,99.90361445783132
sub-129,7.36,38.0
sub-131,7.36,35.2
sub-137,7.36,0.2
sub-139,7.36,56.901162790697676
sub-140,7.36,49.2
sub-146,7.36,70.7
sub-147,7.36,50.1
sub-148,7.36,50.0
sub-152,7.36,11.071084337349397
sub-153,7.36,100.0
sub-157,7.36,97.9
sub-159,7.36,80.1
sub-160,7.36,62.0
sub-161,7.36,
sub-173,7.36,46.12682926829268
sub-174,7.36,52.2
sub-175,7.36,50.8
sub-177,7.36,99.3
sub-179,7.36,87.3
sub-180,7.36,90.78532110091743
sub-185,7.36,50.1
sub-186,7.36,0.5
sub-187,7.36,80.6
sub-188,7.36,100.0
sub-197,7.36,99.4
sub-199,7.36,17.576119402985075
sub-200,7.36,100.0
sub-201,7.36,86.76626506024095
sub-208,7.36,99.9
sub-209,7.36,74.3
sub-210,7.36,12.0
sub-212,7.36,17.042857142857144
sub-215,7.36,0.6686746987951807
sub-217,7.36,39.0
sub-219,7.36,100.0
sub-220,7.36,36.7
sub-224,7.36,26.1
sub-229,7.36,60.6
sub-230,7.36,77.8
sub-001,7.59,99.9
sub-003,7.59,58.8
sub-012,7.59,56.80166389351081
sub-016,7.59,49.7
sub-021,7.59,71.9
sub-023,7.59,49.9
sub-024,7.59,55.371249999999996
sub-027,7.59,25.2
sub-028,7.59,6.6
sub-029,7.59,100.0
sub-031,7.59,96.68823529411765
sub-033,7.59,100.0
sub-039,7.59,10.4
sub-042,7.59,100.0
sub-043,7.59,63.6
sub-044,7.59,8.7
sub-047,7.59,100.0
sub-048,7.59,91.1
sub-049,7.59,18.6
sub-056,7.59,77.2
sub-060,7.59,50.1
sub-062,7.59,74.1
sub-063,7.59,49.9
sub-064,7.59,100.0
sub-065,7.59,100.0
sub-069,7.59,15.0
sub-076,7.59,100.0
sub-078,7.59,93.9
sub-082,7.59,1.3
sub-085,7.59,52.9
sub-091,7.59,99.4
sub-092,7.59,6.36
sub-094,7.59,22.320731707317073
sub-097,7.59,92.26746987951807
sub-100,7.59,100.0
sub-102,7.59,68.8
sub-103,7.59,90.69156626506025
sub-104,7.59,100.0
sub-108,7.59,98.0
sub-113,7.59,70.95
sub-114,7.59,93.74221105527639
sub-115,7.59,40.80952380952381
sub-117,7.59,34.9
sub-118,7.59,100.0
sub-120,7.59,100.0
sub-126,7.59,100.0
sub-127,7.59,96.9
sub-129,7.59,38.0
sub-131,7.59,34.9
sub-137,7.59,0.2
sub-139,7.59,59.71071428571429
sub-140,7.59,49.2
sub-146,7.59,70.7
sub-147,7.59,50.1
sub-148,7.59,50.0
sub-152,7.59,10.126506024096386
sub-153,7.59,100.0
sub-157,7.59,97.9
sub-159,7.59,80.1
sub-160,7.59,62.0
sub-161,7.59,
sub-173,7.59,49.068
sub-174,7.59,52.2
sub-175,7.59,50.8
sub-177,7.59,99.3
sub-179,7.59,87.3
sub-180,7.59,92.27798165137614
sub-185,7.59,50.1
sub-186,7.59,0.5
sub-187,7.59,80.5
sub-188,7.59,100.0
sub-197,7.59,99.4
sub-199,7.59,18.8
sub-200,7.59,100.0
sub-201,7.59,87.05903614457831
sub-208,7.59,99.9
sub-209,7.59,74.0134328358209
sub-210,7.59,12.0
sub-212,7.59,15.00609756097561
sub-215,7.59,1.1
sub-217,7.59,39.0
sub-219,7.59,100.0
sub-220,7.59,36.7
sub-224,7.59,26.1
sub-229,7.59,60.708333333333336
sub-230,7.59,77.8
sub-001,7.82,99.9
sub-003,7.82,58.94102564102564
sub-012,7.82,56.64858569051581
sub-016,7.82,49.7
sub-021,7.82,71.9
sub-023,7.82,49.9
sub-024,7.82,56.07123287671233
sub-027,7.82,25.2
sub-028,7.82,6.6
sub-029,7.82,100.0
sub-031,7.82,98.2
sub-033,7.82,100.0
sub-039,7.82,10.4
sub-042,7.82,100.0
sub-043,7.82,63.6
sub-044,7.82,8.7
sub-047,7.82,100.0
sub-048,7.82,91.1
sub-049,7.82,18.6
sub-056,7.82,77.2
sub-060,7.82,50.1
sub-062,7.82,74.01219512195122
sub-063,7.82,49.9
sub-064,7.82,100.0
sub-065,7.82,100.0
sub-069,7.82,15.0
sub-076,7.82,100.0
sub-078,7.82,93.9
sub-082,7.82,1.3
sub-085,7.82,52.9
sub-091,7.82,99.4
sub-092,7.82,6.9
sub-094,7.82,24.72330226364847
sub-097,7.82,95.65542168674699
sub-100,7.82,100.0
sub-102,7.82,68.8
sub-103,7.82,89.87831325301204
sub-104,7.82,100.0
sub-108,7.82,98.0
sub-113,7.82,71.1
sub-114,7.82,96.29650000000001
sub-115,7.82,42.56506024096386
sub-117,7.82,34.9
sub-118,7.82,99.9
sub-120,7.82,100.0
sub-126,7.82,100.0
sub-127,7.82,96.52771084337348
sub-129,7.82,38.0
sub-131,7.82,40.452380952380956
sub-137,7.82,0.2
sub-139,7.82,61.3
sub-140,7.82,49.2
sub-146,7.82,70.7
sub-147,7.82,50.1
sub-148,7.82,50.0
sub-152,7.82,9.139506172839505
sub-153,7.82,100.0
sub-157,7.82,97.9
sub-159,7.82,80.1
sub-160,7.82,62.0
sub-161,7.82,
sub-173,7.82,49.794999999999995
sub-174,7.82,52.2
sub-175,7.82,50.8
sub-177,7.82,99.3
sub-179,7.82,87.3
sub-180,7.82,93.84028776978417
sub-185,7.82,50.1
sub-186,7.82,0.5
sub-187,7.82,80.4
sub-188,7.82,100.0
sub-197,7.82,99.4
sub-199,7.82,18.8
sub-200,7.82,100.0
sub-201,7.82,87.53571428571428
sub-208,7.82,99.9
sub-209,7.82,73.5
sub-210,7.82,12.0
sub-212,7.82,10.124691358024691
sub-215,7.82,1.1
sub-217,7.82,39.0725
sub-219,7.82,100.0
sub-220,7.82,33.673170731707316
sub-224,7.82,27.1125
sub-229,7.82,60.8
sub-230,7.82,77.8
sub-001,8.05,99.9
sub-003,8.05,60.35427135678392
sub-012,8.05,56.4955074875208
sub-016,8.05,49.7
sub-021,8.05,73.562
sub-023,8.05,49.9
sub-024,8.05,56.545833333333334
sub-027,8.05,25.2
sub-028,8.05,6.6
sub-029,8.05,100.0
sub-031,8.05,98.2
sub-033,8.05,100.0
sub-039,8.05,10.4
sub-042,8.05,100.0
sub-043,8.05,63.80689655172414
sub-044,8.05,8.7
sub-047,8.05,100.0
sub-048,8.05,91.1
sub-049,8.05,18.6
sub-056,8.05,77.2
sub-060,8.05,50.1
sub-062,8.05,74.0
sub-063,8.05,49.9
sub-064,8.05,100.0
sub-065,8.05,100.0
sub-069,8.05,15.0
sub-076,8.05,100.0
sub-078,8.05,95.33975903614459
sub-082,8.05,1.3
sub-085,8.05,52.9
sub-091,8.05,99.4
sub-092,8.05,6.9
sub-094,8.05,18.56750998668442
sub-097,8.05,96.0
sub-100,8.05,100.0
sub-102,8.05,68.8
sub-103,8.05,88.61807228915663
sub-104,8.05,100.0
sub-108,8.05,98.0
sub-113,8.05,72.66117647058823
sub-114,8.05,96.4
sub-115,8.05,43.55609756097561
sub-117,8.05,34.9
sub-118,8.05,99.8
sub-120,8.05,100.0
sub-126,8.05,100.0
sub-127,8.05,98.6
sub-129,8.05,38.0
sub-131,8.05,45.2764705882353
sub-137,8.05,0.2
sub-139,8.05,61.3
sub-140,8.05,49.2
sub-146,8.05,70.7
sub-147,8.05,50.1
sub-148,8.05,50.0
sub-152,8.05,8.866666666666667
sub-153,8.05,100.0
sub-157,8.05,97.9
sub-159,8.05,80.1
sub-160,8.05,62.0
sub-161,8.05,
sub-173,8.05,49.8
sub-174,8.05,52.2
sub-175,8.05,50.8
sub-177,8.05,99.3
sub-179,8.05,87.3
sub-180,8.05,94.3607142857143
sub-185,8.05,50.1
sub-186,8.05,1.2651162790697674
sub-187,8.05,78.73333333333333
sub-188,8.05,100.0
sub-197,8.05,99.4
sub-199,8.05,18.8
sub-200,8.05,100.0
sub-201,8.05,87.82222222222222
sub-208,8.05,99.9
sub-209,8.05,73.5
sub-210,8.05,12.0
sub-212,8.05,10.049397590361446
sub-215,8.05,1.1
sub-217,8.05,39.1
sub-219,8.05,100.0
sub-220,8.05,33.30384615384616
sub-224,8.05,28.876
sub-229,8.05,60.8
sub-230,8.05,77.8
sub-001,8.28,99.9
sub-003,8.28,60.9
sub-012,8.28,56.34242928452579
sub-016,8.28,49.7
sub-021,8.28,77.144
sub-023,8.28,50.5
sub-024,8.28,56.973493975903615
sub-027,8.28,25.2
sub-028,8.28,6.6
sub-029,8.28,100.0
sub-031,8.28,98.86165413533834
sub-033,8.28,100.0
sub-039,8.28,10.4
sub-042,8.28,100.0
sub-043,8.28,64.58791208791209
sub-044,8.28,8.7
sub-047,8.28,100.0
sub-048,8.28,91.1
sub-049,8.28,18.6
sub-056,8.28,77.2
sub-060,8.28,50.1
sub-062,8.28,74.0
sub-063,8.28,49.9
sub-064,8.28,100.0
sub-065,8.28,100.0
sub-069,8.28,15.0
sub-076,8.28,100.0
sub-078,8.28,97.7
sub-082,8.28,1.3
sub-085,8.28,52.9
sub-091,8.28,99.4
sub-092,8.28,6.385714285714285
sub-094,8.28,12.411717709720374
sub-097,8.28,96.0
sub-100,8.28,100.0
sub-102,8.28,68.2
sub-103,8.28,86.24166666666666
sub-104,8.28,100.0
sub-108,8.28,98.0
sub-113,8.28,74.83614457831325
sub-114,8.28,96.4
sub-115,8.28,43.6
sub-117,8.28,34.9
sub-118,8.28,99.81204819277109
sub-120,8.28,100.0
sub-126,8.28,100.0
sub-127,8.28,98.6
sub-129,8.28,37.37340425531915
sub-131,8.28,52.71951219512195
sub-137,8.28,0.2
sub-139,8.28,61.4
sub-140,8.28,49.2
sub-146,8.28,70.7
sub-147,8.28,50.1
sub-148,8.28,50.0
sub-152,8.28,8.382926829268293
sub-153,8.28,100.0
sub-157,8.28,97.9
sub-159,8.28,80.1
sub-160,8.28,62.0
sub-161,8.28,
sub-173,8.28,49.8
sub-174,8.28,56.327710843373495
sub-175,8.28,50.8
sub-177,8.28,99.3
sub-179,8.28,87.3
sub-180,8.28,94.51086956521739
sub-185,8.28,50.1
sub-186,8.28,8.925882352941176
sub-187,8.28,78.0
sub-188,8.28,100.0
sub-197,8.28,99.4
sub-199,8.28,18.8
sub-200,8.28,100.0
sub-201,8.28,88.37831325301205
sub-208,8.28,99.9
sub-209,8.28,74.3
sub-210,8.28,12.0
sub-212,8.28,10.0
sub-215,8.28,1.1
sub-217,8.28,39.585
sub-219,8.28,100.0
sub-220,8.28,33.2
sub-224,8.28,33.04716981132076
sub-229,8.28,60.8
sub-230,8.28,77.8
sub-001,8.51,99.9
sub-003,8.51,60.9
sub-012,8.51,56.46666666666667
sub-016,8.51,49.7
sub-021,8.51,77.2
sub-023,8.51,50.47590361445783
sub-024,8.51,57.25
sub-027,8.51,25.2
sub-028,8.51,9.383720930232558
sub-029,8.51,100.0
sub-031,8.51,99.4
sub-033,8.51,100.0
sub-039,8.51,11.043373493975905
sub-042,8.51,100.0
sub-043,8.51,64.9
sub-044,8.51,8.7
sub-047,8.51,100.0
sub-048,8.51,91.1
sub-049,8.51,18.520481927710843
sub-056,8.51,77.2
sub-060,8.51,50.1
sub-062,8.51,74.0
sub-063,8.51,49.9
sub-064,8.51,100.0
sub-065,8.51,100.0
sub-069,8.51,14.8
sub-076,8.51,100.0
sub-078,8.51,97.7
sub-082,8.51,1.3
sub-085,8.51,52.9
sub-091,8.51,99.4
sub-092,8.51,4.829069767441861
sub-094,8.51,11.870673076923076
sub-097,8.51,96.0
sub-100,8.51,100.0
sub-102,8.51,68.2
sub-103,8.51,85.6
sub-104,8.51,100.0
sub-108,8.51,98.0
sub-113,8.51,76.84235294117647
sub-114,8.51,96.4
sub-115,8.51,45.50243902439024
sub-117,8.51,34.9
sub-118,8.51,100.0
sub-120,8.51,100.0
sub-126,8.51,100.0
sub-127,8.51,98.6
sub-129,8.51,36.0
sub-131,8.51,53.4
sub-137,8.51,0.2
sub-139,8.51,62.0
sub-140,8.51,49.614285714285714
sub-146,8.51,70.7
sub-147,8.51,50.1
sub-148,8.51,50.0
sub-152,8.51,7.633333333333333
sub-153,8.51,100.0
sub-157,8.51,97.9
sub-159,8.51,80.1
sub-160,8.51,62.0
sub-161,8.51,
sub-173,8.51,49.8
sub-174,8.51,63.8433734939759
sub-175,8.51,50.549397590361444
sub-177,8.51,99.3
sub-179,8.51,87.3
sub-180,8.51,94.9211009174312
sub-185,8.51,50.1
sub-186,8.51,22.66416938110749
sub-187,8.51,78.0
sub-188,8.51,100.0
sub-197,8.51,99.4
sub-199,8.51,22.07761194029851
sub-200,8.51,100.0
sub-201,8.51,88.9987951807229
sub-208,8.51,99.9
sub-209,8.51,74.3
sub-210,8.51,12.0
sub-212,8.51,10.0
sub-215,8.51,1.5857142857142856
sub-217,8.51,46.875
sub-219,8.51,100.0
sub-220,8.51,33.2
sub-224,8.51,34.3
sub-229,8.51,60.8
sub-230,8.51,77.8
sub-001,8.74,99.9
sub-003,8.74,60.9
sub-012,8.74,59.73880597014925
sub-016,8.74,49.7
sub-021,8.74,77.2
sub-023,8.74,50.3
sub-024,8.74,57.479166666666664
sub-027,8.74,25.2
sub-028,8.74,12.84268292682927
sub-029,8.74,100.0
sub-031,8.74,99.4
sub-033,8.74,100.0
sub-039,8.74,12.07590361445783
sub-042,8.74,100.0
sub-043,8.74,66.94835164835165
sub-044,8.74,8.703225806451613
sub-047,8.74,100.0
sub-048,8.74,91.1
sub-049,8.74,18.5
sub-056,8.74,77.58915662650602
sub-060,8.74,50.1
sub-062,8.74,74.0
sub-063,8.74,49.9
sub-064,8.74,100.0
sub-065,8.74,100.0
sub-069,8.74,14.8
sub-076,8.74,100.0
sub-078,8.74,97.7
sub-082,8.74,1.3
sub-085,8.74,52.9
sub-091,8.74,99.4
sub-092,8.74,2.623529411764706
sub-094,8.74,17.454807692307693
sub-097,8.74,96.0
sub-100,8.74,100.0
sub-102,8.74,68.2
sub-103,8.74,85.6
sub-104,8.74,100.0
sub-108,8.74,98.0
sub-113,8.74,78.4
sub-114,8.74,96.4
sub-115,8.74,48.30602409638554
sub-117,8.74,34.9
sub-118,8.74,100.0
sub-120,8.74,100.0
sub-126,8.74,100.0
sub-127,8.74,98.44285714285715
sub-129,8.74,36.0
sub-131,8.74,55.38148148148148
sub-137,8.74,0.2
sub-139,8.74,62.2
sub-140,8.74,53.4
sub-146,8.74,70.7
sub-147,8.74,50.1
sub-148,8.74,50.0
sub-152,8.74,7.5
sub-153,8.74,100.0
sub-157,8.74,97.9
sub-159,8.74,80.1
sub-160,8.74,62.0
sub-161,8.74,
sub-173,8.74,49.8
sub-174,8.74,76.5144578313253
sub-175,8.74,50.19759036144578
sub-177,8.74,99.3
sub-179,8.74,87.3
sub-180,8.74,95.0
sub-185,8.74,50.1
sub-186,8.74,28.058306188925084
sub-187,8.74,66.10714285714286
sub-188,8.74,100.0
sub-197,8.74,99.4
sub-199,8.74,25.1
sub-200,8.74,100.0
sub-201,8.74,89.91341463414635
sub-208,8.74,99.9
sub-209,8.74,74.3
sub-210,8.74,12.0
sub-212,8.74,10.0
sub-215,8.74,2.4903614457831327
sub-217,8.74,52.0
sub-219,8.74,100.0
sub-220,8.74,33.2
sub-224,8.74,36.8
sub-229,8.74,60.8
sub-230,8.74,77.8
sub-001,8.97,99.9
sub-003,8.97,60.9
sub-012,8.97,60.653999999999996
sub-016,8.97,49.7
sub-021,8.97,78.286
sub-023,8.97,50.3
sub-024,8.97,57.77594936708861
sub-027,8.97,25.2
sub-028,8.97,13.2
sub-029,8.97,100.0
sub-031,8.97,99.4
sub-033,8.97,100.0
sub-039,8.97,12.1
sub-042,8.97,100.0
sub-043,8.97,68.2
sub-044,8.97,8.950537634408603
sub-047,8.97,100.0
sub-048,8.97,91.1
sub-049,8.97,18.5
sub-056,8.97,78.38072289156626
sub-060,8.97,50.1
sub-062,8.97,74.0
sub-063,8.97,50.0
sub-064,8.97,100.0
sub-065,8.97,100.0
sub-069,8.97,14.8
sub-076,8.97,99.31547619047619
sub-078,8.97,97.7
sub-082,8.97,1.3
sub-085,8.97,52.9
sub-091,8.97,99.4
sub-092,8.97,2.6
sub-094,8.97,22.52261904761905
sub-097,8.97,96.0
sub-100,8.97,100.0
sub-102,8.97,67.60357142857143
sub-103,8.97,85.6
sub-104,8.97,100.0
sub-108,8.97,98.0
sub-113,8.97,79.7
sub-114,8.97,96.4
sub-115,8.97,48.8
sub-117,8.97,34.9
sub-118,8.97,100.0
sub-120,8.97,100.0
sub-126,8.97,100.0
sub-127,8.97,98.1
sub-129,8.97,36.0
sub-131,8.97,55.6
sub-137,8.97,0.2
sub-139,8.97,62.317647058823525
sub-140,8.97,53.4
sub-146,8.97,70.7
sub-147,8.97,50.1
sub-148,8.97,50.0
sub-152,8.97,7.5
sub-153,8.97,100.0
sub-157,8.97,97.9
sub-159,8.97,80.1
sub-160,8.97,62.0
sub-161,8.97,
sub-173,8.97,49.8
sub-174,8.97,90.8
sub-175,8.97,45.290361445783134
sub-177,8.97,99.3
sub-179,8.97,87.3
sub-180,8.97,95.181
sub-185,8.97,50.1
sub-186,8.97,33.452442996742676
sub-187,8.97,64.1
sub-188,8.97,100.0
sub-197,8.97,99.4
sub-199,8.97,25.1
sub-200,8.97,100.0
sub-201,8.97,91.3156626506024
sub-208,8.97,99.9
sub-209,8.97,74.3
sub-210,8.97,12.0
sub-212,8.97,10.0
sub-215,8.97,2.9
sub-217,8.97,51.94074074074074
sub-219,8.97,100.0
sub-220,8.97,34.47532467532468
sub-224,8.97,36.8
sub-229,8.97,60.8
sub-230,8.97,77.94999999999999
sub-001,9.2,99.9
sub-003,9.2,60.9
sub-012,9.2,61.221
sub-016,9.2,49.7
sub-021,9.2,78.5
sub-023,9.2,50.3
sub-024,9.2,58.17837837837838
sub-027,9.2,25.2
sub-028,9.2,13.2
sub-029,9.2,100.0
sub-031,9.2,99.4
sub-033,9.2,100.0
sub-039,9.2,12.1
sub-042,9.2,100.0
sub-043,9.2,68.2
sub-044,9.2,9.066187050359712
sub-047,9.2,100.0
sub-048,9.2,91.1
sub-049,9.2,18.5
sub-056,9.2,79.1
sub-060,9.2,50.1
sub-062,9.2,74.0
sub-063,9.2,50.0
sub-064,9.2,100.0
sub-065,9.2,100.0
sub-069,9.2,14.378571428571428
sub-076,9.2,94.5
sub-078,9.2,97.7
sub-082,9.2,1.3
sub-085,9.2,52.9
sub-091,9.2,99.4
sub-092,9.2,1.2494117647058822
sub-094,9.2,26.601204819277108
sub-097,9.2,96.0
sub-100,9.2,100.0
sub-102,9.2,67.5
sub-103,9.2,85.52048192771085
sub-104,9.2,100.0
sub-108,9.2,98.0
sub-113,9.2,79.7
sub-114,9.2,96.4
sub-115,9.2,48.8
sub-117,9.2,34.9
sub-118,9.2,100.0
sub-120,9.2,100.0
sub-126,9.2,100.0
sub-127,9.2,98.1
sub-129,9.2,36.0
sub-131,9.2,55.6
sub-137,9.2,0.2
sub-139,9.2,62.8
sub-140,9.2,53.4
sub-146,9.2,70.7
sub-147,9.2,50.1
sub-148,9.2,50.0
sub-152,9.2,7.5
sub-153,9.2,100.0
sub-157,9.2,97.9
sub-159,9.2,80.1
sub-160,9.2,62.0
sub-161,9.2,
sub-173,9.2,49.8
sub-174,9.2,94.45365853658537
sub-175,9.2,41.8
sub-177,9.2,99.3
sub-179,9.2,87.3
sub-180,9.2,95.82047244094488
sub-185,9.2,50.1
sub-186,9.2,38.846579804560264
sub-187,9.2,64.1
sub-188,9.2,100.0
sub-197,9.2,99.4
sub-199,9.2,25.1
sub-200,9.2,100.0
sub-201,9.2,93.07407407407406
sub-208,9.2,99.9
sub-209,9.2,74.3
sub-210,9.2,12.0
sub-212,9.2,10.0
sub-215,9.2,2.9
sub-217,9.2,50.1225
sub-219,9.2,100.0
sub-220,9.2,34.641666666666666
sub-224,9.2,36.8
sub-229,9.2,60.8
sub-230,9.2,78.1
sub-001,9.43,99.9
sub-003,9.43,60.9
sub-012,9.43,61.5
sub-016,9.43,49.7
sub-021,9.43,78.172
sub-023,9.43,50.3
sub-024,9.43,58.3
sub-027,9.43,25.2
sub-028,9.43,13.2
sub-029,9.43,100.0
sub-031,9.43,99.4
sub-033,9.43,100.0
sub-039,9.43,12.1
sub-042,9.43,100.0
sub-043,9.43,68.2
sub-044,9.43,9.1
sub-047,9.43,100.0
sub-048,9.43,91.1
sub-049,9.43,18.5
sub-056,9.43,79.1
sub-060,9.43,50.1
sub-062,9.43,74.0
sub-063,9.43,50.1
sub-064,9.43,100.0
sub-065,9.43,100.0
sub-069,9.43,13.2
sub-076,9.43,93.83571428571427
sub-078,9.43,97.7
sub-082,9.43,1.3
sub-085,9.43,52.9
sub-091,9.43,99.4
sub-092,9.43,0.9
sub-094,9.43,26.8
sub-097,9.43,96.0
sub-100,9.43,100.0
sub-102,9.43,67.5
sub-103,9.43,84.81666666666666
sub-104,9.43,100.0
sub-108,9.43,98.0
sub-113,9.43,79.7
sub-114,9.43,96.4
sub-115,9.43,48.413253012048195
sub-117,9.43,34.9
sub-118,9.43,100.0
sub-120,9.43,100.0
sub-126,9.43,100.0
sub-127,9.43,98.1
sub-129,9.43,42.906666666666666
sub-131,9.43,55.6
sub-137,9.43,0.2
sub-139,9.43,62.8
sub-140,9.43,53.4
sub-146,9.43,70.7
sub-147,9.43,50.1
sub-148,9.43,50.0
sub-152,9.43,7.5
sub-153,9.43,100.0
sub-157,9.43,97.9
sub-159,9.43,80.1
sub-160,9.43,62.0
sub-161,9.43,
sub-173,9.43,49.8
sub-174,9.43,96.80843373493975
sub-175,9.43,41.8
sub-177,9.43,99.3
sub-179,9.43,87.3
sub-180,9.43,96.1
sub-185,9.43,50.1
sub-186,9.43,44.1
sub-187,9.43,59.68928571428572
sub-188,9.43,100.0
sub-197,9.43,99.4
sub-199,9.43,25.1
sub-200,9.43,100.0
sub-201,9.43,94.54457831325301
sub-208,9.43,99.9
sub-209,9.43,74.3
sub-210,9.43,12.0
sub-212,9.43,10.0
sub-215,9.43,2.9
sub-217,9.43,49.71518987341772
sub-219,9.43,100.0
sub-220,9.43,34.7
sub-224,9.43,36.8
sub-229,9.43,60.8
sub-230,9.43,78.1
sub-001,9.66,99.9
sub-003,9.66,60.9
sub-012,9.66,61.5
sub-016,9.66,49.7
sub-021,9.66,77.736
sub-023,9.66,50.3
sub-024,9.66,58.59733333333333
sub-027,9.66,25.2
sub-028,9.66,13.2
sub-029,9.66,100.0
sub-031,9.66,99.4
sub-033,9.66,100.0
sub-039,9.66,12.1
sub-042,9.66,100.0
sub-043,9.66,68.2
sub-044,9.66,9.1
sub-047,9.66,100.0
sub-048,9.66,91.1
sub-049,9.66,18.5
sub-056,9.66,79.1
sub-060,9.66,50.1
sub-062,9.66,73.62530120481927
sub-063,9.66,50.2
sub-064,9.66,100.0
sub-065,9.66,100.0
sub-069,9.66,13.2
sub-076,9.66,90.6
sub-078,9.66,97.7
sub-082,9.66,1.3
sub-085,9.66,52.9
sub-091,9.66,99.4
sub-092,9.66,0.9
sub-094,9.66,26.76385542168675
sub-097,9.66,96.0
sub-100,9.66,100.0
sub-102,9.66,67.5
sub-103,9.66,83.9
sub-104,9.66,100.0
sub-108,9.66,98.0
sub-113,9.66,79.7
sub-114,9.66,96.4
sub-115,9.66,46.49523809523809
sub-117,9.66,34.9
sub-118,9.66,100.0
sub-120,9.66,100.0
sub-126,9.66,100.0
sub-127,9.66,98.1
sub-129,9.66,49.096666666666664
sub-131,9.66,55.6
sub-137,9.66,0.2
sub-139,9.66,62.8
sub-140,9.66,55.067058823529415
sub-146,9.66,70.7
sub-147,9.66,50.1
sub-148,9.66,50.0
sub-152,9.66,6.352380952380952
sub-153,9.66,100.0
sub-157,9.66,97.9
sub-159,9.66,80.1
sub-160,9.66,62.0
sub-161,9.66,
sub-173,9.66,49.8
sub-174,9.66,97.89036144578314
sub-175,9.66,41.8
sub-177,9.66,99.3
sub-179,9.66,87.3
sub-180,9.66,96.1
sub-185,9.66,50.1
sub-186,9.66,44.27142857142857
sub-187,9.66,52.50240963855421
sub-188,9.66,100.0
sub-197,9.66,99.4
sub-199,9.66,25.1
sub-200,9.66,100.0
sub-201,9.66,94.6
sub-208,9.66,99.9
sub-209,9.66,74.3
sub-210,9.66,12.0
sub-212,9.66,10.0
sub-215,9.66,2.9
sub-217,9.66,49.139240506329116
sub-219,9.66,100.0
sub-220,9.66,40.06265060240964
sub-224,9.66,36.8
sub-229,9.66,60.8
sub-230,9.66,78.1
sub-001,9.89,99.9
sub-003,9.89,60.9
sub-012,9.89,61.5
sub-016,9.89,49.7
sub-021,9.89,77.026
sub-023,9.89,50.712048192771086
sub-024,9.89,59.120253164556964
sub-027,9.89,25.2
sub-028,9.89,13.2
sub-029,9.89,100.0
sub-031,9.89,99.4
sub-033,9.89,100.0
sub-039,9.89,12.1
sub-042,9.89,100.0
sub-043,9.89,68.2
sub-044,9.89,9.1
sub-047,9.89,100.0
sub-048,9.89,91.1
sub-049,9.89,18.3
sub-056,9.89,79.1
sub-060,9.89,50.22441860465116
sub-062,9.89,73.6
sub-063,9.89,50.3
sub-064,9.89,100.0
sub-065,9.89,100.0
sub-069,9.89,13.2
sub-076,9.89,90.6
sub-078,9.89,97.7
sub-082,9.89,1.5761904761904761
sub-085,9.89,52.9
sub-091,9.89,99.4
sub-092,9.89,
sub-094,9.89,26.4
sub-097,9.89,96.0
sub-100,9.89,100.0
sub-102,9.89,67.5
sub-103,9.89,84.50357142857142
sub-104,9.89,100.0
sub-108,9.89,98.0
sub-113,9.89,79.7
sub-114,9.89,96.4
sub-115,9.89,44.34939759036145
sub-117,9.89,34.9
sub-118,9.89,100.0
sub-120,9.89,100.0
sub-126,9.89,100.0
sub-127,9.89,98.1
sub-129,9.89,49.3
sub-131,9.89,55.6
sub-137,9.89,0.2
sub-139,9.89,62.9
sub-140,9.89,61.2046511627907
sub-146,9.89,70.7
sub-147,9.89,50.1
sub-148,9.89,50.0
sub-152,9.89,5.8
sub-153,9.89,100.0
sub-157,9.89,97.9
sub-159,9.89,80.1
sub-160,9.89,62.0
sub-161,9.89,
sub-173,9.89,49.8
sub-174,9.89,98.14047619047619
sub-175,9.89,41.8
sub-177,9.89,99.3
sub-179,9.89,87.3
sub-180,9.89,96.1
sub-185,9.89,50.1
sub-186,9.89,44.3
sub-187,9.89,49.8
sub-188,9.89,100.0
sub-197,9.89,99.4
sub-199,9.89,25.1
sub-200,9.89,100.0
sub-201,9.89,94.6
sub-208,9.89,100.0
sub-209,9.89,74.3
sub-210,9.89,12.0
sub-212,9.89,10.0
sub-215,9.89,2.9
sub-217,9.89,48.54125
sub-219,9.89,100.0
sub-220,9.89,43.84761904761905
sub-224,9.89,36.8
sub-229,9.89,60.8
sub-230,9.89,78.1
sub-001,10.12,99.9
sub-003,10.12,60.9
sub-012,10.12,61.48643216080402
sub-016,10.12,49.7
sub-021,10.12,77.0
sub-023,10.12,51.144578313253014
sub-024,10.12,59.5
sub-027,10.12,25.2
sub-028,10.12,13.2
sub-029,10.12,100.0
sub-031,10.12,99.4
sub-033,10.12,100.0
sub-039,10.12,12.1
sub-042,10.12,100.0
sub-043,10.12,68.2
sub-044,10.12,9.1
sub-047,10.12,100.0
sub-048,10.12,91.1
sub-049,10.12,18.684
sub-056,10.12,79.1
sub-060,10.12,50.4953488372093
sub-062,10.12,73.6
sub-063,10.12,50.3
sub-064,10.12,100.0
sub-065,10.12,100.0
sub-069,10.12,13.2
sub-076,10.12,90.3
sub-078,10.12,97.7
sub-082,10.12,1.8
sub-085,10.12,52.9
sub-091,10.12,99.4
sub-092,10.12,
sub-094,10.12,26.4
sub-097,10.12,96.0
sub-100,10.12,100.0
sub-102,10.12,67.5
sub-103,10.12,87.51686746987951
sub-104,10.12,100.0
sub-108,10.12,98.0
sub-113,10.12,79.7
sub-114,10.12,96.4
sub-115,10.12,42.48
sub-117,10.12,34.9
sub-118,10.12,100.0
sub-120,10.12,100.0
sub-126,10.12,100.0
sub-127,10.12,97.7
sub-129,10.12,49.3
sub-131,10.12,55.6
sub-137,10.12,0.2
sub-139,10.12,64.4
sub-140,10.12,61.4
sub-146,10.12,70.7
sub-147,10.12,50.1
sub-148,10.12,50.0
sub-152,10.12,5.8
sub-153,10.12,100.0
sub-157,10.12,97.9
sub-159,10.12,80.1
sub-160,10.12,62.0
sub-161,10.12,
sub-173,10.12,49.8
sub-174,10.12,98.2
sub-175,10.12,41.8
sub-177,10.12,99.3
sub-179,10.12,87.3
sub-180,10.12,96.1
sub-185,10.12,50.1
sub-186,10.12,44.161904761904765
sub-187,10.12,49.8
sub-188,10.12,100.0
sub-197,10.12,99.4
sub-199,10.12,25.1
sub-200,10.12,100.0
sub-201,10.12,94.64146341463415
sub-208,10.12,100.0
sub-209,10.12,74.3
sub-210,10.12,12.0
sub-212,10.12,9.301176470588235
sub-215,10.12,2.9
sub-217,10.12,48.36125
sub-219,10.12,100.0
sub-220,10.12,44.9
sub-224,10.12,36.8
sub-229,10.12,60.8
sub-230,10.12,78.1
sub-001,10.35,99.9
sub-003,10.35,58.9365
sub-012,10.35,61.342574257425746
sub-016,10.35,49.7
sub-021,10.35,76.94949494949495
sub-023,10.35,74.87228915662651
sub-024,10.35,59.66511627906977
sub-027,10.35,25.2
sub-028,10.35,13.267469879518073
sub-029,10.35,100.0
sub-031,10.35,99.4
sub-033,10.35,100.0
sub-039,10.35,12.1
sub-042,10.35,100.0
sub-043,10.35,68.2
sub-044,10.35,9.1
sub-047,10.35,100.0
sub-048,10.35,91.1
sub-049,10.35,20.0
sub-056,10.35,79.1
sub-060,10.35,50.5
sub-062,10.35,73.6
sub-063,10.35,50.3
sub-064,10.35,100.0
sub-065,10.35,100.0
sub-069,10.35,13.2
sub-076,10.35,88.43012048192772
sub-078,10.35,97.7
sub-082,10.35,1.8642857142857143
sub-085,10.35,73.84578313253013
sub-091,10.35,99.4
sub-092,10.35,
sub-094,10.35,26.4
sub-097,10.35,96.0
sub-100,10.35,100.0
sub-102,10.35,67.5
sub-103,10.35,94.70240963855422
sub-104,10.35,100.0
sub-108,10.35,98.0
sub-113,10.35,79.7
sub-114,10.35,96.4
sub-115,10.35,40.7
sub-117,10.35,34.9
sub-118,10.35,100.0
sub-120,10.35,100.0
sub-126,10.35,100.0
sub-127,10.35,97.5
sub-129,10.35,48.355000000000004
sub-131,10.35,55.6
sub-137,10.35,0.2
sub-139,10.35,64.4
sub-140,10.35,61.4
sub-146,10.35,70.7
sub-147,10.35,50.1
sub-148,10.35,50.0
sub-152,10.35,4.587951807228916
sub-153,10.35,100.0
sub-157,10.35,97.9
sub-159,10.35,80.1
sub-160,10.35,62.0
sub-161,10.35,
sub-173,10.35,49.8
sub-174,10.35,98.2
sub-175,10.35,41.8
sub-177,10.35,99.3
sub-179,10.35,87.3
sub-180,10.35,96.41176470588235
sub-185,10.35,50.1
sub-186,10.35,44.1
sub-187,10.35,49.8
sub-188,10.35,100.0
sub-197,10.35,99.4
sub-199,10.35,25.1
sub-200,10.35,100.0
sub-201,10.35,98.00361445783132
sub-208,10.35,100.0
sub-209,10.35,74.3
sub-210,10.35,12.0
sub-212,10.35,6.6
sub-215,10.35,2.9
sub-217,10.35,39.064556962025314
sub-219,10.35,100.0
sub-220,10.35,44.9
sub-224,10.35,36.8
sub-229,10.35,74.80722891566265
sub-230,10.35,78.1
sub-001,10.58,99.9
sub-003,10.58,53.726
sub-012,10.58,60.943283582089556
sub-016,10.58,49.7
sub-021,10.58,76.488
sub-023,10.58,100.0
sub-024,10.58,61.34712643678161
sub-027,10.58,25.2
sub-028,10.58,13.3
sub-029,10.58,100.0
sub-031,10.58,99.4
sub-033,10.58,100.0
sub-039,10.58,12.1
sub-042,10.58,100.0
sub-043,10.58,68.2
sub-044,10.58,9.1
sub-047,10.58,100.0
sub-048,10.58,91.1
sub-049,10.58,18.243478260869566
sub-056,10.58,79.1
sub-060,10.58,50.5
sub-062,10.58,73.6
sub-063,10.58,50.3
sub-064,10.58,100.0
sub-065,10.58,100.0
sub-069,10.58,13.2
sub-076,10.58,88.3
sub-078,10.58,97.7
sub-082,10.58,2.495121951219512
sub-085,10.58,86.6
sub-091,10.58,99.4
sub-092,10.58,
sub-094,10.58,26.4
sub-097,10.58,96.0
sub-100,10.58,100.0
sub-102,10.58,67.5
sub-103,10.58,95.1
sub-104,10.58,100.0
sub-108,10.58,98.0
sub-113,10.58,79.7
sub-114,10.58,96.4
sub-115,10.58,40.7
sub-117,10.58,34.9
sub-118,10.58,100.0
sub-120,10.58,100.0
sub-126,10.58,100.0
sub-127,10.58,97.5
sub-129,10.58,44.644000000000005
sub-131,10.58,55.6
sub-137,10.58,0.2
sub-139,10.58,64.4
sub-140,10.58,51.676829268292686
sub-146,10.58,70.7
sub-147,10.58,50.1
sub-148,10.58,50.0
sub-152,10.58,2.5542168674698793
sub-153,10.58,100.0
sub-157,10.58,97.9
sub-159,10.58,80.1
sub-160,10.58,62.0
sub-161,10.58,
sub-173,10.58,49.8
sub-174,10.58,98.2
sub-175,10.58,41.8
sub-177,10.58,99.3
sub-179,10.58,87.3
sub-180,10.58,96.6
sub-185,10.58,50.1
sub-186,10.58,44.010714285714286
sub-187,10.58,48.92439024390244
sub-188,10.58,100.0
sub-197,10.58,99.4
sub-199,10.58,25.1
sub-200,10.58,100.0
sub-201,10.58,99.04795918367347
sub-208,10.58,100.0
sub-209,10.58,74.3
sub-210,10.58,12.0
sub-212,10.58,1.6698795180722894
sub-215,10.58,2.9
sub-217,10.58,36.3
sub-219,10.58,100.0
sub-220,10.58,44.9
sub-224,10.58,36.8
sub-229,10.58,84.5
sub-230,10.58,78.1
sub-001,10.81,99.9
sub-003,10.81,48.104
sub-012,10.81,60.65867346938776
sub-016,10.81,49.7
sub-021,10.81,76.4
sub-023,10.81,79.54578313253012
sub-024,10.81,61.8
sub-027,10.81,25.2
sub-028,10.81,13.7
sub-029,10.81,100.0
sub-031,10.81,99.4
sub-033,10.81,100.0
sub-039,10.81,12.1
sub-042,10.81,100.0
sub-043,10.81,67.29069767441861
sub-044,10.81,9.1
sub-047,10.81,100.0
sub-048,10.81,91.1
sub-049,10.81,14.1
sub-056,10.81,79.17261904761905
sub-060,10.81,50.5
sub-062,10.81,73.6
sub-063,10.81,50.3
sub-064,10.81,100.0
sub-065,10.81,100.0
sub-069,10.81,13.2
sub-076,10.81,88.3
sub-078,10.81,97.7
sub-082,10.81,2.5
sub-085,10.81,89.1
sub-091,10.81,99.4
sub-092,10.81,
sub-094,10.81,26.4
sub-097,10.81,96.0
sub-100,10.81,100.0
sub-102,10.81,67.5
sub-103,10.81,95.2
sub-104,10.81,100.0
sub-108,10.81,98.0
sub-113,10.81,79.7
sub-114,10.81,96.4
sub-115,10.81,40.7
sub-117,10.81,34.9
sub-118,10.81,100.0
sub-120,10.81,100.0
sub-126,10.81,100.0
sub-127,10.81,97.5
sub-129,10.81,44.2
sub-131,10.81,49.06
sub-137,10.81,0.2
sub-139,10.81,64.4
sub-140,10.81,49.00476190476191
sub-146,10.81,70.7
sub-147,10.81,50.1
sub-148,10.81,50.0
sub-152,10.81,0.5
sub-153,10.81,100.0
sub-157,10.81,97.9
sub-159,10.81,80.1
sub-160,10.81,62.0
sub-161,10.81,
sub-173,10.81,49.8
sub-174,10.81,98.2
sub-175,10.81,40.55180722891566
sub-177,10.81,99.3
sub-179,10.81,87.3
sub-180,10.81,97.17862068965518
sub-185,10.81,50.1
sub-186,10.81,43.9
sub-187,10.81,48.72976190476191
sub-188,10.81,100.0
sub-197,10.81,99.4
sub-199,10.81,25.1
sub-200,10.81,100.0
sub-201,10.81,99.1
sub-208,10.81,100.0
sub-209,10.81,74.3
sub-210,10.81,12.0
sub-212,10.81,0.7
sub-215,10.81,2.9
sub-217,10.81,36.3
sub-219,10.81,100.0
sub-220,10.81,44.9
sub-224,10.81,36.8
sub-229,10.81,84.93571428571428
sub-230,10.81,78.15474452554744
