rating,int_action_audio,acc_action_audio,all_action_audio
0.0,0.0,0.0,0.0
0.0,0.0,0.0,0.0
0.0,0.0,0.0,0.0
0.0,0.0,0.0,0.0
0.0,-0.46827567918669594,0.7119363058254509,0.24366062663875504
0.0,-0.46827567918669594,0.7119363058254509,0.24366062663875504
0.0,-0.46827567918669594,0.7119363058254509,0.24366062663875504
0.0,-0.46827567918669594,0.7119363058254509,0.24366062663875504
0.0,-0.46827567918669594,0.7119363058254509,0.24366062663875504
0.0,-0.46827567918669594,0.7119363058254509,0.24366062663875504
0.0,-0.46827567918669594,0.7119363058254509,0.24366062663875504
0.0,-0.46827567918669594,0.7119363058254509,0.24366062663875504
0.0,0.640635210813304,-0.21875676417454915,0.4218784466387551
0.0,0.640635210813304,-0.21875676417454915,0.4218784466387551
0.0,0.640635210813304,-0.21875676417454915,0.4218784466387551
0.0,0.640635210813304,-0.21875676417454915,0.4218784466387551
0.0,0.5098741199819042,-0.24893240028581554,0.2609417196960889
0.0,0.3832094688133039,-0.27816270417454914,0.10504676463875495
0.0,0.3832094688133039,-0.27816270417454914,0.10504676463875495
0.0,0.3832094688133039,-0.27816270417454914,0.10504676463875495
0.0,0.3832094688133039,-0.27816270417454914,0.10504676463875495
0.0,-0.8049093431866959,-0.1593508221745491,-0.9642601653612449
0.0,-0.8049093431866959,-0.1593508221745491,-0.9642601653612449
0.0,-0.8049093431866959,-0.1593508221745491,-0.9642601653612449
0.0,-0.8049093431866959,-0.1593508221745491,-0.9642601653612449
0.0,0.581229270813304,-0.21875676417454915,0.36247250663875513
0.0,0.581229270813304,-0.21875676417454915,0.36247250663875513
0.0,0.581229270813304,-0.21875676417454915,0.36247250663875513
0.0,0.581229270813304,-0.21875676417454915,0.36247250663875513
0.0,0.581229270813304,-0.21875676417454915,0.36247250663875513
0.0,0.581229270813304,-0.21875676417454915,0.36247250663875513
0.0,0.581229270813304,-0.21875676417454915,0.36247250663875513
0.0,0.462417388813304,-0.27816270417454914,0.18425468463875505
0.0,0.462417388813304,-0.27816270417454914,0.18425468463875505
0.0,-0.5276816211866959,-0.1395488421745491,-0.667230463361245
0.0,-0.5276816211866959,-0.1395488421745491,-0.667230463361245
0.0,-0.5276816211866959,-0.1395488421745491,-0.667230463361245
0.0,-0.5276816211866959,-0.1395488421745491,-0.667230463361245
0.0,-0.5276816211866959,-0.1395488421745491,-0.667230463361245
0.0,-0.16557398378784377,-0.11943175143370466,-0.28500573522154815
0.0,0.18518966681330382,-0.09994488217454911,0.08524478463875496
0.0,0.18518966681330382,-0.09994488217454911,0.08524478463875496
0.0,0.18518966681330382,-0.09994488217454911,0.08524478463875496
0.0,0.18518966681330382,-0.09994488217454911,0.08524478463875496
0.0,0.18518966681330382,-0.09994488217454911,0.08524478463875496
0.0,-0.32966181918669596,0.6327283858254509,0.30306656663875503
0.0,-0.32966181918669596,0.6327283858254509,0.30306656663875503
0.0,-0.32966181918669596,0.6327283858254509,0.30306656663875503
0.0,-0.32966181918669596,0.6327283858254509,0.30306656663875503
0.0,-0.32966181918669596,0.6327283858254509,0.30306656663875503
0.0,0.223558182281996,0.18009383907689258,0.40365202135888884
0.0,0.759447092813304,-0.25836072417454914,0.501086368638755
0.0,0.759447092813304,-0.25836072417454914,0.501086368638755
0.0,0.2162856377309307,0.11380545859473068,0.3300910963256615
0.0,-0.30985983718669585,0.47431254382545085,0.16445270663875505
0.0,-0.30985983718669585,0.47431254382545085,0.16445270663875505
0.0,-0.30985983718669585,0.47431254382545085,0.16445270663875505
0.0,-0.30985983718669585,0.47431254382545085,0.16445270663875505
0.0,-0.30985983718669585,0.47431254382545085,0.16445270663875505
0.0,-0.30985983718669585,0.47431254382545085,0.16445270663875505
1.0,0.0,0.0,0.0
1.0,0.0,0.0,0.0
1.0,0.0,0.0,0.0
1.0,0.0,0.0,0.0
1.0,0.0,0.0,0.0
1.0,0.0,0.0,0.0
1.0,0.0,0.0,0.0
1.0,0.0,0.0,0.0
1.0,0.0,0.0,0.0
1.0,0.0,0.0,0.0
1.0,0.0,0.0,0.0
1.0,0.0,0.0,0.0
1.0,0.0,0.0,0.0
1.0,0.0,0.0,0.0
1.0,0.0,0.0,0.0
1.0,0.0,0.0,0.0
1.0,0.0,0.0,0.0
1.0,0.0,0.0,0.0
1.0,0.0,0.0,0.0
0.0,0.0,0.0,0.0
0.0,0.0,0.0,0.0
0.0,0.0,0.0,0.0
0.0,0.0,0.0,0.0
0.0,0.0,0.0,0.0
0.0,0.0,0.0,0.0
0.0,0.5020213508133039,-0.1593508221745491,0.3426705286387549
0.0,0.5020213508133039,-0.1593508221745491,0.3426705286387549
0.0,0.5020213508133039,-0.1593508221745491,0.3426705286387549
0.0,0.5020213508133039,-0.1593508221745491,0.3426705286387549
0.0,0.5020213508133039,-0.1593508221745491,0.3426705286387549
0.0,0.5020213508133039,-0.1593508221745491,0.3426705286387549
0.0,0.759447092813304,-0.1989547821745492,0.5604923106387549
0.0,0.759447092813304,-0.1989547821745492,0.5604923106387549
0.0,0.759447092813304,-0.1989547821745492,0.5604923106387549
0.0,0.759447092813304,-0.1989547821745492,0.5604923106387549
0.0,0.759447092813304,-0.1989547821745492,0.5604923106387549
0.0,0.759447092813304,-0.1989547821745492,0.5604923106387549
0.0,0.759447092813304,-0.1989547821745492,0.5604923106387549
0.0,0.759447092813304,-0.1989547821745492,0.5604923106387549
0.0,0.759447092813304,-0.1989547821745492,0.5604923106387549
0.0,0.759447092813304,-0.1989547821745492,0.5604923106387549
0.0,0.6320688221241602,-0.17000517546555383,0.46206364665860655
0.0,0.32380352881330415,-0.09994488217454911,0.2238586466387552
0.0,0.32380352881330415,-0.09994488217454911,0.2238586466387552
0.0,0.32380352881330415,-0.09994488217454911,0.2238586466387552
0.0,0.32380352881330415,-0.09994488217454911,0.2238586466387552
0.0,0.14431596546318093,0.1027023671275531,0.24701833259073425
0.0,-0.29005785718669597,0.593124425825451,0.30306656863875503
0.0,-0.29005785718669597,0.593124425825451,0.30306656863875503
0.0,-0.29005785718669597,0.593124425825451,0.30306656863875503
0.0,-0.29005785718669597,0.593124425825451,0.30306656863875503
0.0,-0.29005785718669597,0.593124425825451,0.30306656863875503
0.0,-0.29005785718669597,0.593124425825451,0.30306656863875503
0.0,-0.29005785718669597,0.593124425825451,0.30306656863875503
0.0,-0.29005785718669597,0.593124425825451,0.30306656863875503
0.0,-0.38906775918669595,-0.0009349801745491826,-0.3900027393612452
0.0,-0.38906775918669595,-0.0009349801745491826,-0.3900027393612452
0.0,-0.23065191718669598,-0.060340922174549005,-0.290992839361245
0.0,-0.23065191718669598,-0.060340922174549005,-0.290992839361245
0.0,-0.051164353836572876,-0.08929052888354538,-0.1404548827201182
0.0,0.3832094688133039,-0.1593508221745491,0.22385864663875504
0.0,0.10529324148302942,-0.1072415295135738,-0.001948288030544254
0.0,-0.567285581186696,0.018866999825450925,-0.5484185813612449
0.0,-0.567285581186696,0.018866999825450925,-0.5484185813612449
0.0,-0.567285581186696,0.018866999825450925,-0.5484185813612449
0.0,-0.6860974611866959,-0.0009349801745491826,-0.6870324413612451
0.0,-0.5239796624467576,-0.024094666126527442,-0.5480743285732849
0.0,-0.13164201718669608,-0.08014290217454911,-0.2117849193612451
0.0,-0.13164201718669608,-0.08014290217454911,-0.2117849193612451
0.0,-0.13164201718669608,-0.08014290217454911,-0.2117849193612451
0.0,-0.13164201718669608,-0.08014290217454911,-0.2117849193612451
0.0,-0.13164201718669608,-0.08014290217454911,-0.2117849193612451
0.0,-0.010053667254556373,-0.09172274485814846,-0.10177641211270472
0.0,0.28419956881330416,-0.1197468621745491,0.16445270663875522
0.0,0.28419956881330416,-0.1197468621745491,0.16445270663875522
0.0,0.22051043288394812,-0.13132670485814768,0.08918372802580066
0.0,0.06637778481330393,-0.1593508221745491,-0.09297303736124507
0.0,0.06637778481330393,-0.1593508221745491,-0.09297303736124507
0.0,0.06637778481330393,-0.1593508221745491,-0.09297303736124507
0.0,0.06637778481330393,-0.1593508221745491,-0.09297303736124507
0.0,0.06637778481330393,-0.1593508221745491,-0.09297303736124507
0.0,0.06637778481330393,-0.1593508221745491,-0.09297303736124507
0.0,0.06637778481330393,-0.1593508221745491,-0.09297303736124507
0.0,0.06637778481330393,-0.1593508221745491,-0.09297303736124507
0.0,0.06637778481330393,-0.1593508221745491,-0.09297303736124507
1.0,0.0,0.0,0.0
1.0,0.0,0.0,0.0
1.0,0.0,0.0,0.0
1.0,0.0,0.0,0.0
1.0,0.0,0.0,0.0
1.0,0.0,0.0,0.0
1.0,0.0,0.0,0.0
1.0,0.0,0.0,0.0
1.0,0.0,0.0,0.0
1.0,0.0,0.0,0.0
1.0,0.0,0.0,0.0
1.0,0.0,0.0,0.0
1.0,0.0,0.0,0.0
1.0,0.0,0.0,0.0
1.0,0.0,0.0,0.0
1.0,0.0,0.0,0.0
1.0,0.0,0.0,0.0
1.0,0.0,0.0,0.0
1.0,0.0,0.0,0.0
0.0,0.0,0.0,0.0
0.0,0.0,0.0,0.0
0.0,0.0,0.0,0.0
0.0,0.0,0.0,0.0
0.0,0.0,0.0,0.0
0.0,0.0,0.0,0.0
0.0,0.0,0.0,0.0
0.0,0.0,0.0,0.0
0.0,0.0,0.0,0.0
0.0,0.0,0.0,0.0
0.0,-0.250453897186696,-0.04053894217454901,-0.290992839361245
0.0,-0.250453897186696,-0.04053894217454901,-0.290992839361245
0.0,-0.250453897186696,-0.04053894217454901,-0.290992839361245
0.0,-0.23065191718669598,0.1772828398254509,-0.053369077361244965
0.0,-0.23065191718669598,0.1772828398254509,-0.053369077361244965
0.0,-0.23065191718669598,0.1772828398254509,-0.053369077361244965
0.0,-0.23065191718669598,0.1772828398254509,-0.053369077361244965
0.0,-0.18609229436397468,0.1030168017875821,-0.08307549257639246
0.0,-0.17124597718669599,0.0782729398254508,-0.09297303736124507
0.0,-0.17124597718669599,0.0782729398254508,-0.09297303736124507
0.0,-0.17124597718669599,0.0782729398254508,-0.09297303736124507
0.0,0.37832271029424047,-0.15937838489608214,0.21894432539815845
0.0,0.561427290813304,-0.23855874417454914,0.32286854663875514
0.0,0.561427290813304,-0.23855874417454914,0.32286854663875514
0.0,0.561427290813304,-0.23855874417454914,0.32286854663875514
0.0,0.2346567204463533,-0.1345862894213652,0.10007043102498836
0.0,0.12578372681330383,-0.09994488217454911,0.025838844638754854
0.0,0.12578372681330383,-0.09994488217454911,0.025838844638754854
0.0,0.12578372681330383,-0.09994488217454911,0.025838844638754854
0.0,0.1703433496360224,-0.09994488217454911,0.07039846746147338
0.0,0.18518966681330382,-0.09994488217454911,0.08524478463875496
0.0,0.18518966681330382,-0.09994488217454911,0.08524478463875496
0.0,0.18518966681330382,-0.09994488217454911,0.08524478463875496
0.0,0.18518966681330382,-0.09994488217454911,0.08524478463875496
0.0,0.18518966681330382,-0.09994488217454911,0.08524478463875496
0.0,0.18518966681330382,-0.09994488217454911,0.08524478463875496
1.0,0.0,0.0,0.0
1.0,0.0,0.0,0.0
1.0,0.0,0.0,0.0
1.0,0.0,0.0,0.0
1.0,0.0,0.0,0.0
1.0,0.0,0.0,0.0
1.0,0.0,0.0,0.0
1.0,0.0,0.0,0.0
1.0,0.0,0.0,0.0
1.0,0.0,0.0,0.0
1.0,0.0,0.0,0.0
1.0,0.0,0.0,0.0
1.0,0.0,0.0,0.0
1.0,0.0,0.0,0.0
1.0,0.0,0.0,0.0
1.0,0.0,0.0,0.0
1.0,0.0,0.0,0.0
1.0,0.0,0.0,0.0
0.0,0.0,0.0,0.0
0.0,0.0,0.0,0.0
0.0,0.0,0.0,0.0
0.0,0.0,0.0,0.0
0.0,0.34360550881330415,-0.23855874417454914,0.10504676463875529
0.0,0.34360550881330415,-0.23855874417454914,0.10504676463875529
0.0,0.34360550881330415,-0.23855874417454914,0.10504676463875529
0.0,0.34360550881330415,-0.23855874417454914,0.10504676463875529
0.0,-0.27025587718669597,0.41490660382545086,0.1446507266387549
0.0,-0.27025587718669597,0.41490660382545086,0.1446507266387549
0.0,-0.27025587718669597,0.41490660382545086,0.1446507266387549
0.0,-0.27025587718669597,0.41490660382545086,0.1446507266387549
0.0,-0.27025587718669597,0.41490660382545086,0.1446507266387549
0.0,-0.27025587718669597,0.41490660382545086,0.1446507266387549
0.0,-0.27025587718669597,0.41490660382545086,0.1446507266387549
0.0,-0.27025587718669597,0.41490660382545086,0.1446507266387549
0.0,-0.6068895411866959,-0.04053894217454901,-0.6474284833612448
0.0,-0.6068895411866959,-0.04053894217454901,-0.6474284833612448
0.0,-0.6068895411866959,-0.04053894217454901,-0.6474284833612448
0.0,-0.6068895411866959,-0.04053894217454901,-0.6474284833612448
0.0,-0.26156045777014125,0.27716381490351216,0.01560335713337102
0.0,-0.11184003518669587,0.41490660382545086,0.30306656863875503
0.0,-0.11184003518669587,0.41490660382545086,0.30306656863875503
0.0,-0.11184003518669587,0.41490660382545086,0.30306656863875503
0.0,-0.5953007516908464,0.9674331361758346,0.3721323844849883
0.0,-0.8049093431866959,1.2069858118254508,0.4020764686387549
0.0,-0.8049093431866959,1.2069858118254508,0.4020764686387549
0.0,-0.8049093431866959,1.2069858118254508,0.4020764686387549
0.0,-0.8049093431866959,1.2069858118254508,0.4020764686387549
0.0,-0.8049093431866959,1.2069858118254508,0.4020764686387549
1.0,0.0,0.0,0.0
1.0,0.0,0.0,0.0
1.0,0.0,0.0,0.0
1.0,0.0,0.0,0.0
1.0,0.0,0.0,0.0
1.0,0.0,0.0,0.0
1.0,0.0,0.0,0.0
1.0,0.0,0.0,0.0
1.0,0.0,0.0,0.0
1.0,0.0,0.0,0.0
1.0,0.0,0.0,0.0
1.0,0.0,0.0,0.0
1.0,0.0,0.0,0.0
1.0,0.0,0.0,0.0
1.0,0.0,0.0,0.0
1.0,0.0,0.0,0.0
1.0,0.0,0.0,0.0
1.0,0.0,0.0,0.0
0.0,0.0,0.0,0.0
0.0,0.0,0.0,0.0
0.0,0.0,0.0,0.0
0.0,0.0,0.0,0.0
0.0,0.601031250813304,-0.060340922174549005,0.5406903286387551
0.0,0.601031250813304,-0.060340922174549005,0.5406903286387551
0.0,0.601031250813304,-0.060340922174549005,0.5406903286387551
0.0,0.601031250813304,-0.060340922174549005,0.5406903286387551
0.0,0.601031250813304,-0.060340922174549005,0.5406903286387551
0.0,0.601031250813304,-0.060340922174549005,0.5406903286387551
0.0,0.601031250813304,-0.060340922174549005,0.5406903286387551
0.0,-0.07223607518669597,-0.1989547821745492,-0.27119085736124493
0.0,-0.07223607518669597,-0.1989547821745492,-0.27119085736124493
0.0,-0.07223607518669597,-0.1989547821745492,-0.27119085736124493
0.0,-0.07223607518669597,-0.1989547821745492,-0.27119085736124493
0.0,-0.6662954811866959,-0.1791528021745491,-0.845448283361245
0.0,-0.6662954811866959,-0.1791528021745491,-0.845448283361245
0.0,-0.6662954811866959,-0.1791528021745491,-0.845448283361245
0.0,-0.6662954811866959,-0.1791528021745491,-0.845448283361245
0.0,-0.6662954811866959,-0.1791528021745491,-0.845448283361245
1.0,0.0,0.0,0.0
1.0,0.0,0.0,0.0
1.0,0.0,0.0,0.0
1.0,0.0,0.0,0.0
1.0,0.0,0.0,0.0
1.0,0.0,0.0,0.0
1.0,0.0,0.0,0.0
1.0,0.0,0.0,0.0
1.0,0.0,0.0,0.0
1.0,0.0,0.0,0.0
1.0,0.0,0.0,0.0
1.0,0.0,0.0,0.0
1.0,0.0,0.0,0.0
1.0,0.0,0.0,0.0
1.0,0.0,0.0,0.0
1.0,0.0,0.0,0.0
1.0,0.0,0.0,0.0
1.0,0.0,0.0,0.0
0.0,0.0,0.0,0.0
0.0,0.0,0.0,0.0
0.0,0.0,0.0,0.0
0.0,0.0,0.0,0.0
0.0,0.5218233308133039,0.018866999825450925,0.540690330638755
0.0,0.5218233308133039,0.018866999825450925,0.540690330638755
0.0,0.5218233308133039,0.018866999825450925,0.540690330638755
0.0,0.5218233308133039,0.018866999825450925,0.540690330638755
0.0,0.5218233308133039,0.018866999825450925,0.540690330638755
0.0,0.16538768681330382,-0.020736962174549123,0.14465072463875495
0.0,0.16538768681330382,-0.020736962174549123,0.14465072463875495
0.0,0.16538768681330382,-0.020736962174549123,0.14465072463875495
0.0,0.16538768681330382,-0.020736962174549123,0.14465072463875495
0.0,0.1543950406545666,-0.0024158848732347415,0.15197915578133203
0.0,0.10598174681330393,0.0782729398254508,0.18425468663875494
0.0,0.10598174681330393,0.0782729398254508,0.18425468663875494
0.0,0.10598174681330393,0.0782729398254508,0.18425468663875494
0.0,0.19758713220961852,0.05995186252413642,0.25753899473375524
0.0,0.601031250813304,-0.020736962174549123,0.580294288638755
0.0,0.601031250813304,-0.020736962174549123,0.580294288638755
0.0,0.601031250813304,-0.020736962174549123,0.580294288638755
0.0,0.601031250813304,-0.020736962174549123,0.580294288638755
0.0,0.601031250813304,-0.020736962174549123,0.580294288638755
0.0,0.601031250813304,-0.020736962174549123,0.580294288638755
0.0,0.601031250813304,-0.020736962174549123,0.580294288638755
0.0,0.601031250813304,-0.020736962174549123,0.580294288638755
0.0,0.601031250813304,-0.020736962174549123,0.580294288638755
1.0,0.0,0.0,0.0
1.0,0.0,0.0,0.0
1.0,0.0,0.0,0.0
1.0,0.0,0.0,0.0
1.0,0.0,0.0,0.0
1.0,0.0,0.0,0.0
1.0,0.0,0.0,0.0
1.0,0.0,0.0,0.0
1.0,0.0,0.0,0.0
1.0,0.0,0.0,0.0
1.0,0.0,0.0,0.0
1.0,0.0,0.0,0.0
1.0,0.0,0.0,0.0
1.0,0.0,0.0,0.0
1.0,0.0,0.0,0.0
1.0,0.0,0.0,0.0
1.0,0.0,0.0,0.0
1.0,0.0,0.0,0.0
0.0,0.0,0.0,0.0
0.0,0.0,0.0,0.0
0.0,0.0,0.0,0.0
0.0,0.0,0.0,0.0
0.0,0.0,0.0,0.0
0.0,0.0,0.0,0.0
0.0,0.0,0.0,0.0
0.0,0.0,0.0,0.0
0.0,0.0,0.0,0.0
0.0,0.0,0.0,0.0
0.0,0.8161925197075603,-0.2554583462432315,0.5607341734643292
0.0,0.818853032813304,-0.25836072417454914,0.560492308638755
0.0,0.818853032813304,-0.25836072417454914,0.560492308638755
0.0,0.818853032813304,-0.25836072417454914,0.560492308638755
0.0,0.818853032813304,-0.25836072417454914,0.560492308638755
0.0,0.818853032813304,-0.25836072417454914,0.560492308638755
0.0,0.818853032813304,-0.25836072417454914,0.560492308638755
0.0,0.818853032813304,-0.25836072417454914,0.560492308638755
0.0,0.818853032813304,-0.25836072417454914,0.560492308638755
0.0,0.818853032813304,-0.25836072417454914,0.560492308638755
0.0,-0.17124597718669599,-0.1197468621745491,-0.290992839361245
0.0,-0.17124597718669599,-0.1197468621745491,-0.290992839361245
0.0,0.04636543365294003,-0.1257916235189256,-0.07942618986598537
0.0,0.541625310813304,-0.1395488421745491,0.402076468638755
0.0,0.541625310813304,-0.1395488421745491,0.402076468638755
0.0,0.541625310813304,-0.1395488421745491,0.402076468638755
0.0,0.541625310813304,-0.1395488421745491,0.402076468638755
0.0,0.541625310813304,-0.1395488421745491,0.402076468638755
0.0,0.26439758681330394,-0.21875676417454915,0.04564082263875513
0.0,0.26439758681330394,-0.21875676417454915,0.04564082263875513
0.0,0.040741415239749335,-0.18853295684213744,-0.14779154160238794
0.0,-0.46827567918669594,-0.1197468621745491,-0.5880225413612449
0.0,-0.48036520187545384,-0.1439259075520648,-0.6242911094275186
0.0,-0.43534250244365746,-0.17477573679704328,-0.6101182392407006
0.0,-0.27025587718669597,-0.1197468621745491,-0.39000273936124497
0.0,-0.27025587718669597,-0.1197468621745491,-0.39000273936124497
0.0,-0.27025587718669597,-0.1197468621745491,-0.39000273936124497
0.0,-0.27025587718669597,-0.1197468621745491,-0.39000273936124497
0.0,-0.46827567918669594,-0.21875676417454915,-0.687032443361245
0.0,-0.46827567918669594,-0.21875676417454915,-0.687032443361245
0.0,-0.46827567918669594,-0.21875676417454915,-0.687032443361245
0.0,-0.46827567918669594,-0.21875676417454915,-0.687032443361245
0.0,-0.012830135186695972,0.0782729398254508,0.06544280463875496
0.0,-0.012830135186695972,0.0782729398254508,0.06544280463875496
0.0,-0.012830135186695972,0.0782729398254508,0.06544280463875496
0.0,-0.012830135186695972,0.0782729398254508,0.06544280463875496
0.0,-0.012830135186695972,0.0782729398254508,0.06544280463875496
0.0,-0.012830135186695972,0.0782729398254508,0.06544280463875496
0.0,-0.5870875611866959,0.03866897982545092,-0.5484185813612449
0.0,-0.5870875611866959,0.03866897982545092,-0.5484185813612449
0.0,-0.5870875611866959,0.03866897982545092,-0.5484185813612449
0.0,-0.5870875611866959,0.03866897982545092,-0.5484185813612449
0.0,-0.5870875611866959,0.03866897982545092,-0.5484185813612449
0.0,-0.49641613979997046,0.0024004111486565227,-0.49401572865131393
0.0,-0.29005785718669597,-0.08014290217454911,-0.37020075936124497
0.0,-0.29005785718669597,-0.08014290217454911,-0.37020075936124497
0.0,-0.29005785718669597,-0.08014290217454911,-0.37020075936124497
0.0,-0.29005785718669597,-0.08014290217454911,-0.37020075936124497
0.0,-0.29005785718669597,-0.08014290217454911,-0.37020075936124497
0.0,-0.29005785718669597,-0.08014290217454911,-0.37020075936124497
0.0,-0.29005785718669597,-0.08014290217454911,-0.37020075936124497
1.0,0.0,0.0,0.0
1.0,0.0,0.0,0.0
1.0,0.0,0.0,0.0
1.0,0.0,0.0,0.0
1.0,0.0,0.0,0.0
1.0,0.0,0.0,0.0
1.0,0.0,0.0,0.0
1.0,0.0,0.0,0.0
1.0,0.0,0.0,0.0
1.0,0.0,0.0,0.0
1.0,0.0,0.0,0.0
1.0,0.0,0.0,0.0
1.0,0.0,0.0,0.0
1.0,0.0,0.0,0.0
1.0,0.0,0.0,0.0
1.0,0.0,0.0,0.0
1.0,0.0,0.0,0.0
1.0,0.0,0.0,0.0
1.0,0.0,0.0,0.0
0.0,0.0,0.0,0.0
0.0,0.0,0.0,0.0
0.0,0.0,0.0,0.0
0.0,0.0,0.0,0.0
0.0,0.0,0.0,0.0
0.0,0.0,0.0,0.0
0.0,0.0,0.0,0.0
0.0,0.0,0.0,0.0
0.0,0.0,0.0,0.0
0.0,0.0,0.0,0.0
0.0,-0.5276816211866959,-0.09994488217454911,-0.627626503361245
0.0,-0.5276816211866959,-0.09994488217454911,-0.627626503361245
0.0,-0.5276816211866959,-0.09994488217454911,-0.627626503361245
0.0,-0.5276816211866959,-0.09994488217454911,-0.627626503361245
0.0,-0.5276816211866959,-0.09994488217454911,-0.627626503361245
0.0,-0.5276816211866959,-0.09994488217454911,-0.627626503361245
0.0,-0.5331401072482111,-0.07701924049566222,-0.6101593477438735
0.0,-0.626691521186696,0.3158967018254509,-0.310794819361245
0.0,-0.626691521186696,0.3158967018254509,-0.310794819361245
0.0,-0.626691521186696,0.3158967018254509,-0.310794819361245
0.0,-0.626691521186696,0.3158967018254509,-0.310794819361245
1.0,0.0,0.0,0.0
1.0,0.0,0.0,0.0
1.0,0.0,0.0,0.0
1.0,0.0,0.0,0.0
1.0,0.0,0.0,0.0
1.0,0.0,0.0,0.0
1.0,0.0,0.0,0.0
1.0,0.0,0.0,0.0
1.0,0.0,0.0,0.0
1.0,0.0,0.0,0.0
1.0,0.0,0.0,0.0
1.0,0.0,0.0,0.0
1.0,0.0,0.0,0.0
1.0,0.0,0.0,0.0
1.0,0.0,0.0,0.0
1.0,0.0,0.0,0.0
1.0,0.0,0.0,0.0
1.0,0.0,0.0,0.0
1.0,0.0,0.0,0.0
0.0,0.0,0.0,0.0
0.0,0.0,0.0,0.0
0.0,0.0,0.0,0.0
0.0,0.0,0.0,0.0
0.0,0.0,0.0,0.0
0.0,0.0,0.0,0.0
0.0,0.0,0.0,0.0
0.0,-0.5482756096600979,0.7275802413000946,0.17930463163999694
0.0,-0.547483601186696,0.7317382858254509,0.18425468463875505
0.0,-0.547483601186696,0.7317382858254509,0.18425468463875505
0.0,-0.547483601186696,0.7317382858254509,0.18425468463875505
0.0,-0.547483601186696,0.7317382858254509,0.18425468463875505
0.0,-0.547483601186696,0.7317382858254509,0.18425468463875505
0.0,-0.547483601186696,0.7317382858254509,0.18425468463875505
0.0,-0.547483601186696,0.7317382858254509,0.18425468463875505
0.0,-0.547483601186696,0.7317382858254509,0.18425468463875505
0.0,-0.547483601186696,0.7317382858254509,0.18425468463875505
0.0,-0.547483601186696,0.7317382858254509,0.18425468463875505
0.0,-0.626691521186696,0.6525303658254509,0.025838844638754965
0.0,-0.626691521186696,0.6525303658254509,0.025838844638754965
0.0,-0.626691521186696,0.6525303658254509,0.025838844638754965
0.0,-0.626691521186696,0.6525303658254509,0.025838844638754965
0.0,-0.626691521186696,0.6525303658254509,0.025838844638754965
0.0,-0.626691521186696,0.6525303658254509,0.025838844638754965
0.0,-0.626691521186696,0.6525303658254509,0.025838844638754965
0.0,-0.626691521186696,0.6525303658254509,0.025838844638754965
0.0,-0.626691521186696,0.6525303658254509,0.025838844638754965
0.0,-0.626691521186696,0.6525303658254509,0.025838844638754965
1.0,0.0,0.0,0.0
1.0,0.0,0.0,0.0
1.0,0.0,0.0,0.0
1.0,0.0,0.0,0.0
1.0,0.0,0.0,0.0
1.0,0.0,0.0,0.0
1.0,0.0,0.0,0.0
1.0,0.0,0.0,0.0
1.0,0.0,0.0,0.0
1.0,0.0,0.0,0.0
1.0,0.0,0.0,0.0
1.0,0.0,0.0,0.0
1.0,0.0,0.0,0.0
1.0,0.0,0.0,0.0
1.0,0.0,0.0,0.0
1.0,0.0,0.0,0.0
1.0,0.0,0.0,0.0
1.0,0.0,0.0,0.0
0.0,0.0,0.0,0.0
0.0,0.0,0.0,0.0
0.0,0.0,0.0,0.0
0.0,0.0,0.0,0.0
0.0,0.0,0.0,0.0
0.0,0.0,0.0,0.0
0.0,0.0,0.0,0.0
0.0,0.0,0.0,0.0
0.0,0.0,0.0,0.0
0.0,0.0,0.0,0.0
0.0,-0.6662954811866959,-0.060340922174549005,-0.7266364033612448
0.0,-0.6662954811866959,-0.060340922174549005,-0.7266364033612448
0.0,-0.6662954811866959,-0.060340922174549005,-0.7266364033612448
0.0,-0.6662954811866959,-0.060340922174549005,-0.7266364033612448
0.0,-0.6662954811866959,-0.060340922174549005,-0.7266364033612448
0.0,-0.6662954811866959,-0.060340922174549005,-0.7266364033612448
0.0,-0.6662954811866959,-0.060340922174549005,-0.7266364033612448
0.0,-0.6662954811866959,-0.060340922174549005,-0.7266364033612448
0.0,-0.6662954811866959,-0.060340922174549005,-0.7266364033612448
0.0,-0.6860974611866959,0.1574808598254508,-0.5286166013612449
0.0,-0.6860974611866959,0.1574808598254508,-0.5286166013612449
0.0,-0.6860974611866959,0.1574808598254508,-0.5286166013612449
0.0,-0.6860974611866959,0.1574808598254508,-0.5286166013612449
0.0,-0.6860974611866959,0.1574808598254508,-0.5286166013612449
0.0,-0.6860974611866959,0.1574808598254508,-0.5286166013612449
0.0,-0.5622529573759437,0.12509075893833266,-0.43716219843761095
0.0,0.601031250813304,-0.1791528021745491,0.421878448638755
0.0,0.601031250813304,-0.1791528021745491,0.421878448638755
0.0,0.601031250813304,-0.1791528021745491,0.421878448638755
0.0,0.601031250813304,-0.1791528021745491,0.421878448638755
0.0,0.601031250813304,-0.1791528021745491,0.421878448638755
0.0,0.601031250813304,-0.1791528021745491,0.421878448638755
0.0,0.601031250813304,-0.1791528021745491,0.421878448638755
0.0,0.601031250813304,-0.1791528021745491,0.421878448638755
0.0,0.601031250813304,-0.1791528021745491,0.421878448638755
0.0,0.601031250813304,-0.1791528021745491,0.421878448638755
0.0,0.601031250813304,-0.1791528021745491,0.421878448638755
0.0,0.601031250813304,-0.1791528021745491,0.421878448638755
1.0,0.0,0.0,0.0
1.0,0.0,0.0,0.0
1.0,0.0,0.0,0.0
1.0,0.0,0.0,0.0
1.0,0.0,0.0,0.0
1.0,0.0,0.0,0.0
1.0,0.0,0.0,0.0
1.0,0.0,0.0,0.0
1.0,0.0,0.0,0.0
1.0,0.0,0.0,0.0
1.0,0.0,0.0,0.0
1.0,0.0,0.0,0.0
1.0,0.0,0.0,0.0
1.0,0.0,0.0,0.0
1.0,0.0,0.0,0.0
1.0,0.0,0.0,0.0
1.0,0.0,0.0,0.0
1.0,0.0,0.0,0.0
0.0,0.0,0.0,0.0
0.0,0.0,0.0,0.0
0.0,0.0,0.0,0.0
0.0,0.0,0.0,0.0
0.0,0.0,0.0,0.0
0.0,0.0,0.0,0.0
0.0,-0.42867171918669594,-0.1989547821745492,-0.6276265013612449
0.0,-0.42867171918669594,-0.1989547821745492,-0.6276265013612449
0.0,-0.42867171918669594,-0.1989547821745492,-0.6276265013612449
0.0,-0.42867171918669594,-0.1989547821745492,-0.6276265013612449
0.0,-0.5405357319151504,-0.1803107803669809,-0.7208465122821311
0.0,-0.547483601186696,-0.1791528021745491,-0.726636403361245
0.0,-0.547483601186696,-0.1791528021745491,-0.726636403361245
0.0,-0.547483601186696,-0.1791528021745491,-0.726636403361245
0.0,-0.547483601186696,-0.1791528021745491,-0.726636403361245
0.0,0.6270885258714378,-0.12322079675184316,0.5038677291195948
0.0,0.7000411528133043,-0.1197468621745491,0.5802942906387554
0.0,0.7000411528133043,-0.1197468621745491,0.5802942906387554
0.0,0.7000411528133043,-0.1197468621745491,0.5802942906387554
0.0,0.7000411528133043,-0.1197468621745491,0.5802942906387554
0.0,0.7000411528133043,-0.1197468621745491,0.5802942906387554
0.0,0.6441091455075547,-0.21296687309543505,0.43114227241211983
0.0,0.640635210813304,-0.21875676417454915,0.4218784466387551
0.0,0.640635210813304,-0.21875676417454915,0.4218784466387551
0.0,0.640635210813304,-0.21875676417454915,0.4218784466387551
0.0,0.640635210813304,-0.21875676417454915,0.4218784466387551
0.0,0.30400154881330416,-0.1791528021745491,0.12484874663875523
0.0,0.30400154881330416,-0.1791528021745491,0.12484874663875523
0.0,0.30400154881330416,-0.1791528021745491,0.12484874663875523
0.0,0.30400154881330416,-0.1791528021745491,0.12484874663875523
0.0,0.046575804813304034,0.2366887818254509,0.28326458663875503
0.0,0.046575804813304034,0.2366887818254509,0.28326458663875503
0.0,0.046575804813304034,0.2366887818254509,0.28326458663875503
0.0,0.046575804813304034,0.2366887818254509,0.28326458663875503
0.0,0.046575804813304034,0.2366887818254509,0.28326458663875503
0.0,0.046575804813304034,0.2366887818254509,0.28326458663875503
0.0,0.046575804813304034,0.2366887818254509,0.28326458663875503
0.0,-0.28901622960597545,-0.11754725628444151,-0.4065634858904169
0.0,-0.30985983718669585,-0.1395488421745491,-0.44940867936124496
0.0,-0.30985983718669585,-0.1395488421745491,-0.44940867936124496
0.0,-0.30985983718669585,-0.1395488421745491,-0.44940867936124496
0.0,-0.30985983718669585,-0.1395488421745491,-0.44940867936124496
0.0,-0.30985983718669585,-0.1395488421745491,-0.44940867936124496
0.0,-0.30985983718669585,-0.1395488421745491,-0.44940867936124496
0.0,-0.30985983718669585,-0.1395488421745491,-0.44940867936124496
0.0,-0.47765585533785787,0.08417918139931868,-0.393476673938539
0.0,-0.48807765918669593,0.09807491982545091,-0.39000273936124497
0.0,-0.48807765918669593,0.09807491982545091,-0.39000273936124497
0.0,-0.48807765918669593,0.09807491982545091,-0.39000273936124497
0.0,-0.48807765918669593,0.09807491982545091,-0.39000273936124497
0.0,-0.48807765918669593,0.09807491982545091,-0.39000273936124497
0.0,0.42281342881330397,0.1574808598254508,0.580294288638755
0.0,0.42281342881330397,0.1574808598254508,0.580294288638755
0.0,-0.6398946836333292,1.1083249614266721,0.46843027779334323
0.0,-0.705899441186696,1.167381849825451,0.461482408638755
0.0,-0.705899441186696,1.167381849825451,0.461482408638755
0.0,0.07714864226336353,-0.08176628257991303,-0.004617640316549321
0.0,0.12578372681330383,-0.1593508221745491,-0.033567095361245136
0.0,0.12578372681330383,-0.1593508221745491,-0.033567095361245136
0.0,0.12578372681330383,-0.1593508221745491,-0.033567095361245136
0.0,0.12578372681330383,-0.1593508221745491,-0.033567095361245136
0.0,0.12578372681330383,-0.1593508221745491,-0.033567095361245136
0.0,0.12578372681330383,-0.1593508221745491,-0.033567095361245136
0.0,0.12578372681330383,-0.1593508221745491,-0.033567095361245136
0.0,0.12578372681330383,-0.1593508221745491,-0.033567095361245136
0.0,0.12578372681330383,-0.1593508221745491,-0.033567095361245136
0.0,0.12578372681330383,-0.1593508221745491,-0.033567095361245136
1.0,0.0,0.0,0.0
1.0,0.0,0.0,0.0
1.0,0.0,0.0,0.0
1.0,0.0,0.0,0.0
1.0,0.0,0.0,0.0
1.0,0.0,0.0,0.0
1.0,0.0,0.0,0.0
1.0,0.0,0.0,0.0
1.0,0.0,0.0,0.0
1.0,0.0,0.0,0.0
1.0,0.0,0.0,0.0
1.0,0.0,0.0,0.0
1.0,0.0,0.0,0.0
1.0,0.0,0.0,0.0
1.0,0.0,0.0,0.0
1.0,0.0,0.0,0.0
1.0,0.0,0.0,0.0
1.0,0.0,0.0,0.0
0.0,0.0,0.0,0.0
0.0,0.0,0.0,0.0
0.0,0.0,0.0,0.0
0.0,0.0,0.0,0.0
0.0,0.0,0.0,0.0
0.0,0.0,0.0,0.0
0.0,0.24459560681330392,-0.1791528021745491,0.06544280463875507
0.0,0.24459560681330392,-0.1791528021745491,0.06544280463875507
0.0,0.24459560681330392,-0.1791528021745491,0.06544280463875507
0.0,0.24459560681330392,-0.1791528021745491,0.06544280463875507
0.0,0.24459560681330392,-0.1791528021745491,0.06544280463875507
0.0,0.24459560681330392,-0.1791528021745491,0.06544280463875507
0.0,0.24459560681330392,-0.1791528021745491,0.06544280463875507
0.0,0.24459560681330392,-0.1791528021745491,0.06544280463875507
0.0,0.24459560681330392,-0.1791528021745491,0.06544280463875507
0.0,0.3026885860192348,-0.1907713977810397,0.11191718823819519
0.0,0.34360550881330415,-0.1989547821745492,0.1446507266387551
0.0,0.34360550881330415,-0.1989547821745492,0.1446507266387551
0.0,0.34360550881330415,-0.1989547821745492,0.1446507266387551
0.0,-0.16761270373945328,0.06827291912157596,-0.09933978461787718
0.0,-0.5276816211866959,0.2564907618254508,-0.271190859361245
0.0,-0.5276816211866959,0.2564907618254508,-0.271190859361245
0.0,-0.5276816211866959,0.2564907618254508,-0.271190859361245
0.0,-0.5276816211866959,0.2564907618254508,-0.271190859361245
0.0,-0.5276816211866959,0.2564907618254508,-0.271190859361245
0.0,-0.5276816211866959,0.2564907618254508,-0.271190859361245
0.0,-0.626691521186696,0.2762927418254509,-0.3503987793612452
0.0,-0.626691521186696,0.2762927418254509,-0.3503987793612452
0.0,-0.626691521186696,0.2762927418254509,-0.3503987793612452
0.0,0.006971844813304026,0.1574808598254508,0.16445270463875494
0.0,0.006971844813304026,0.1574808598254508,0.16445270463875494
0.0,0.006971844813304026,0.1574808598254508,0.16445270463875494
0.0,0.006971844813304026,0.1574808598254508,0.16445270463875494
0.0,0.006971844813304026,0.1574808598254508,0.16445270463875494
0.0,0.006971844813304026,0.1574808598254508,0.16445270463875494
1.0,0.0,0.0,0.0
1.0,0.0,0.0,0.0
1.0,0.0,0.0,0.0
1.0,0.0,0.0,0.0
1.0,0.0,0.0,0.0
1.0,0.0,0.0,0.0
1.0,0.0,0.0,0.0
1.0,0.0,0.0,0.0
1.0,0.0,0.0,0.0
1.0,0.0,0.0,0.0
1.0,0.0,0.0,0.0
1.0,0.0,0.0,0.0
1.0,0.0,0.0,0.0
1.0,0.0,0.0,0.0
1.0,0.0,0.0,0.0
1.0,0.0,0.0,0.0
1.0,0.0,0.0,0.0
1.0,0.0,0.0,0.0
0.0,0.0,0.0,0.0
0.0,0.0,0.0,0.0
0.0,0.08617976681330393,-0.21875676417454915,-0.13257699736124495
0.0,0.08617976681330393,-0.21875676417454915,-0.13257699736124495
0.0,0.08617976681330393,-0.21875676417454915,-0.13257699736124495
0.0,0.09534257519431913,-0.21844080523514797,-0.12309823004082876
0.0,0.6604371908133041,-0.1989547821745492,0.461482408638755
0.0,0.6604371908133041,-0.1989547821745492,0.461482408638755
0.0,0.6604371908133041,-0.1989547821745492,0.461482408638755
0.0,0.6604371908133041,-0.1989547821745492,0.461482408638755
0.0,0.6604371908133041,-0.1989547821745492,0.461482408638755
0.0,0.6604371908133041,-0.1989547821745492,0.461482408638755
0.0,0.6604371908133041,-0.1989547821745492,0.461482408638755
0.0,0.6604371908133041,-0.1989547821745492,0.461482408638755
0.0,0.6604371908133041,-0.1989547821745492,0.461482408638755
0.0,0.6604371908133041,-0.1989547821745492,0.461482408638755
0.0,0.6604371908133041,-0.1989547821745492,0.461482408638755
0.0,0.5020213508133039,-0.0009349801745491826,0.5010863706387548
0.0,0.5020213508133039,-0.0009349801745491826,0.5010863706387548
0.0,0.5020213508133039,-0.0009349801745491826,0.5010863706387548
0.0,0.5020213508133039,-0.0009349801745491826,0.5010863706387548
0.0,0.4922266245853959,-0.0034626514663764763,0.48876397311901953
0.0,-0.11184003518669587,-0.1593508221745491,-0.2711908573612448
0.0,-0.11184003518669587,-0.1593508221745491,-0.2711908573612448
0.0,-0.11184003518669587,-0.1593508221745491,-0.2711908573612448
0.0,-0.11184003518669587,-0.1593508221745491,-0.2711908573612448
0.0,0.14558570681330382,-0.1791528021745491,-0.033567095361245136
0.0,0.1326313914785927,-0.17788896654459174,-0.04525757506599892
0.0,-0.6662954811866959,-0.09994488217454911,-0.766240363361245
0.0,-0.6662954811866959,-0.09994488217454911,-0.766240363361245
0.0,-0.6662954811866959,-0.09994488217454911,-0.766240363361245
0.0,0.5020213508133039,-0.27816270417454914,0.22385864663875493
0.0,0.5020213508133039,-0.27816270417454914,0.22385864663875493
0.0,0.5020213508133039,-0.27816270417454914,0.22385864663875493
0.0,0.5020213508133039,-0.27816270417454914,0.22385864663875493
0.0,0.5013894329664134,-0.27531907397523314,0.22607035899118044
0.0,0.462417388813304,-0.09994488217454911,0.362472506638755
0.0,0.4535705393397759,-0.08857036137728191,0.3650001779624941
0.0,-0.09203805518669597,0.6129264058254509,0.5208883506387549
0.0,-0.09203805518669597,0.6129264058254509,0.5208883506387549
0.0,-0.09203805518669597,0.6129264058254509,0.5208883506387549
0.0,-0.09203805518669597,0.6129264058254509,0.5208883506387549
0.0,-0.09203805518669597,0.6129264058254509,0.5208883506387549
0.0,-0.09203805518669597,0.6129264058254509,0.5208883506387549
0.0,-0.09203805518669597,0.6129264058254509,0.5208883506387549
1.0,0.0,0.0,0.0
1.0,0.0,0.0,0.0
1.0,0.0,0.0,0.0
1.0,0.0,0.0,0.0
1.0,0.0,0.0,0.0
1.0,0.0,0.0,0.0
1.0,0.0,0.0,0.0
1.0,0.0,0.0,0.0
1.0,0.0,0.0,0.0
1.0,0.0,0.0,0.0
1.0,0.0,0.0,0.0
1.0,0.0,0.0,0.0
1.0,0.0,0.0,0.0
1.0,0.0,0.0,0.0
1.0,0.0,0.0,0.0
1.0,0.0,0.0,0.0
1.0,0.0,0.0,0.0
1.0,0.0,0.0,0.0
1.0,0.0,0.0,0.0
0.0,0.0,0.0,0.0
0.0,0.0,0.0,0.0
0.0,0.0,0.0,0.0
0.0,0.0,0.0,0.0
0.0,0.0,0.0,0.0
0.0,0.0,0.0,0.0
0.0,0.0,0.0,0.0
0.0,0.0,0.0,0.0
0.0,0.0,0.0,0.0
0.0,0.0,0.0,0.0
0.0,0.30400154881330416,-0.21875676417454915,0.08524478463875529
0.0,0.30400154881330416,-0.21875676417454915,0.08524478463875529
0.0,0.30400154881330416,-0.21875676417454915,0.08524478463875529
0.0,-0.18867124914558278,0.08113102584034992,-0.10754022330523272
0.0,-0.6068895411866959,0.3356986818254509,-0.271190859361245
0.0,0.34360550881330415,0.0782729398254508,0.4218784486387551
0.0,0.34360550881330415,0.0782729398254508,0.4218784486387551
0.0,0.34360550881330415,0.0782729398254508,0.4218784486387551
0.0,0.35431578691222165,-0.018119564146543032,0.33619622276567873
0.0,0.36340748881330426,-0.09994488217454911,0.2634626066387553
0.0,0.36340748881330426,-0.09994488217454911,0.2634626066387553
0.0,0.38482804501113854,-0.12136543837238367,0.26346260663875504
0.0,0.4030114488133039,-0.1395488421745491,0.26346260663875504
0.0,0.4030114488133039,-0.1395488421745491,0.26346260663875504
0.0,0.4030114488133039,-0.1395488421745491,0.26346260663875504
0.0,0.4030114488133039,-0.1395488421745491,0.26346260663875504
0.0,0.4030114488133039,-0.1395488421745491,0.26346260663875504
0.0,0.046575804813304034,-0.09994488217454911,-0.053369077361244854
0.0,0.046575804813304034,-0.09994488217454911,-0.053369077361244854
0.0,0.046575804813304034,-0.09994488217454911,-0.053369077361244854
0.0,0.046575804813304034,-0.09994488217454911,-0.053369077361244854
0.0,0.046575804813304034,-0.09994488217454911,-0.053369077361244854
0.0,0.025155248615469427,-0.17491682994870839,-0.1497615813332388
0.0,0.006971844813304026,-0.23855874417454914,-0.23158689936124488
0.0,-0.6662954811866959,-0.1989547821745492,-0.865250263361245
0.0,-0.6662954811866959,-0.1989547821745492,-0.865250263361245
0.0,-0.24859463100177748,-0.17753422597670476,-0.42612885697848213
0.0,0.10598174681330393,-0.1593508221745491,-0.05336907536124491
0.0,0.10598174681330393,-0.1593508221745491,-0.05336907536124491
0.0,0.10598174681330393,-0.1593508221745491,-0.05336907536124491
0.0,0.10598174681330393,-0.1593508221745491,-0.05336907536124491
1.0,0.0,0.0,0.0
1.0,0.0,0.0,0.0
1.0,0.0,0.0,0.0
1.0,0.0,0.0,0.0
1.0,0.0,0.0,0.0
1.0,0.0,0.0,0.0
1.0,0.0,0.0,0.0
1.0,0.0,0.0,0.0
1.0,0.0,0.0,0.0
1.0,0.0,0.0,0.0
1.0,0.0,0.0,0.0
1.0,0.0,0.0,0.0
1.0,0.0,0.0,0.0
1.0,0.0,0.0,0.0
1.0,0.0,0.0,0.0
1.0,0.0,0.0,0.0
1.0,0.0,0.0,0.0
1.0,0.0,0.0,0.0
0.0,0.0,0.0,0.0
0.0,0.0,0.0,0.0
0.0,0.0,0.0,0.0
0.0,0.0,0.0,0.0
0.0,0.0,0.0,0.0
0.0,0.0,0.0,0.0
0.0,0.620833230813304,-0.1593508221745491,0.461482408638755
0.0,0.620833230813304,-0.1593508221745491,0.461482408638755
0.0,0.620833230813304,-0.1593508221745491,0.461482408638755
0.0,0.620833230813304,-0.1593508221745491,0.461482408638755
0.0,0.620833230813304,-0.1593508221745491,0.461482408638755
0.0,0.620833230813304,-0.1593508221745491,0.461482408638755
0.0,0.620833230813304,-0.1593508221745491,0.461482408638755
0.0,0.620833230813304,-0.1593508221745491,0.461482408638755
0.0,0.620833230813304,-0.1593508221745491,0.461482408638755
0.0,0.620833230813304,-0.1593508221745491,0.461482408638755
0.0,0.620833230813304,-0.1593508221745491,0.461482408638755
0.0,0.6207347686349601,-0.15930245478860106,0.4614323138463592
1.0,0.0,0.0,0.0
1.0,0.0,0.0,0.0
1.0,0.0,0.0,0.0
1.0,0.0,0.0,0.0
1.0,0.0,0.0,0.0
1.0,0.0,0.0,0.0
1.0,0.0,0.0,0.0
1.0,0.0,0.0,0.0
1.0,0.0,0.0,0.0
1.0,0.0,0.0,0.0
1.0,0.0,0.0,0.0
1.0,0.0,0.0,0.0
1.0,0.0,0.0,0.0
1.0,0.0,0.0,0.0
1.0,0.0,0.0,0.0
1.0,0.0,0.0,0.0
1.0,0.0,0.0,0.0
1.0,0.0,0.0,0.0
0.0,0.0,0.0,0.0
0.0,0.0,0.0,0.0
0.0,0.0,0.0,0.0
0.0,0.0,0.0,0.0
0.0,0.0,0.0,0.0
0.0,0.0,0.0,0.0
0.0,0.0,0.0,0.0
0.0,0.0,0.0,0.0
0.0,-0.507879639186696,0.395104623825451,-0.1127750153612449
0.0,-0.507879639186696,0.395104623825451,-0.1127750153612449
0.0,0.3832094688133039,-0.1593508221745491,0.22385864663875504
0.0,0.3832094688133039,-0.1593508221745491,0.22385864663875504
0.0,0.3832094688133039,-0.1593508221745491,0.22385864663875504
0.0,0.3832094688133039,-0.1593508221745491,0.22385864663875504
0.0,0.3832094688133039,-0.1593508221745491,0.22385864663875504
0.0,0.442615408813304,-0.25836072417454914,0.18425468463875505
0.0,0.442615408813304,-0.25836072417454914,0.18425468463875505
0.0,0.442615408813304,-0.25836072417454914,0.18425468463875505
0.0,0.442615408813304,-0.25836072417454914,0.18425468463875505
0.0,0.442615408813304,-0.25836072417454914,0.18425468463875505
0.0,0.442615408813304,-0.25836072417454914,0.18425468463875505
0.0,0.442615408813304,-0.25836072417454914,0.18425468463875505
0.0,0.442615408813304,-0.25836072417454914,0.18425468463875505
0.0,-0.30985983718669585,0.05847095982545081,-0.25138887736124493
0.0,-0.30985983718669585,0.05847095982545081,-0.25138887736124493
0.0,-0.30985983718669585,0.05847095982545081,-0.25138887736124493
0.0,-0.44847369918669605,-0.09994488217454911,-0.5484185813612449
0.0,-0.44847369918669605,-0.09994488217454911,-0.5484185813612449
0.0,-0.44847369918669605,-0.09994488217454911,-0.5484185813612449
0.0,-0.44847369918669605,-0.09994488217454911,-0.5484185813612449
0.0,-0.44847369918669605,-0.09994488217454911,-0.5484185813612449
0.0,-0.27025587718669597,0.2168868018254509,-0.05336907536124513
0.0,-0.27025587718669597,0.2168868018254509,-0.05336907536124513
0.0,-0.27025587718669597,0.2168868018254509,-0.05336907536124513
0.0,-0.27025587718669597,0.2168868018254509,-0.05336907536124513
0.0,-0.27025587718669597,0.2168868018254509,-0.05336907536124513
0.0,-0.27025587718669597,0.2168868018254509,-0.05336907536124513
0.0,-0.27025587718669597,0.2168868018254509,-0.05336907536124513
0.0,-0.27025587718669597,0.2168868018254509,-0.05336907536124513
0.0,-0.48807765918669593,-0.1989547821745492,-0.6870324413612451
0.0,-0.48807765918669593,-0.1989547821745492,-0.6870324413612451
0.0,-0.30196155731988256,-0.18566077499425493,-0.48762233231413743
0.0,-0.21084993718669598,-0.1791528021745491,-0.39000273936124497
0.0,-0.33049600315202393,-0.11268276627308615,-0.44317876942511003
0.0,-0.38906775918669595,-0.08014290217454911,-0.4692106613612449
0.0,-0.38906775918669595,-0.08014290217454911,-0.4692106613612449
0.0,-0.38906775918669595,-0.08014290217454911,-0.4692106613612449
0.0,-0.38906775918669595,-0.08014290217454911,-0.4692106613612449
0.0,-0.38906775918669595,-0.08014290217454911,-0.4692106613612449
0.0,-0.38906775918669595,-0.08014290217454911,-0.4692106613612449
0.0,-0.38906775918669595,-0.08014290217454911,-0.4692106613612449
0.0,-0.38906775918669595,-0.08014290217454911,-0.4692106613612449
0.0,-0.38906775918669595,-0.08014290217454911,-0.4692106613612449
1.0,0.0,0.0,0.0
1.0,0.0,0.0,0.0
1.0,0.0,0.0,0.0
1.0,0.0,0.0,0.0
1.0,0.0,0.0,0.0
1.0,0.0,0.0,0.0
1.0,0.0,0.0,0.0
1.0,0.0,0.0,0.0
1.0,0.0,0.0,0.0
1.0,0.0,0.0,0.0
1.0,0.0,0.0,0.0
1.0,0.0,0.0,0.0
1.0,0.0,0.0,0.0
1.0,0.0,0.0,0.0
1.0,0.0,0.0,0.0
1.0,0.0,0.0,0.0
1.0,0.0,0.0,0.0
1.0,0.0,0.0,0.0
0.0,0.0,0.0,0.0
0.0,0.0,0.0,0.0
0.0,0.0,0.0,0.0
0.0,0.0,0.0,0.0
0.0,0.0,0.0,0.0
0.0,0.0,0.0,0.0
0.0,-0.38906775918669595,-0.23855874417454914,-0.627626503361245
0.0,-0.38906775918669595,-0.23855874417454914,-0.627626503361245
0.0,-0.032632115186695974,-0.21875676417454915,-0.251388879361245
0.0,-0.032632115186695974,-0.21875676417454915,-0.251388879361245
0.0,-0.032632115186695974,-0.21868358619407835,-0.2513157013807742
0.0,-0.032632115186695974,-0.1197468621745491,-0.15237897736124495
0.0,-0.032632115186695974,-0.1197468621745491,-0.15237897736124495
0.0,-0.032632115186695974,-0.1197468621745491,-0.15237897736124495
0.0,-0.032632115186695974,-0.1197468621745491,-0.15237897736124495
0.0,-0.032632115186695974,-0.1197468621745491,-0.15237897736124495
0.0,-0.032632115186695974,-0.1197468621745491,-0.15237897736124495
0.0,-0.032851649126629676,-0.11982004015501979,-0.15267168928164931
0.0,-0.32966181918669596,-0.21875676417454915,-0.548418583361245
0.0,-0.32966181918669596,-0.21875676417454915,-0.548418583361245
0.0,-0.32966181918669596,-0.21875676417454915,-0.548418583361245
0.0,-0.32966181918669596,-0.21875676417454915,-0.548418583361245
1.0,0.0,0.0,0.0
1.0,0.0,0.0,0.0
1.0,0.0,0.0,0.0
1.0,0.0,0.0,0.0
1.0,0.0,0.0,0.0
1.0,0.0,0.0,0.0
1.0,0.0,0.0,0.0
1.0,0.0,0.0,0.0
1.0,0.0,0.0,0.0
1.0,0.0,0.0,0.0
1.0,0.0,0.0,0.0
1.0,0.0,0.0,0.0
1.0,0.0,0.0,0.0
1.0,0.0,0.0,0.0
1.0,0.0,0.0,0.0
1.0,0.0,0.0,0.0
1.0,0.0,0.0,0.0
1.0,0.0,0.0,0.0
0.0,0.0,0.0,0.0
0.0,0.0,0.0,0.0
0.0,0.0,0.0,0.0
0.0,0.0,0.0,0.0
0.0,0.0,0.0,0.0
0.0,0.0,0.0,0.0
0.0,0.24459560681330392,-0.1197468621745491,0.12484874463875506
0.0,0.24459560681330392,-0.1197468621745491,0.12484874463875506
0.0,0.24459560681330392,-0.1197468621745491,0.12484874463875506
0.0,0.24459560681330392,-0.1197468621745491,0.12484874463875506
0.0,0.24459560681330392,-0.1197468621745491,0.12484874463875506
0.0,-0.34946379918669596,0.47431254382545085,0.12484874463875506
0.0,-0.34946379918669596,0.47431254382545085,0.12484874463875506
0.0,-0.34946379918669596,0.47431254382545085,0.12484874463875506
0.0,-0.3114437312734328,0.4495168473820563,0.1380731161086236
0.0,0.561427290813304,-0.1197468621745491,0.441680428638755
0.0,0.561427290813304,-0.1197468621745491,0.441680428638755
0.0,0.561427290813304,-0.1197468621745491,0.441680428638755
0.0,0.561427290813304,-0.1197468621745491,0.441680428638755
0.0,0.5556416282848016,-0.11561424614238935,0.4400273821424123
0.0,0.42281342881330397,-0.020736962174549123,0.402076466638755
0.0,0.42281342881330397,-0.020736962174549123,0.402076466638755
0.0,0.42281342881330397,-0.020736962174549123,0.402076466638755
0.0,0.42281342881330397,-0.020736962174549123,0.402076466638755
0.0,0.42281342881330397,-0.020736962174549123,0.402076466638755
0.0,0.38314031448717684,-0.012471730026750949,0.37066858446042605
0.0,-0.5276816211866959,0.1772828398254509,-0.3503987813612449
0.0,-0.5276816211866959,0.1772828398254509,-0.3503987813612449
0.0,-0.5152837729232623,0.16653803805835943,-0.3487457348649027
0.0,-0.23065191718669598,-0.08014290217454911,-0.310794819361245
0.0,-0.23065191718669598,-0.08014290217454911,-0.310794819361245
0.0,-0.23065191718669598,-0.08014290217454911,-0.310794819361245
0.0,-0.23065191718669598,-0.08014290217454911,-0.310794819361245
0.0,-0.23065191718669598,-0.08014290217454911,-0.310794819361245
0.0,0.5218233308133039,-0.08014290217454911,0.4416804286387549
0.0,0.5218233308133039,-0.08014290217454911,0.4416804286387549
0.0,0.5218233308133039,-0.08014290217454911,0.4416804286387549
0.0,0.5218233308133039,-0.08014290217454911,0.4416804286387549
0.0,0.5218233308133039,-0.08014290217454911,0.4416804286387549
0.0,0.5218233308133039,-0.08014290217454911,0.4416804286387549
0.0,0.5218233308133039,-0.08014290217454911,0.4416804286387549
0.0,-0.34946379918669596,0.1970848218254509,-0.15237897736124506
0.0,-0.34946379918669596,0.1970848218254509,-0.15237897736124506
0.0,-0.36599426348228814,0.19543177532910855,-0.17056248815317954
0.0,-0.7455034031866958,0.1574808598254508,-0.588022543361245
0.0,-0.7388912174517633,0.15500129020615572,-0.5838899272456076
0.0,-0.5870875611866959,0.09807491982545091,-0.4890126413612449
0.0,-0.5870875611866959,0.09807491982545091,-0.4890126413612449
0.0,-0.5870875611866959,0.09807491982545091,-0.4890126413612449
0.0,-0.5870875611866959,0.09807491982545091,-0.4890126413612449
0.0,-0.5870875611866959,0.09807491982545091,-0.4890126413612449
0.0,-0.5870875611866959,0.09807491982545091,-0.4890126413612449
0.0,-0.5771692826259776,0.08733011805829594,-0.4898391645676813
0.0,-0.34946379918669596,-0.1593508221745491,-0.5088146213612449
0.0,-0.36020860095378726,-0.15191211323318465,-0.5121207141869718
0.0,-0.6068895411866959,0.018866999825450925,-0.5880225413612449
0.0,-0.6068895411866959,0.018866999825450925,-0.5880225413612449
0.0,-0.6068895411866959,0.018866999825450925,-0.5880225413612449
0.0,-0.6068895411866959,0.018866999825450925,-0.5880225413612449
0.0,0.442615408813304,0.018866999825450925,0.4614824086387551
0.0,0.442615408813304,0.018866999825450925,0.4614824086387551
0.0,0.442615408813304,0.018866999825450925,0.4614824086387551
0.0,0.442615408813304,0.018866999825450925,0.4614824086387551
0.0,0.442615408813304,0.018866999825450925,0.4614824086387551
0.0,0.442615408813304,0.018866999825450925,0.4614824086387551
0.0,0.442615408813304,0.018866999825450925,0.4614824086387551
0.0,0.442615408813304,0.018866999825450925,0.4614824086387551
0.0,0.620833230813304,-0.09994488217454911,0.520888348638755
0.0,0.620833230813304,-0.09994488217454911,0.520888348638755
0.0,0.620833230813304,-0.09994488217454911,0.520888348638755
0.0,0.620833230813304,-0.09994488217454911,0.520888348638755
0.0,0.620833230813304,-0.09994488217454911,0.520888348638755
0.0,0.620833230813304,-0.09994488217454911,0.520888348638755
0.0,0.620833230813304,-0.09994488217454911,0.520888348638755
0.0,0.620833230813304,-0.09994488217454911,0.520888348638755
0.0,0.620833230813304,-0.09994488217454911,0.520888348638755
0.0,-0.38906775918669595,-0.1989547821745492,-0.5880225413612449
0.0,-0.38906775918669595,-0.1989547821745492,-0.5880225413612449
0.0,-0.39815951454092385,-0.19812825896811737,-0.5962877735090412
0.0,-0.6068895411866959,-0.1791528021745491,-0.786042343361245
0.0,-0.6068895411866959,-0.1791528021745491,-0.786042343361245
0.0,-0.6068895411866959,-0.1791528021745491,-0.786042343361245
0.0,0.4822193708133039,-0.1791528021745491,0.3030665686387549
0.0,0.4822193708133039,-0.1791528021745491,0.3030665686387549
0.0,0.4822193708133039,-0.1791528021745491,0.3030665686387549
0.0,0.4822193708133039,-0.1791528021745491,0.3030665686387549
0.0,0.4822193708133039,-0.1791528021745491,0.3030665686387549
0.0,0.4822193708133039,-0.1791528021745491,0.3030665686387549
0.0,0.4822193708133039,-0.1791528021745491,0.3030665686387549
1.0,0.0,0.0,0.0
1.0,0.0,0.0,0.0
1.0,0.0,0.0,0.0
1.0,0.0,0.0,0.0
1.0,0.0,0.0,0.0
1.0,0.0,0.0,0.0
1.0,0.0,0.0,0.0
1.0,0.0,0.0,0.0
1.0,0.0,0.0,0.0
1.0,0.0,0.0,0.0
1.0,0.0,0.0,0.0
1.0,0.0,0.0,0.0
1.0,0.0,0.0,0.0
1.0,0.0,0.0,0.0
1.0,0.0,0.0,0.0
1.0,0.0,0.0,0.0
1.0,0.0,0.0,0.0
1.0,0.0,0.0,0.0
0.0,0.0,0.0,0.0
0.0,0.0,0.0,0.0
0.0,0.0,0.0,0.0
0.0,0.0,0.0,0.0
0.0,0.0,0.0,0.0
0.0,0.0,0.0,0.0
