situation,time,social_annotations,social_validPar_trial,social_validPar_time,social_ratings,social_ratings_mad,social_included,tom_annotations,tom_validPar_trial,tom_validPar_time,tom_ratings,tom_ratings_mad,tom_included,word,intentional_action,all_action
1,0.0,0.0,77,1,36.2,0.0,0.0,0.0,72,4,53.75,7.350000000000001,0.0,Linda,0.277227723,0.346534654
1,0.23,0.0,77,3,3.7,3.4000000000000004,0.0,0.0,72,7,59.923529411764704,14.323529411764705,0.0,and,0.277227723,0.346534654
1,0.46,0.0,77,7,34.49756097560976,16.09756097560976,0.0,0.0,72,9,54.7,21.419780219780225,0.0,and,0.277227723,0.346534654
1,0.69,0.0,77,16,46.74145728643216,32.89145728643216,0.0,0.0,72,15,51.8,15.600000000000009,0.0,Amy,0.277227723,0.346534654
1,0.92,0.0,77,22,48.55174129353234,19.55,0.0,0.0,72,21,52.0,10.799999999999995,0.0,had,0.277227723,0.346534654
1,1.15,0.0,77,30,48.95,22.2002,0.0,0.0,72,27,51.597297297297295,10.997297297297294,0.0,had,0.277227723,0.346534654
1,1.38,0.0,77,36,47.26225194848267,20.34333242059145,0.0,0.0,72,32,48.56142602495544,14.04642857142857,0.0,been,0.277227723,0.346534654
1,1.61,0.0,77,44,48.18953224663359,17.73247342310418,1.0,0.0,72,37,47.62623885918004,18.607094474153293,1.0,best,0.277227723,0.346534654
1,1.84,0.0,77,52,46.2,18.17223580786026,1.0,0.0,72,39,47.48181818181818,24.618181818181817,1.0,friends,0.277227723,0.346534654
1,2.07,0.0,77,58,44.38614457831325,26.19978094194961,1.0,0.0,72,47,46.7,22.39999999999999,1.0,friends,0.277227723,0.346534654
1,2.3,0.0,77,59,36.6,23.6,1.0,0.0,72,51,41.65308641975309,21.14691358024691,1.0,since,0.277227723,0.346534654
1,2.53,0.0,77,60,33.75,22.7,1.0,0.0,72,55,39.1515,19.491613772455096,1.0,kindergarten,0.277227723,0.346534654
1,2.76,0.0,77,61,32.2,25.33658536585366,1.0,0.0,72,59,36.6,18.636000000000003,1.0,kindergarten,0.277227723,0.346534654
1,2.99,0.0,77,63,24.5,22.9,1.0,0.0,72,59,36.1,17.900000000000002,1.0,they,0.663366337,0.732673268
1,3.22,0.0,77,63,19.6710843373494,18.9710843373494,1.0,0.0,72,63,35.39857651245552,20.60142348754448,1.0,even,0.663366337,0.732673268
1,3.45,0.0,77,64,15.528313253012048,15.050430900070872,1.0,0.0,72,63,34.999203187251,23.051171691188006,1.0,even,0.663366337,0.732673268
1,3.68,0.0,77,66,18.6,17.85,1.0,0.0,72,63,36.6,23.8,1.0,found,0.663366337,0.732673268
1,3.91,0.0,77,67,11.1,10.8,1.0,0.0,72,65,36.6,22.8,1.0,homes,0.663366337,0.732673268
1,4.14,0.0,77,69,11.1,10.7,1.0,0.0,72,65,33.0,21.3,1.0,homes,0.663366337,0.732673268
1,4.37,0.0,77,69,14.810843373493976,14.255421686746988,1.0,0.0,72,65,32.1,20.4,1.0,on,0.663366337,0.732673268
1,4.6,0.0,77,69,18.3,17.1,1.0,0.0,72,65,32.1,20.4,1.0,the,0.663366337,0.732673268
1,4.83,0.0,77,69,18.3,17.25075806451613,1.0,0.0,72,65,32.1,19.773654188948303,1.0,the,0.663366337,0.732673268
1,5.06,0.0,77,69,16.37142857142857,15.632247532385083,1.0,0.0,72,65,30.5,21.200000000000003,1.0,same,0.663366337,0.732673268
1,5.29,0.0,77,69,16.2,15.322103481113109,1.0,0.0,72,66,26.604262383345297,22.15426238334529,1.0,street,0.663366337,0.732673268
1,5.52,0.0,77,69,16.4,15.383388001269706,1.0,0.0,72,68,25.6875,21.2375,1.0,in,0.663366337,0.732673268
1,5.75,0.0,77,69,16.4,15.2,1.0,0.0,72,68,25.3,21.15,1.0,in,0.663366337,0.732673268
1,5.98,0.0,77,69,15.12439024390244,13.92439024390244,1.0,0.0,72,68,23.63296184738956,18.6,1.0,the,0.663366337,0.732673268
1,6.21,0.0,77,69,14.3,13.6,1.0,0.0,72,68,22.85,18.466810344827586,1.0,forest,0.663366337,0.732673268
1,6.44,0.0,77,69,11.847619047619048,11.152380952380952,1.0,0.0,72,68,22.05,18.642168674698794,1.0,forest,0.663366337,0.732673268
1,6.67,0.0,77,70,10.6,10.01265060240964,1.0,0.0,72,69,22.8,19.9,1.0,on,0.663366337,0.732673268
1,6.9,0.0,77,71,10.4,10.0,1.0,0.0,72,69,22.8,19.9,1.0,the,0.663366337,0.732673268
1,7.13,0.0,77,72,9.95,9.5,1.0,0.0,72,69,22.9,20.0,1.0,the,0.663366337,0.732673268
1,7.36,0.0,77,73,9.5,9.2,1.0,0.0,72,69,22.9,19.0,1.0,edge,0.663366337,0.732673268
1,7.59,0.0,77,73,9.5,9.128571428571428,1.0,0.0,72,69,22.9,19.0,1.0,of,0.663366337,0.732673268
1,7.82,0.0,77,73,9.5,9.1,1.0,0.0,72,70,23.25,18.75,1.0,of,0.663366337,0.732673268
1,8.05,0.0,77,73,9.5,9.1,1.0,0.0,72,71,22.9,18.5,1.0,town,0.663366337,0.732673268
1,8.28,0.0,77,74,9.3875,8.8875,1.0,0.0,72,71,22.9,18.3,1.0,Their,0.336633663,0.544554455
1,8.51,0.0,77,74,9.0,8.5,1.0,0.0,72,71,22.8,18.05764705882353,1.0,biggest,0.336633663,0.544554455
1,8.74,0.0,77,74,10.4,9.775432811211871,1.0,0.0,72,71,22.8,17.491220556745184,1.0,biggest,0.336633663,0.544554455
1,8.97,0.0,77,74,12.35,11.75,1.0,0.0,72,71,22.8,18.0,1.0,fight,0.336633663,0.544554455
1,9.2,0.0,77,74,10.736144578313256,10.386144578313251,1.0,0.0,72,71,23.6,18.0,1.0,had,0.336633663,0.544554455
1,9.43,0.0,77,74,10.4,9.95,1.0,0.0,72,71,23.6,18.5,1.0,had,0.336633663,0.544554455
1,9.66,0.0,77,74,10.342168674698796,9.892168674698794,1.0,0.0,72,71,23.6,18.442857142857143,1.0,been,0.336633663,0.544554455
1,9.89,0.0,77,75,12.0,11.5,1.0,0.0,72,71,22.9,17.299999999999997,1.0,over,0.336633663,0.544554455
1,10.12,0.0,77,75,12.0,11.5,1.0,0.0,72,71,23.6,18.0,1.0,over,0.336633663,0.544554455
1,10.35,0.0,77,75,12.0,11.5,1.0,0.0,72,71,23.6,18.0,1.0,who,0.336633663,0.544554455
1,10.58,0.0,77,75,12.0,11.682927970065482,1.0,0.0,72,71,23.6,18.0,1.0,gets,0.336633663,0.544554455
1,10.81,0.0,77,75,12.7,12.0,1.0,0.0,72,71,23.6,18.0,1.0,gets,0.336633663,0.544554455
1,11.04,0.0,77,76,14.3,13.6,1.0,0.0,72,71,25.0,18.20602409638554,1.0,the,0.336633663,0.544554455
1,11.27,0.0,77,76,14.3,13.6,1.0,0.0,72,71,25.0,17.1,1.0,bigger,0.336633663,0.544554455
1,11.5,0.0,77,76,14.45408163265306,13.85408163265306,1.0,0.0,72,71,25.904761904761905,16.704761904761906,1.0,slice,0.336633663,0.544554455
1,11.73,0.0,77,76,15.65,14.75,1.0,0.0,72,71,25.0,17.1,1.0,slice,0.336633663,0.544554455
1,11.96,0.0,77,76,18.9,17.6,1.0,0.0,72,71,25.0,17.1,1.0,of,0.336633663,0.544554455
1,12.19,0.0,77,76,20.8,19.65,1.0,0.0,72,71,25.0,17.1,1.0,cake,0.336633663,0.544554455
1,12.42,0.0,77,76,19.077661169415293,18.440032544532222,1.0,0.0,72,72,25.35,19.55,1.0,cake,0.336633663,0.544554455
1,12.65,0.0,77,76,19.593178410794604,18.893178410794604,1.0,0.0,72,72,24.85,19.05,1.0,until,0.613861386,0.6732673269999999
1,12.88,0.0,77,76,19.55869565217392,18.85869565217392,1.0,0.0,72,72,25.35,19.30542168674699,1.0,Amy,0.613861386,0.6732673269999999
1,13.11,0.0,77,76,19.55,18.637058823529408,1.0,0.0,72,72,25.35,18.49647160068847,1.0,Amy,0.613861386,0.6732673269999999
1,13.34,0.0,77,76,19.55,18.63243243243243,1.0,0.0,72,72,25.35,19.55,1.0,married,0.613861386,0.6732673269999999
1,13.57,0.0,77,76,19.579166666666666,18.75,1.0,0.0,72,72,25.35,19.20625,1.0,Dan,0.613861386,0.6732673269999999
1,13.8,0.0,77,75,21.73452380952381,20.37471988795519,1.0,39.93993993994019,72,72,25.35,18.808536585365854,1.0,Dan,0.613861386,0.6732673269999999
1,14.03,0.0,77,75,21.90941176470588,20.70941176470588,1.0,100.0,72,72,25.35,19.1,1.0,Linda,0.396039604,0.514851485
1,14.26,0.0,77,75,22.18536585365853,20.98536585365853,1.0,100.0,72,72,24.965096359743043,18.715096359743043,1.0,loathed,0.396039604,0.514851485
1,14.49,0.0,77,75,27.764285714285712,23.63571428571429,1.0,100.0,72,72,25.72387580299786,18.132894736842108,1.0,loathed,0.396039604,0.514851485
1,14.72,0.0,77,75,35.98919567827131,27.481878605100576,1.0,100.0,72,72,28.03265524625268,18.519018882616315,1.0,Dan,0.396039604,0.514851485
1,14.95,0.0,77,75,38.0,28.56575342465753,1.0,100.0,72,72,28.441434689507496,17.949,1.0,she,0.267326733,0.326732674
1,15.18,0.0,77,75,35.97901234567901,28.820987654321,1.0,100.0,72,72,28.850214132762314,18.76807127561945,1.0,thought,0.267326733,0.326732674
1,15.41,0.0,77,75,34.59397590361446,29.50602409638553,1.0,100.0,72,72,29.258993576017133,19.15,1.0,thought,0.267326733,0.326732674
1,15.64,0.0,77,75,31.025,26.425,1.0,100.0,72,72,29.86777301927195,19.15,1.0,he,0.267326733,0.376237624
1,15.87,0.0,77,75,31.1,26.2,1.0,100.0,72,72,30.77655246252677,18.45607053481592,1.0,was,0.267326733,0.376237624
1,16.1,0.0,77,74,32.150000000000006,27.38416833667335,1.0,100.0,72,72,31.435331905781585,17.4,1.0,was,0.267326733,0.376237624
1,16.33,0.0,77,73,31.7,27.7,1.0,100.0,72,72,32.694111349036405,17.805888650963595,1.0,manipulative,0.267326733,0.376237624
1,16.56,0.0,77,73,28.197590361445783,25.44982916741593,1.0,100.0,72,72,33.95,17.8,1.0,and,0.257425743,0.386138614
1,16.79,0.0,77,73,24.71358024691358,23.31358024691358,1.0,100.0,72,72,37.14479166666666,18.38159171075838,1.0,and,0.257425743,0.386138614
1,17.02,0.0,77,72,22.7,20.65,1.0,100.0,72,72,37.90595238095238,17.849999999999998,1.0,had,0.257425743,0.386138614
1,17.25,0.0,77,72,19.95,18.3,1.0,100.0,72,72,39.53144004589788,17.587736660929433,1.0,a,0.257425743,0.386138614
1,17.48,0.0,77,72,19.372522522522523,18.07252252252253,1.0,100.0,72,72,39.8,17.65,1.0,a,0.257425743,0.386138614
1,17.71,0.0,77,72,18.55,17.0,1.0,100.0,72,72,40.900000000000006,17.230303030303027,1.0,violent,0.257425743,0.386138614
1,17.94,0.0,77,72,18.04770992366412,15.997709923664123,1.0,100.0,72,72,42.22678571428572,18.276785714285715,1.0,temper,0.257425743,0.386138614
1,18.17,0.0,77,72,17.85,15.8,1.0,100.0,72,72,43.1702380952381,18.24715909090909,1.0,She,0.554455446,0.6336633669999999
1,18.4,0.0,77,72,18.032894736842103,15.982894736842107,1.0,100.0,72,72,43.78012048192771,18.60694610778443,1.0,She,0.554455446,0.6336633669999999
1,18.63,0.0,77,72,18.014705882352946,15.814705882352944,1.0,100.0,72,72,46.14698795180723,19.8,1.0,only,0.554455446,0.6336633669999999
1,18.86,0.0,77,72,16.910714285714285,14.710714285714284,1.0,100.0,72,72,46.63734939759036,19.55544910179641,1.0,put,0.554455446,0.6336633669999999
1,19.09,0.0,77,72,16.599299719887952,14.4,1.0,100.0,72,72,47.56807228915663,19.43192771084337,1.0,put,0.554455446,0.6336633669999999
1,19.32,0.0,77,72,16.450000000000003,14.4,1.0,100.0,72,72,47.35542168674699,19.6,1.0,up,0.554455446,0.6336633669999999
1,19.55,0.0,77,71,16.1,14.9,1.0,100.0,72,72,49.02048192771084,18.77048192771084,1.0,with,0.554455446,0.6336633669999999
1,19.78,0.0,77,71,15.983739837398376,14.783739837398375,1.0,100.0,72,72,49.2,18.6,1.0,with,0.554455446,0.6336633669999999
1,20.01,0.0,77,71,14.603333333333332,13.403333333333332,1.0,100.0,72,72,49.2,18.6,1.0,him,0.554455446,0.6336633669999999
1,20.24,0.0,77,69,14.7,13.0,1.0,100.0,72,72,49.2,18.51467391304348,1.0,because,0.356435644,0.455445545
1,20.47,0.0,77,69,14.7,13.0,1.0,100.0,72,72,49.2,17.95,1.0,because,0.356435644,0.455445545
1,20.7,0.0,77,69,14.7,13.0,1.0,100.0,72,72,49.28855421686747,17.95,1.0,Amy,0.356435644,0.455445545
1,20.93,0.0,77,69,14.3,13.1,1.0,100.0,72,72,49.2,18.16709183673469,1.0,loved,0.356435644,0.455445545
1,21.16,0.0,77,69,13.324731182795698,12.1247311827957,1.0,100.0,72,71,50.00408163265306,18.40408163265306,1.0,loved,0.356435644,0.455445545
1,21.39,0.0,77,69,12.7,12.0,1.0,100.0,72,71,50.2,17.44591836734694,1.0,him,0.356435644,0.455445545
1,21.62,0.0,77,67,15.313253012048191,14.113253012048192,1.0,100.0,72,71,50.2,17.299999999999997,1.0,him,0.356435644,0.455445545
1,21.85,0.0,77,67,15.3,14.1,1.0,100.0,72,71,50.05903614457832,17.259036144578324,1.0,him,0.356435644,0.455445545
1,22.08,0.0,77,67,15.3,14.1,1.0,100.0,72,71,49.7219512195122,16.906964443138413,1.0,him,0.356435644,0.455445545
1,22.31,0.0,77,67,14.3,13.1,1.0,100.0,72,71,50.77142857142857,16.728571428571428,1.0,him,0.356435644,0.455445545
1,22.54,0.0,77,67,14.3,13.1,1.0,100.0,72,71,51.15180722891567,16.348192771084328,1.0,him,0.356435644,0.455445545
1,22.77,0.0,77,67,14.3,13.1,1.0,100.0,72,71,49.7,16.1,1.0,him,0.356435644,0.455445545
2,23.0,0.0,94,3,11.9,6.9,0.0,100.0,76,2,53.35,25.95,0.0,This,0.435643564,0.504950495
2,23.23,0.0,94,8,36.43012048192772,23.8,0.0,100.0,76,4,61.05,14.146428571428572,0.0,feeling,0.435643564,0.504950495
2,23.46,0.0,94,12,18.76302521008403,13.96302521008403,0.0,100.0,76,7,59.7,12.099999999999994,0.0,feeling,0.435643564,0.504950495
2,23.69,0.0,94,19,25.1,22.200000000000003,0.0,100.0,76,20,49.2,10.8,0.0,of,0.435643564,0.504950495
2,23.92,0.0,94,35,14.3,12.698676855223344,0.0,100.0,76,27,45.1,14.201204819277107,0.0,hate,0.435643564,0.504950495
2,24.15,0.0,94,42,13.67844827586207,12.226017381970076,0.0,100.0,76,34,43.121929824561406,12.542320175438595,0.0,hate,0.435643564,0.504950495
2,24.38,0.0,94,48,12.508347676419966,11.054147461024304,1.0,100.0,76,39,44.62878787878788,11.671212121212116,1.0,between,0.435643564,0.504950495
2,24.61,0.0,94,53,9.4,8.200000000000001,1.0,100.0,76,44,45.836309523809526,12.566666666666666,1.0,Amy,0.435643564,0.504950495
2,24.84,0.0,94,58,10.280113636363636,9.170868353344767,1.0,100.0,76,48,45.85,14.153529411764705,1.0,and,0.435643564,0.504950495
2,25.07,0.0,94,60,9.554819277108434,8.832963434130905,1.0,100.0,76,51,47.8,14.184337349397596,1.0,and,0.435643564,0.504950495
2,25.3,0.0,94,64,8.969277108433733,8.373147649483414,1.0,100.0,76,57,48.8,14.800000000000004,1.0,Dan,0.435643564,0.504950495
2,25.53,0.0,94,66,8.7,8.293261090416525,1.0,100.0,76,58,50.1,15.015243902439028,1.0,was,0.435643564,0.504950495
2,25.76,0.0,94,69,8.8,8.370944801896377,1.0,100.0,76,59,50.2,15.200000000000005,1.0,was,0.435643564,0.504950495
2,25.99,0.0,94,70,6.6,6.074005681818182,1.0,100.0,76,62,50.12352941176471,14.381460674157305,1.0,mutual,0.435643564,0.504950495
2,26.22,0.0,94,72,6.6,6.037121775556215,1.0,100.0,76,64,50.1,13.849999999999998,1.0,Dan,0.326732673,0.396039604
2,26.45,0.0,94,72,6.529518072289157,5.97185472001643,1.0,100.0,76,64,50.1,12.736144578313256,1.0,Dan,0.326732673,0.396039604
2,26.68,0.0,94,72,5.735714285714286,5.194243901912533,1.0,100.0,76,66,49.37411764705882,13.693954642097804,1.0,didn't,0.326732673,0.396039604
2,26.91,0.0,94,72,6.7,6.123186838924147,1.0,100.0,76,68,50.150000000000006,13.628793225123498,1.0,like,0.326732673,0.396039604
2,27.14,0.0,94,72,6.2,5.654771968303747,1.0,100.0,76,70,50.44698795180723,14.173493975903614,1.0,like,0.326732673,0.396039604
2,27.37,0.0,94,74,6.7,6.066714510588012,1.0,100.0,76,70,50.86225563909775,14.500000000000004,1.0,how,0.297029703,0.405940594
2,27.6,0.0,94,77,6.7,6.047345314054908,1.0,100.0,76,71,50.6,14.800000000000004,1.0,much,0.297029703,0.405940594
2,27.83,0.0,94,77,6.7,6.085131459655485,1.0,100.0,76,71,50.6,14.792857142857144,1.0,much,0.297029703,0.405940594
2,28.06,0.0,94,77,8.473170731707317,7.641621817065279,1.0,100.0,76,71,50.7,14.799999999999995,1.0,time,0.297029703,0.405940594
2,28.29,0.0,94,77,12.302127659574468,11.404876950431984,1.0,100.0,76,71,50.7,14.799999999999995,1.0,his,0.297029703,0.405940594
2,28.52,0.0,94,77,12.0,11.142193103448276,1.0,100.0,76,71,52.2,13.5,1.0,wife,0.297029703,0.405940594
2,28.75,0.0,94,78,12.35,11.458367360804182,1.0,100.0,76,71,54.6,14.4,1.0,wife,0.297029703,0.405940594
2,28.98,0.0,94,79,12.0,11.135978586975703,1.0,100.0,76,71,54.6,15.800000000000004,1.0,spent,0.297029703,0.405940594
2,29.21,0.0,94,79,12.7,11.742526729216667,1.0,100.0,76,71,54.6,14.199999999999996,1.0,with,0.297029703,0.405940594
2,29.44,0.0,94,83,12.0,11.02747108880646,1.0,100.0,76,71,54.62823529411765,14.171764705882346,1.0,with,0.297029703,0.405940594
2,29.67,0.0,94,83,12.0,11.0,1.0,100.0,76,71,56.6,14.1,1.0,her,0.297029703,0.405940594
2,29.9,0.0,94,83,12.0,10.9,1.0,100.0,76,71,56.86144578313253,14.26144578313253,1.0,and,0.227722772,0.306930693
2,30.13,0.0,94,83,12.0,10.817310852325498,1.0,100.0,76,72,57.07857142857143,14.670606060606058,1.0,and,0.227722772,0.306930693
2,30.36,0.0,94,83,8.8,8.032627296956095,1.0,100.0,76,72,57.19268292682927,13.9,1.0,thought,0.227722772,0.306930693
2,30.59,0.0,94,83,8.8,8.043819844226212,1.0,100.0,76,72,56.85,13.85,1.0,Amy,0.435643564,0.6831683159999999
2,30.82,0.0,94,84,11.148690875087665,10.143714561463485,1.0,100.0,76,72,57.24638554216868,13.700000000000005,1.0,Amy,0.435643564,0.6831683159999999
2,31.05,0.0,94,84,11.919360243123196,10.81883111983317,1.0,100.0,76,72,57.25,14.234279987799049,1.0,was,0.435643564,0.6831683159999999
2,31.28,0.0,94,84,12.25,11.13561903123118,1.0,100.0,76,72,57.22383720930232,14.09089047725411,1.0,creating,0.435643564,0.6831683159999999
2,31.51,0.0,94,84,12.25,11.117752348309663,1.0,100.0,76,72,56.8,14.172232149504872,1.0,distance,0.435643564,0.6831683159999999
2,31.74,0.0,94,85,12.0,10.81583068054719,1.0,100.0,76,72,56.75,14.867261904761904,1.0,distance,0.435643564,0.6831683159999999
2,31.97,0.0,94,85,13.4,12.046417089376297,1.0,100.0,76,72,57.400000000000006,15.800000000000004,1.0,between,0.435643564,0.6831683159999999
2,32.2,0.0,94,86,13.05,11.699253238124124,1.0,100.0,76,72,57.400000000000006,15.602238805970153,1.0,their,0.435643564,0.6831683159999999
2,32.43,0.0,94,87,12.7,11.303693648638994,1.0,100.0,76,72,57.900000000000006,15.747598838507926,1.0,their,0.435643564,0.6831683159999999
2,32.66,0.0,94,87,13.0413584398117,11.7413584398117,1.0,100.0,76,72,57.839156626506025,15.660843373493975,1.0,marriage,0.435643564,0.6831683159999999
2,32.89,0.0,94,88,12.6,11.4,1.0,100.0,76,72,57.900000000000006,15.599999999999994,1.0,That's,0.693069307,0.732673267
2,33.12,0.0,94,88,12.25,11.05,1.0,100.0,76,72,57.900000000000006,15.85,1.0,That's,0.693069307,0.732673267
2,33.35,0.0,94,88,11.339156626506025,10.125036609837045,1.0,100.0,76,72,57.900000000000006,15.319999999999991,1.0,why,0.693069307,0.732673267
2,33.58,0.0,94,88,10.15,9.0,1.0,100.0,76,72,57.42142857142858,15.52142857142858,1.0,Dan,0.693069307,0.732673267
2,33.81,0.0,94,88,9.85,8.782748985234427,1.0,100.0,76,72,57.900000000000006,14.799999999999995,1.0,Dan,0.693069307,0.732673267
2,34.04,0.0,94,88,9.1,7.900000000000001,1.0,100.0,76,72,57.97317073170732,14.726829268292684,1.0,decided,0.693069307,0.732673267
2,34.27,0.0,94,88,9.1,7.900000000000001,1.0,100.0,76,73,58.56309523809524,14.83690476190477,1.0,to,0.693069307,0.732673267
2,34.5,0.0,94,88,9.1,7.950000000000001,1.0,100.0,76,73,58.4,14.660000000000004,1.0,try,0.693069307,0.732673267
2,34.73,0.0,94,88,9.85,8.700000000000003,1.0,100.0,76,74,59.119879518072295,15.091011235955058,1.0,try,0.693069307,0.732673267
2,34.96,0.0,94,88,10.280952380952382,9.130952380952383,1.0,100.0,76,74,58.400000000000006,15.061627906976746,1.0,and,0.693069307,0.732673267
2,35.19,0.0,94,88,11.064285714285717,9.84591274131274,1.0,100.0,76,74,58.400000000000006,16.620000000000005,1.0,tarnish,0.693069307,0.732673267
2,35.42,0.0,94,88,11.15,9.95,1.0,100.0,76,75,59.63373493975904,16.091759131387207,1.0,tarnish,0.693069307,0.732673267
2,35.65,0.0,94,88,11.15,9.95897837837838,1.0,100.0,76,75,58.7,16.700000000000003,1.0,Linda's,0.693069307,0.732673267
2,35.88,0.0,94,88,9.451497005988024,8.251497005988025,1.0,100.0,76,75,60.47368421052632,15.126315789473672,1.0,reputation,0.693069307,0.732673267
2,36.11,0.0,94,88,8.65,7.49187585928548,1.0,100.0,76,75,60.8,15.0,1.0,reputation,0.693069307,0.732673267
2,36.34,0.0,94,88,8.65,7.538099299958821,1.0,100.0,76,75,60.8,14.600000000000009,1.0,with,0.693069307,0.732673267
2,36.57,0.0,94,88,8.65,7.534040237661039,1.0,100.0,76,75,61.9,13.500000000000009,1.0,his,0.693069307,0.732673267
2,36.8,0.0,94,88,8.65,7.577356756756757,1.0,100.0,76,75,61.9,13.299999999999995,1.0,his,0.693069307,0.732673267
2,37.03,0.0,94,88,8.65,7.631173277502856,1.0,100.0,76,75,61.7,13.594047619047622,1.0,wife,0.693069307,0.732673267
2,37.26,0.0,94,88,8.65,7.791463414634147,1.0,100.0,76,75,61.6,13.800000000000004,1.0,in,0.445544554,0.504950495
2,37.49,0.0,94,88,8.10235294117647,7.402352941176471,1.0,100.0,76,76,61.2,14.499999999999991,1.0,in,0.445544554,0.504950495
2,37.72,0.0,94,88,8.65,7.822289156626507,1.0,100.0,76,76,61.31506024096385,14.384939759036143,1.0,hopes,0.445544554,0.504950495
2,37.95,0.0,94,88,8.65,7.598543689320389,1.0,100.0,76,76,61.35,14.500000000000009,1.0,it,0.445544554,0.504950495
2,38.18,0.0,94,89,8.8,7.611253603153127,1.0,100.0,76,76,61.35,14.6,1.0,would,0.445544554,0.504950495
2,38.41,0.0,94,89,8.8,7.603135478557563,1.0,100.0,76,76,61.4,14.200000000000005,1.0,would,0.445544554,0.504950495
2,38.64,0.0,94,89,9.525,8.125,1.0,100.0,76,76,60.85,14.226744186046515,1.0,get,0.445544554,0.504950495
2,38.87,0.0,94,89,9.202491103202847,7.902491103202847,1.0,100.0,76,76,60.85,13.761348464619497,1.0,rid,0.445544554,0.504950495
2,39.1,0.0,94,89,10.3,8.967456823569252,1.0,100.0,76,76,61.4,13.57333620195066,1.0,rid,0.445544554,0.504950495
2,39.33,0.0,94,89,10.400667302192565,9.100667302192564,1.0,100.0,76,76,62.0,13.648192771084345,1.0,of,0.445544554,0.504950495
2,39.56,0.0,94,89,10.35681601525262,9.043183984747378,1.0,100.0,76,76,62.0,13.9,1.0,her,0.445544554,0.504950495
2,39.79,0.0,94,89,10.31296472831268,9.01296472831268,1.0,63.063063063063616,76,76,62.3,13.848795180722892,1.0,her,0.445544554,0.504950495
2,40.02,0.0,94,90,10.284556720686368,9.007711023880674,1.0,0.0,76,76,62.3,13.8,1.0,He,0.792079208,0.841584158
2,40.25,0.0,94,90,10.262631077216398,8.86324083331396,1.0,0.0,76,76,62.3,13.8,1.0,came,0.792079208,0.841584158
2,40.48,0.0,94,91,10.18141086749285,8.78141086749285,1.0,0.0,76,76,62.3,13.599999999999998,1.0,came,0.792079208,0.841584158
2,40.71,0.0,94,91,10.137559580552908,8.737559580552908,1.0,0.0,76,76,62.26861514184762,13.66557166358675,1.0,home,0.792079208,0.841584158
2,40.94,0.0,94,91,10.7,9.0,1.0,0.0,76,76,62.401185770750985,13.8,1.0,one,0.792079208,0.841584158
2,41.17,0.0,94,91,10.7,9.22726041313918,1.0,0.0,76,76,62.6972,14.197590361445789,1.0,afternoon,0.792079208,0.841584158
2,41.4,20.05988023952082,94,91,10.740697674418604,9.340697674418603,1.0,0.0,76,76,62.6512,13.8012,1.0,afternoon,0.792079208,0.841584158
2,41.63,88.92215568862208,94,93,13.157831325301204,12.357831325301204,1.0,0.0,76,76,62.09444444444445,14.655555555555551,1.0,and,0.792079208,0.841584158
2,41.86,100.0,94,94,23.473738227481288,21.730971480808805,1.0,57.95795795795758,76,76,61.35,15.400000000000006,1.0,exclaimed,0.792079208,0.841584158
2,42.09,100.0,94,94,33.59831932773109,29.72098055553804,1.0,100.0,76,76,61.35,14.650000000000006,1.0,exclaimed,0.792079208,0.841584158
2,42.32,100.0,94,94,40.80487804878049,36.42862148463945,1.0,100.0,76,76,60.05,16.1,1.0,that,0.534653465,0.722772277
2,42.55,100.0,94,94,45.71666666666667,38.99533788914199,1.0,100.0,76,76,59.25757575757575,17.23855421686747,1.0,Linda,0.534653465,0.722772277
2,42.78,100.0,94,94,50.95,40.59451097804392,1.0,100.0,76,76,59.0,17.200000000000003,1.0,Linda,0.534653465,0.722772277
2,43.01,100.0,94,94,52.764608433734935,40.65,1.0,100.0,76,76,59.0,17.0,1.0,had,0.534653465,0.722772277
2,43.24,100.0,94,94,61.36178861788618,37.10585844093736,1.0,100.0,76,76,59.0,17.554878048780495,1.0,tried,0.534653465,0.722772277
2,43.47,100.0,94,94,64.38619733924612,34.59429046563193,1.0,100.0,76,76,60.05,16.122839506172845,1.0,tried,0.534653465,0.722772277
2,43.7,100.0,94,94,68.35211835911231,31.64788164088769,1.0,100.0,76,76,60.05,15.950000000000005,1.0,to,0.534653465,0.722772277
2,43.93,100.0,94,94,68.98923167451244,30.81076832548756,1.0,100.0,76,76,60.05,15.94166666666667,1.0,kiss,0.534653465,0.722772277
2,44.16,100.0,94,94,72.3515,27.6485,1.0,100.0,76,76,61.13313253012048,15.433132530120478,1.0,kiss,0.534653465,0.722772277
2,44.39,100.0,94,94,74.55000000000001,25.44999999999999,1.0,100.0,76,76,62.15535714285714,15.547953216374268,1.0,him,0.534653465,0.722772277
2,44.62,100.0,94,94,74.96069651741294,25.03930348258706,1.0,100.0,76,76,62.2,15.2,1.0,Amy,0.198019802,0.584158416
2,44.85,100.0,94,94,75.94798994974875,24.05201005025125,1.0,100.0,76,76,62.2,16.088554216867472,1.0,was,0.198019802,0.584158416
2,45.08,100.0,94,94,81.56940298507462,18.430597014925382,1.0,100.0,76,76,62.65,15.76530612244898,1.0,was,0.198019802,0.584158416
2,45.31,100.0,94,94,83.17750000000001,16.82249999999999,1.0,100.0,76,76,63.04,15.310000000000002,1.0,taken,0.198019802,0.584158416
2,45.54,100.0,94,94,83.2,16.799999999999997,1.0,100.0,76,76,64.0,14.95,1.0,aback,0.198019802,0.584158416
2,45.77,100.0,94,94,83.47469879518073,16.52530120481927,1.0,100.0,76,76,62.7725,15.5775,1.0,aback,0.198019802,0.584158416
2,46.0,100.0,94,94,83.75,16.25,1.0,100.0,76,76,62.65,15.650000000000002,1.0,and,0.811881188,0.9009900989999999
2,46.23,100.0,94,94,85.6,14.400000000000006,1.0,100.0,76,76,64.88588235294117,14.8,1.0,immediately,0.811881188,0.9009900989999999
2,46.46,100.0,94,94,86.1515228426396,13.848477157360406,1.0,100.0,76,76,64.25,16.118400463633723,1.0,immediately,0.811881188,0.9009900989999999
2,46.69,100.0,94,94,86.75,13.25,1.0,100.0,76,76,64.25,15.4,1.0,called,0.811881188,0.9009900989999999
2,46.92,100.0,94,94,86.34457831325301,13.65542168674699,1.0,100.0,76,76,65.4,15.050000000000004,1.0,Linda,0.811881188,0.9009900989999999
2,47.15,100.0,94,94,86.77023809523808,13.229761904761917,1.0,100.0,76,76,65.9,14.900000000000002,1.0,Linda,0.811881188,0.9009900989999999
2,47.38,100.0,94,94,86.75,13.25,1.0,100.0,76,76,66.65,14.641566265060238,1.0,to,0.811881188,0.9009900989999999
2,47.61,100.0,94,94,86.81104651162791,13.188953488372093,1.0,100.0,76,76,66.58246753246753,15.067532467532466,1.0,confront,0.811881188,0.9009900989999999
2,47.84,100.0,94,94,87.38930348258705,12.610696517412949,1.0,100.0,76,76,67.1,14.15,1.0,her,0.811881188,0.9009900989999999
2,48.07,100.0,94,94,89.48643636363636,10.513563636363642,1.0,100.0,76,76,67.1,14.15,1.0,her,0.811881188,0.9009900989999999
2,48.3,100.0,94,94,92.15,7.849999999999994,1.0,100.0,76,76,67.1,15.250000000000009,1.0,about,0.811881188,0.9009900989999999
2,48.53,100.0,94,94,92.15,7.849999999999994,1.0,100.0,76,76,67.1,15.037394957983196,1.0,these,0.811881188,0.9009900989999999
2,48.76,100.0,94,94,93.6,6.400000000000006,1.0,100.0,76,76,67.1,14.659523809523812,1.0,these,0.811881188,0.9009900989999999
2,48.99,100.0,94,94,93.6,6.400000000000006,1.0,100.0,76,76,67.2,14.644117647058824,1.0,accusations,0.811881188,0.9009900989999999
2,49.22,100.0,94,94,94.4,5.599999999999994,1.0,33.93393393393396,76,76,67.2,14.849999999999994,1.0,When,0.584158416,0.6732673269999999
2,49.45,100.0,94,94,94.79583333333332,5.204166666666666,1.0,0.0,76,76,67.2,14.295180722891564,1.0,When,0.584158416,0.6732673269999999
2,49.68,100.0,94,94,94.75,5.25,1.0,0.0,76,76,67.30000000000001,14.25,1.0,Linda,0.584158416,0.6732673269999999
2,49.91,100.0,94,94,95.16888497135302,4.831115028646977,1.0,0.0,76,76,68.1,14.112195121951212,1.0,arrived,0.584158416,0.6732673269999999
2,50.14,100.0,94,94,94.56935483870969,5.430645161290329,1.0,0.0,76,76,68.1,14.200000000000005,1.0,arrived,0.584158416,0.6732673269999999
2,50.37,100.0,94,94,94.91309523809524,5.086904761904762,1.0,0.0,76,76,68.1,14.200000000000005,1.0,she,0.732673267,0.752475247
2,50.6,100.0,94,94,94.8,5.200000000000003,1.0,0.0,76,76,68.25180722891565,14.321084337349388,1.0,denied,0.732673267,0.752475247
2,50.83,100.0,94,94,94.8,5.200000000000003,1.0,0.0,76,76,68.80058139534884,14.740490033222583,1.0,denied,0.732673267,0.752475247
2,51.06,100.0,94,94,94.8,5.200000000000003,1.0,0.0,76,76,69.1,13.700000000000005,1.0,having,0.732673267,0.752475247
2,51.29,100.0,94,94,95.15,4.849999999999994,1.0,0.0,76,76,69.81951219512194,13.599999999999998,1.0,made,0.732673267,0.752475247
2,51.52,100.0,94,94,95.0,5.0,1.0,0.0,76,76,70.4644578313253,13.34495393338058,1.0,a,0.732673267,0.752475247
2,51.75,100.0,94,94,95.71619656236228,4.283803437637715,1.0,0.0,76,76,70.4257396449704,12.699999999999996,1.0,a,0.732673267,0.752475247
2,51.98,100.0,94,94,95.8452380952381,4.154761904761898,1.0,0.0,76,76,69.0047619047619,13.79523809523809,1.0,move,0.732673267,0.752475247
2,52.21,100.0,94,94,95.9857142857143,4.014285714285705,1.0,0.0,76,76,69.15,13.649999999999991,1.0,on,0.732673267,0.752475247
2,52.44,100.0,94,94,95.86428571428571,4.135714285714272,1.0,0.0,76,76,67.9,14.5,1.0,on,0.732673267,0.752475247
2,52.67,100.0,94,94,95.7148523578669,4.285147642133097,1.0,0.0,76,76,66.67099999999999,14.52900000000001,1.0,Dan,0.732673267,0.752475247
2,52.9,100.0,94,94,97.49609375,2.50390625,1.0,0.0,76,76,66.15,14.5,1.0,but,0.168316832,0.524752476
2,53.13,100.0,94,94,97.9,2.0999999999999943,1.0,0.0,76,76,67.9,14.5,1.0,but,0.168316832,0.524752476
2,53.36,100.0,94,94,98.0,2.0,1.0,0.0,76,76,67.7,14.5,1.0,discovered,0.168316832,0.524752476
2,53.59,100.0,94,94,98.0,2.0,1.0,0.0,76,76,66.64367719298247,14.050000000000004,1.0,Dan,0.712871287,0.831683168
2,53.82,100.0,94,94,98.0,2.0,1.0,0.0,76,76,64.94999999999999,14.599999999999987,1.0,Dan,0.712871287,0.831683168
2,54.05,100.0,94,94,98.0,2.0,1.0,0.0,76,76,65.16025641025641,15.039743589743594,1.0,had,0.712871287,0.831683168
2,54.28,100.0,94,94,97.93154761904762,2.06845238095238,1.0,0.0,76,76,65.44999999999999,14.900000000000002,1.0,enlisted,0.712871287,0.831683168
2,54.51,100.0,94,94,97.9,2.0999999999999943,1.0,0.0,76,76,65.6,15.249999999999991,1.0,the,0.712871287,0.831683168
2,54.74,100.0,94,94,98.0,2.0,1.0,0.0,76,76,65.82619047619048,15.249999999999996,1.0,the,0.712871287,0.831683168
2,54.97,100.0,94,94,98.0,2.0,1.0,0.0,76,76,66.15,15.450000000000006,1.0,help,0.712871287,0.831683168
2,55.2,100.0,94,94,98.0,2.0,1.0,0.0,76,76,66.56506024096385,15.184939759036157,1.0,of,0.712871287,0.831683168
2,55.43,100.0,94,94,97.85,2.1500000000000057,1.0,0.0,76,76,66.72666666666666,15.030650406504073,1.0,of,0.712871287,0.831683168
2,55.66,100.0,94,94,97.85,2.1500000000000057,1.0,0.0,76,76,66.51705882352941,15.6,1.0,his,0.712871287,0.831683168
2,55.89,100.0,94,94,97.85,2.1500000000000057,1.0,0.0,76,76,65.55,15.199999999999996,1.0,friend,0.712871287,0.831683168
2,56.12,100.0,94,94,96.95,3.049999999999997,1.0,0.0,76,76,66.94999999999999,15.6,1.0,friend,0.712871287,0.831683168
2,56.35,100.0,94,94,96.95,3.049999999999997,1.0,5.089820359282291,76,76,67.1355421686747,14.299999999999995,1.0,Will,0.712871287,0.831683168
2,56.58,100.0,94,93,95.5867469879518,4.413253012048202,1.0,73.9520958083825,76,76,69.0257791074545,14.474220892545503,1.0,who,0.712871287,0.831683168
2,56.81,100.0,94,93,95.95714285714286,4.0428571428571445,1.0,100.0,76,76,69.57788563360396,14.200000000000005,1.0,who,0.712871287,0.831683168
2,57.04,100.0,94,93,94.3,5.700000000000003,1.0,100.0,76,76,68.65,14.18132530120482,1.0,said,0.712871287,0.831683168
2,57.27,100.0,94,92,94.40526905829596,5.594730941704043,1.0,100.0,76,76,66.9,13.707317073170742,1.0,he,0.415841584,0.574257426
2,57.5,100.0,94,91,94.44285714285716,5.557142857142836,1.0,100.0,76,76,68.41711966113661,13.382880338863387,1.0,witnessed,0.415841584,0.574257426
2,57.73,100.0,94,91,94.3,5.700000000000003,1.0,100.0,76,76,67.86769767031416,14.017682926829266,1.0,witnessed,0.415841584,0.574257426
2,57.96,100.0,94,91,94.3,5.700000000000003,1.0,100.0,76,76,67.18785399274472,14.503658536585364,1.0,it,0.415841584,0.574257426
2,58.19,100.0,94,91,94.08571428571427,5.914285714285725,1.0,100.0,76,76,66.37943061174619,14.35,1.0,all,0.415841584,0.574257426
2,58.42,100.0,94,90,93.35,6.650000000000006,1.0,100.0,76,76,68.525,15.324999999999996,1.0,all,0.415841584,0.574257426
2,58.65,100.0,94,90,93.95,6.050000000000011,1.0,100.0,76,76,68.97109090909092,14.75,1.0,happen,0.415841584,0.574257426
2,58.88,100.0,94,90,94.5,5.5,1.0,100.0,76,76,68.83524590163935,14.75,1.0,happen,0.415841584,0.574257426
2,59.11,100.0,94,90,94.5,5.5,1.0,100.0,76,74,68.6,14.549999999999995,1.0,happen,0.415841584,0.574257426
2,59.34,100.0,94,90,95.5,4.5,1.0,100.0,76,74,69.6801204819277,14.3,1.0,happen,0.415841584,0.574257426
2,59.57,100.0,94,90,95.93975903614458,4.060240963855421,1.0,100.0,76,74,70.5,13.65,1.0,happen,0.415841584,0.574257426
2,59.8,100.0,94,89,95.72666666666666,4.2733333333333405,1.0,100.0,76,74,70.84802631578947,13.30197368421053,1.0,happen,0.415841584,0.574257426
2,60.03,100.0,94,88,95.8,4.200000000000003,1.0,100.0,76,74,70.85,13.300000000000004,1.0,happen,0.415841584,0.574257426
2,60.26,100.0,94,88,96.8,3.200000000000003,1.0,100.0,76,73,72.3,12.700000000000005,1.0,happen,0.415841584,0.574257426
3,60.49,0.0,68,0,,21.5,0.0,0.0,71,2,52.95,10.95,0.0,Since,0.247524752,0.33663366299999997
3,60.72,0.0,68,3,67.6,15.889403194172033,0.0,0.0,71,4,44.7,9.3,0.0,it,0.247524752,0.33663366299999997
3,60.95,0.0,68,8,55.866511627906974,14.494117647058822,0.0,0.0,71,5,49.57176470588235,11.02823529411765,0.0,it,0.247524752,0.33663366299999997
3,61.18,0.0,68,21,53.5,13.231365815544002,0.0,0.0,71,14,51.25,9.8,0.0,was,0.247524752,0.33663366299999997
3,61.41,0.0,68,35,59.29397590361446,12.759638554216863,1.0,0.0,71,26,51.8,9.75,0.0,their,0.247524752,0.33663366299999997
3,61.64,0.0,68,42,52.46797752808989,11.284375000000004,1.0,0.0,71,36,52.0,12.0722906987769,1.0,their,0.247524752,0.33663366299999997
3,61.87,0.0,68,45,50.915625,14.24443115975351,1.0,0.0,71,41,51.902590673575126,12.721993658649753,1.0,word,0.247524752,0.33663366299999997
3,62.1,0.0,68,49,51.53358778625954,17.75637136782423,1.0,0.0,71,48,51.729394927777406,12.893975903614455,1.0,against,0.247524752,0.33663366299999997
3,62.33,0.0,68,51,52.81058823529411,20.593975903614457,1.0,0.0,71,53,52.2,15.508064516129046,1.0,her,0.247524752,0.33663366299999997
3,62.56,0.0,68,53,51.70602409638554,19.1,1.0,0.0,71,56,52.0757793764988,13.659638554216864,1.0,her,0.247524752,0.33663366299999997
3,62.79,0.0,68,54,51.78132530120482,19.1,1.0,0.0,71,59,52.2,13.157831325301204,1.0,own,0.247524752,0.33663366299999997
3,63.02,0.0,68,58,51.25,21.494186046511626,1.0,58.98203592814366,71,62,51.95,14.864285714285714,1.0,she,0.693069307,0.861386139
3,63.25,0.0,68,58,50.57045454545455,25.02530120481928,1.0,100.0,71,63,50.9,18.4,1.0,she,0.693069307,0.861386139
3,63.48,0.0,68,58,50.55060240963856,23.5,1.0,100.0,71,65,50.9,18.300000000000004,1.0,decided,0.693069307,0.861386139
3,63.71,0.0,68,61,50.1,22.2,1.0,100.0,71,65,51.21264822134388,18.50777017256339,1.0,to,0.693069307,0.861386139
3,63.94,0.0,68,64,49.2,26.05,1.0,100.0,71,66,52.1,18.25,1.0,to,0.693069307,0.861386139
3,64.17,0.0,68,66,49.2,26.88734939759036,1.0,100.0,71,68,52.0,17.450000000000003,1.0,go,0.693069307,0.861386139
3,64.4,0.0,68,66,49.75,26.424698795180724,1.0,100.0,71,68,53.81546136208713,16.661038637912874,1.0,home,0.693069307,0.861386139
3,64.63,0.0,68,66,49.03433734939759,27.23869047619048,1.0,100.0,71,70,54.5825791538246,16.567420846175402,1.0,home,0.693069307,0.861386139
3,64.86,0.0,68,66,46.45357142857143,28.93705882352941,1.0,100.0,71,70,55.22228915662651,16.95,1.0,and,0.693069307,0.861386139
3,65.09,0.0,68,66,46.93571428571428,21.61920180722891,1.0,100.0,71,70,56.3070351758794,17.55,1.0,admit,0.693069307,0.861386139
3,65.32,0.0,68,66,43.962048192771086,23.30175800241452,1.0,100.0,71,70,57.74370481927711,16.706295180722897,1.0,admit,0.693069307,0.861386139
3,65.55,0.0,68,66,39.53946804165816,21.953755569700824,1.0,100.0,71,70,58.13795180722892,15.55,1.0,defeat,0.693069307,0.861386139
3,65.78,0.0,68,66,31.803755569700822,21.535443037974687,1.0,100.0,71,71,58.3,14.299999999999995,1.0,She,0.237623762,0.34653465299999997
3,66.01,0.0,68,67,31.8,20.587951807228915,1.0,100.0,71,71,61.20519480519481,14.324925676732905,1.0,knew,0.237623762,0.34653465299999997
3,66.24,0.0,68,67,29.2,20.60985612314809,1.0,100.0,71,71,61.52128712871287,13.678712871287132,1.0,knew,0.237623762,0.34653465299999997
3,66.47,0.0,68,67,28.293825588796945,21.259946469519072,1.0,100.0,71,71,61.9,13.699999999999996,1.0,how,0.277227723,0.425742574
3,66.7,0.0,68,67,27.12259707192871,22.29277108433735,1.0,100.0,71,71,61.9,15.300000000000004,1.0,much,0.277227723,0.425742574
3,66.93,0.0,68,67,26.3,20.35,1.0,100.0,71,71,61.9,15.1,1.0,much,0.277227723,0.425742574
3,67.16,0.0,68,66,24.613636363636363,19.0548128342246,1.0,100.0,71,71,62.0,15.200000000000005,1.0,it,0.277227723,0.425742574
3,67.39,0.0,68,66,24.55,14.427999999999995,1.0,100.0,71,71,62.0,13.6,1.0,would,0.277227723,0.425742574
3,67.62,0.0,68,65,22.372,13.904819277108436,1.0,100.0,71,71,61.9,13.5,1.0,would,0.277227723,0.425742574
3,67.85,0.0,68,65,21.6,14.2,1.0,100.0,71,71,62.0,13.6,1.0,hurt,0.277227723,0.425742574
3,68.08,0.0,68,65,18.7,13.962336244541486,1.0,100.0,71,71,62.0,13.349999999999994,1.0,Amy,0.277227723,0.425742574
3,68.31,0.0,68,65,18.325,13.8,1.0,100.0,71,71,62.0,14.795000000000002,1.0,Amy,0.277227723,0.425742574
3,68.54,0.0,68,65,17.8,13.07992565055762,1.0,100.0,71,71,62.0,14.153731343283582,1.0,to,0.277227723,0.425742574
3,68.77,0.0,68,63,17.8,13.1,1.0,100.0,71,71,63.1,14.847959183673474,1.0,know,0.277227723,0.425742574
3,69.0,0.0,68,63,17.1,13.500000000000002,1.0,100.0,71,71,63.1,15.1,1.0,the,0.277227723,0.425742574
3,69.23,0.0,68,63,17.1,13.650000000000002,1.0,100.0,71,71,63.1,15.1,1.0,the,0.277227723,0.425742574
3,69.46,0.0,68,62,17.450000000000003,13.470084461557573,1.0,100.0,71,71,63.5,15.174999999999995,1.0,truth,0.277227723,0.425742574
3,69.69,0.0,68,62,17.43092783505155,14.4,1.0,100.0,71,71,63.17469879518072,15.025301204819286,1.0,truth,0.277227723,0.425742574
3,69.92,0.0,68,61,17.8,14.4,1.0,100.0,71,71,62.0,15.177108433734944,1.0,truth,0.277227723,0.425742574
3,70.15,0.0,68,61,17.8,14.4,1.0,100.0,71,71,62.60050251256281,14.899497487437188,1.0,truth,0.277227723,0.425742574
3,70.38,0.0,68,61,17.8,14.999999999999998,1.0,100.0,71,71,64.1,14.999999999999991,1.0,truth,0.277227723,0.425742574
3,70.61,0.0,68,61,18.4,14.4,1.0,100.0,71,71,64.1,15.5,1.0,truth,0.277227723,0.425742574
3,70.84,0.0,68,61,17.8,14.3,1.0,100.0,71,71,64.6,15.499999999999991,1.0,truth,0.277227723,0.425742574
3,71.07,0.0,68,59,18.4,0.8999999999999986,1.0,100.0,71,71,64.6,15.499999999999991,1.0,truth,0.277227723,0.425742574
4,71.3,0.0,76,3,47.1,18.7,0.0,0.0,74,3,69.4,2.299999999999997,0.0,Months,0.792079208,0.841584158
4,71.53,0.0,76,7,21.0,17.071959459459457,0.0,0.0,74,6,59.7,9.550000000000004,0.0,later,0.792079208,0.841584158
4,71.76,0.0,76,8,35.36464646464646,21.49314743028636,0.0,0.0,74,14,52.8,13.358433734939766,0.0,later,0.792079208,0.841584158
4,71.99,0.0,76,19,22.8,14.680855855855857,0.0,0.0,74,21,62.4,12.180722891566262,0.0,Dan,0.792079208,0.841584158
4,72.22,0.0,76,24,19.424817518248176,12.9,0.0,0.0,74,29,55.2,14.002222222222215,0.0,had,0.792079208,0.841584158
4,72.45,0.0,76,35,14.9,13.826403695806682,0.0,0.0,74,38,50.8,16.099999999999998,1.0,had,0.792079208,0.841584158
4,72.68,0.0,76,44,16.871641791044777,13.133333333333333,1.0,0.0,74,43,52.14578313253012,16.540963855421687,1.0,taken,0.792079208,0.841584158
4,72.91,0.0,76,51,15.3,18.39404761904762,1.0,0.0,74,48,52.28640217391305,15.900000000000002,1.0,up,0.792079208,0.841584158
4,73.14,0.0,76,55,20.6,17.854819277108433,1.0,0.0,74,52,51.3,16.495238095238093,1.0,a,0.792079208,0.841584158
4,73.37,0.0,76,60,20.05481927710844,15.639983579638752,1.0,0.0,74,54,50.86206896551724,18.31206896551724,1.0,a,0.792079208,0.841584158
4,73.6,0.0,76,64,17.56904761904762,14.500000000000002,1.0,0.0,74,56,52.45542168674699,18.303431636995747,1.0,mistress,0.792079208,0.841584158
4,73.83,0.0,76,67,16.1,13.9,1.0,58.98203592814366,74,56,54.29611746987952,18.35,1.0,he,0.267326733,0.514851485
4,74.06,0.0,76,67,15.3,11.327011227255127,1.0,100.0,74,59,57.5,13.299999999999995,1.0,he,0.267326733,0.514851485
4,74.29,0.0,76,68,12.59,12.189063104916766,1.0,100.0,74,59,56.04117647058823,14.758823529411764,1.0,was,0.267326733,0.514851485
4,74.52,0.0,76,70,13.6,10.293902439024391,1.0,100.0,74,61,56.04285714285714,14.75714285714286,1.0,growing,0.267326733,0.514851485
4,74.75,0.0,76,72,11.510240963855422,10.5,1.0,100.0,74,62,58.3,14.650000000000006,1.0,growing,0.267326733,0.514851485
4,74.98,0.0,76,73,11.8,10.6,1.0,100.0,74,62,58.9,15.150000000000006,1.0,bored,0.267326733,0.514851485
4,75.21,0.0,76,73,11.8,10.2,1.0,100.0,74,62,58.66785714285714,16.246987951807228,1.0,with,0.267326733,0.514851485
4,75.44,0.0,76,73,11.3,10.160714285714286,1.0,100.0,74,65,55.9,16.6,1.0,with,0.267326733,0.514851485
4,75.67,0.0,76,73,11.3,10.1,1.0,100.0,74,65,53.5,17.900000000000006,1.0,his,0.267326733,0.514851485
4,75.9,0.0,76,73,11.3,10.3,1.0,100.0,74,67,54.1,18.4,1.0,marriage,0.267326733,0.514851485
4,76.13,0.0,76,73,11.4,10.2,1.0,100.0,74,67,57.0,16.400000000000006,1.0,marriage,0.267326733,0.514851485
4,76.36,0.0,76,73,11.3,10.450000000000005,1.0,100.0,74,67,59.18536585365854,16.214634146341467,1.0,ever,0.564356436,0.6237623769999999
4,76.59,0.0,76,74,11.6,10.150000000000002,1.0,100.0,74,67,58.760975609756095,15.939024390243908,1.0,since,0.564356436,0.6237623769999999
4,76.82,0.0,76,74,11.3,8.565867158671587,1.0,100.0,74,67,57.00731707317073,16.39268292682926,1.0,he,0.564356436,0.6237623769999999
4,77.05,0.0,76,74,9.765867158671586,8.35,1.0,100.0,74,68,55.471428571428575,17.0,1.0,he,0.564356436,0.6237623769999999
4,77.28,0.0,76,74,9.45,6.873172605897608,1.0,100.0,74,68,56.75,18.300000000000004,1.0,got,0.564356436,0.6237623769999999
4,77.51,0.0,76,74,8.023172605897608,6.81544039957737,1.0,100.0,74,71,56.5,18.90000000000001,1.0,rid,0.564356436,0.6237623769999999
4,77.74,0.0,76,74,8.01544039957737,6.9077081932571325,1.0,100.0,74,72,55.79764705882353,19.25235294117648,1.0,rid,0.564356436,0.6237623769999999
4,77.97,0.0,76,74,8.007708193257132,6.999975986936894,1.0,100.0,74,72,56.0,19.950000000000003,1.0,of,0.564356436,0.6237623769999999
4,78.2,0.0,76,74,7.999975986936894,7.101374689707564,1.0,100.0,74,72,56.0,19.950000000000003,1.0,Linda,0.564356436,0.6237623769999999
4,78.43,0.0,76,74,8.101374689707564,7.05,1.0,100.0,74,72,56.0,18.700000000000003,1.0,Linda,0.564356436,0.6237623769999999
4,78.66,0.0,76,74,7.984511574296418,7.129160320357132,1.0,100.0,74,72,56.0,17.900000000000002,1.0,and,0.504950495,0.554455445
4,78.89,0.0,76,74,7.97677936797618,6.704189819959992,1.0,100.0,74,72,56.75,17.748101265822783,1.0,was,0.504950495,0.554455445
4,79.12,0.0,76,74,7.550000000000001,6.936185492266747,1.0,100.0,74,72,56.26383763837639,18.186162361623616,1.0,was,0.504950495,0.554455445
4,79.35,0.0,76,74,7.961314955335704,6.953582749015464,1.0,100.0,74,73,56.0,18.200000000000003,1.0,only,0.504950495,0.554455445
4,79.58,0.0,76,74,7.953582749015464,6.945850542695226,1.0,100.0,74,73,56.1,18.5,1.0,still,0.504950495,0.554455445
4,79.81,0.0,76,74,7.945850542695226,6.550000000000001,1.0,100.0,74,73,57.0,17.5,1.0,with,0.504950495,0.554455445
4,80.04,0.0,76,74,7.550000000000001,7.033957558626177,1.0,100.0,74,73,57.0,17.5,1.0,with,0.504950495,0.554455445
4,80.27,0.0,76,74,7.93038613005475,6.854761904761904,1.0,100.0,74,73,57.0,16.400000000000006,1.0,Amy,0.504950495,0.554455445
4,80.5,0.0,76,75,7.754761904761905,6.8,1.0,100.0,74,74,57.25,16.483582089552243,1.0,for,0.504950495,0.554455445
4,80.73,0.0,76,75,7.7,6.8,1.0,100.0,74,74,57.25,17.393216080402013,1.0,for,0.504950495,0.554455445
4,80.96,0.0,76,75,7.7,6.869047619047619,1.0,100.0,74,74,57.20903614457832,17.400000000000002,1.0,her,0.504950495,0.554455445
4,81.19,0.0,76,75,7.769047619047619,7.092974006430927,1.0,100.0,74,74,57.25,17.400000000000002,1.0,family's,0.504950495,0.554455445
4,81.42,0.0,76,75,8.083450196907117,6.9,1.0,100.0,74,74,57.25,17.400000000000002,1.0,family's,0.504950495,0.554455445
4,81.65,0.0,76,75,7.8,7.12464688697202,1.0,94.91017964071872,74,74,57.25,17.500000000000004,1.0,money,0.504950495,0.554455445
4,81.88,0.0,76,75,8.052521371626165,7.061770655733284,1.0,26.047904191616723,74,74,56.1,17.900000000000002,1.0,In,0.792079208,0.8811881189999999
4,82.11,0.0,76,75,8.037056958985689,6.777301878149336,1.0,0.0,74,74,56.1,18.076829268292688,1.0,In,0.792079208,0.8811881189999999
4,82.34,0.0,76,75,7.8,7.325,1.0,0.0,74,74,56.1,18.65,1.0,a,0.792079208,0.8811881189999999
4,82.57,0.0,76,75,8.125,7.2,1.0,0.0,74,74,56.1,17.900000000000002,1.0,hotel,0.792079208,0.8811881189999999
4,82.8,0.0,76,76,8.29533186053213,7.081052035164273,1.0,0.0,74,74,57.492690058479525,17.500000000000004,1.0,room,0.792079208,0.8811881189999999
4,83.03,0.0,76,76,8.081052035164273,7.485393566938391,1.0,0.0,74,74,57.45,16.700000000000003,1.0,room,0.792079208,0.8811881189999999
4,83.26,0.0,76,76,8.641566265060241,9.5,1.0,0.0,74,74,56.1,17.300000000000004,1.0,in,0.792079208,0.8811881189999999
4,83.49,0.0,76,76,10.8,9.9,1.0,0.0,74,74,57.0,17.1,1.0,a,0.792079208,0.8811881189999999
4,83.72,0.0,76,75,11.2,10.520129870129873,1.0,0.0,74,74,57.13949579831933,17.71050420168067,1.0,a,0.792079208,0.8811881189999999
4,83.95,0.0,76,75,12.372727272727271,10.708631750845678,1.0,0.0,74,74,57.63114356868816,17.518856431311846,1.0,nearby,0.792079208,0.8811881189999999
4,84.18,0.0,76,75,12.7,11.675702787822232,1.0,0.0,74,74,58.2,16.950000000000003,1.0,town,0.792079208,0.8811881189999999
4,84.41,33.033033033032844,76,75,13.6,11.2,1.0,33.033033033032844,74,74,56.55,17.761250000000004,1.0,town,0.792079208,0.8811881189999999
4,84.64,100.0,76,75,13.6,11.5,1.0,100.0,74,74,56.55,17.65,1.0,Dan,0.792079208,0.8811881189999999
4,84.87,100.0,76,75,13.7,10.691602147083003,1.0,100.0,74,74,56.55,18.170864661654136,1.0,and,0.792079208,0.8811881189999999
4,85.1,100.0,76,75,12.414686248331108,12.04398693572845,1.0,100.0,74,74,56.0,18.11927710843373,1.0,and,0.792079208,0.8811881189999999
4,85.33,100.0,76,75,13.7,12.0,1.0,100.0,74,74,56.0,18.1,1.0,his,0.792079208,0.8811881189999999
4,85.56,100.0,76,75,14.2,12.85609756097561,1.0,100.0,74,74,56.62429268292684,17.475707317073166,1.0,mistress,0.792079208,0.8811881189999999
4,85.79,100.0,76,75,15.25609756097561,16.56987951807229,1.0,100.0,74,74,57.5,17.25,1.0,mistress,0.792079208,0.8811881189999999
4,86.02,100.0,76,75,19.56987951807229,20.24819277108434,1.0,100.0,74,74,57.02058823529412,17.300000000000004,1.0,Nicole,0.792079208,0.8811881189999999
4,86.25,100.0,76,75,26.94819277108434,23.5,1.0,100.0,74,74,56.85,16.800000000000004,1.0,conspired,0.792079208,0.8811881189999999
4,86.48,100.0,76,75,30.4,29.8,1.0,100.0,74,74,58.0,16.15,1.0,to,0.792079208,0.8811881189999999
4,86.71,100.0,76,75,43.5,33.78127177700349,1.0,100.0,74,74,57.45,16.550000000000004,1.0,to,0.792079208,0.8811881189999999
4,86.94,100.0,76,75,53.33658536585366,31.700000000000003,1.0,100.0,74,74,61.1,17.657812500000002,1.0,secretly,0.792079208,0.8811881189999999
4,87.17,100.0,76,74,56.93048780487805,30.33975903614457,1.0,100.0,74,74,62.6,16.694999999999997,1.0,kill,0.792079208,0.8811881189999999
4,87.4,100.0,76,74,63.08975903614458,28.500000000000007,1.0,100.0,74,74,64.6,14.449999999999996,1.0,kill,0.792079208,0.8811881189999999
4,87.63,100.0,76,74,63.15,25.58521634615384,1.0,100.0,74,74,64.0375,14.349999999999998,1.0,Amy,0.792079208,0.8811881189999999
4,87.86,100.0,76,74,68.56964285714285,23.07937780974644,1.0,100.0,74,74,63.7625,13.549999999999995,1.0,while,0.435643564,0.495049505
4,88.09,100.0,76,74,74.48385542168674,22.031,1.0,100.0,74,74,66.55000000000001,14.395717014399072,1.0,while,0.435643564,0.495049505
4,88.32,100.0,76,74,77.61503759398497,18.468000000000004,1.0,100.0,74,74,67.35,15.900000000000002,1.0,still,0.435643564,0.495049505
4,88.55,100.0,76,74,81.532,18.80000000000001,1.0,100.0,74,74,67.19107142857143,15.50892857142857,1.0,obtaining,0.435643564,0.495049505
4,88.78,100.0,76,74,81.19999999999999,18.700000000000003,1.0,100.0,74,74,66.96132960893854,15.368674698795182,1.0,obtaining,0.435643564,0.495049505
4,89.01,100.0,76,74,81.19999999999999,16.03515625,1.0,100.0,74,74,68.17380952380952,12.029761904761903,1.0,her,0.435643564,0.495049505
4,89.24,100.0,76,74,83.96484375,15.985714285714296,1.0,100.0,74,74,69.18928571428572,12.700000000000005,1.0,fortune,0.435643564,0.495049505
4,89.47,100.0,76,74,84.0142857142857,15.120000000000005,1.0,100.0,74,73,70.3,13.004761904761908,1.0,fortune,0.435643564,0.495049505
4,89.7,100.0,76,74,84.88,15.998275862068963,1.0,100.0,74,73,71.6,12.999999999999991,1.0,fortune,0.435643564,0.495049505
4,89.93,100.0,76,74,84.00172413793103,18.65416666666667,1.0,100.0,74,73,71.6,14.600000000000009,1.0,fortune,0.435643564,0.495049505
4,90.16,100.0,76,74,81.34583333333333,18.6,1.0,100.0,74,73,70.33,14.09867469879518,1.0,fortune,0.435643564,0.495049505
4,90.39,100.0,76,74,81.19999999999999,18.06528497409328,1.0,100.0,74,73,72.1,15.400000000000006,1.0,fortune,0.435643564,0.495049505
4,90.62,100.0,76,74,81.88471502590673,18.11904761904762,1.0,100.0,74,72,72.17732558139534,14.672674418604664,1.0,fortune,0.435643564,0.495049505
4,90.85,100.0,76,74,81.83095238095238,14.700000000000005,1.0,100.0,74,72,72.15,14.699999999999996,1.0,fortune,0.435643564,0.495049505
5,91.08,0.0,86,3,53.0,14.9,0.0,100.0,72,3,72.2,0.7999999999999972,0.0,They,0.792079208,0.8514851489999999
5,91.31,0.0,86,9,51.0,10.51044776119403,0.0,100.0,72,5,69.89431818181818,2.1997994652406447,0.0,decided,0.792079208,0.8514851489999999
5,91.54,0.0,86,13,43.11044776119403,15.863636363636356,0.0,100.0,72,8,70.23758967001436,3.0814579490332576,0.0,decided,0.792079208,0.8514851489999999
5,91.77,0.0,86,27,39.8,16.85988105588777,0.0,100.0,72,19,53.22650602409639,11.226506024096388,0.0,to,0.792079208,0.8514851489999999
5,92.0,0.0,86,40,43.22339224349534,14.955056179775283,0.0,100.0,72,30,57.5,12.35,0.0,have,0.792079208,0.8514851489999999
5,92.23,0.0,86,48,45.95505617977528,19.94949342825849,1.0,100.0,72,40,57.45476190476191,13.745238095238092,1.0,have,0.792079208,0.8514851489999999
5,92.46,0.0,86,52,46.7,19.74369904794001,1.0,100.0,72,47,57.8,15.200000000000005,1.0,Dan,0.792079208,0.8514851489999999
5,92.69,0.0,86,56,47.344,26.77207792207792,1.0,100.0,72,51,58.71,15.3405,1.0,invite,0.792079208,0.8514851489999999
5,92.92,0.0,86,59,48.98095238095238,27.432738095238093,1.0,100.0,72,54,63.0,13.80843373493976,1.0,her,0.792079208,0.8514851489999999
5,93.15,0.0,86,62,49.45,25.702439024390245,1.0,100.0,72,55,63.6,14.409210526315782,1.0,her,0.792079208,0.8514851489999999
5,93.38,0.0,86,66,49.90373134328358,25.6,1.0,100.0,72,57,63.2,13.200000000000005,1.0,to,0.792079208,0.8514851489999999
5,93.61,0.0,86,69,49.7,26.099999999999994,1.0,100.0,72,60,58.25,12.567241379310346,1.0,the,0.792079208,0.8514851489999999
5,93.84,0.0,86,73,49.7,25.5,1.0,100.0,72,61,56.24404761904762,16.351354679802952,1.0,the,0.792079208,0.8514851489999999
5,94.07,0.0,86,75,49.6,25.15,1.0,100.0,72,61,54.7,17.5,1.0,hotel,0.792079208,0.8514851489999999
5,94.3,0.0,86,78,49.7,24.8,1.0,100.0,72,62,53.94117647058823,16.99117647058823,1.0,room,0.792079208,0.8514851489999999
5,94.53,0.0,86,81,49.8,24.8,1.0,100.0,72,62,53.70064102564103,16.753648544438022,1.0,room,0.792079208,0.8514851489999999
5,94.76,0.0,86,81,49.8,24.7,1.0,100.0,72,62,53.650000000000006,16.750000000000004,1.0,under,0.792079208,0.8514851489999999
5,94.99,0.0,86,82,49.9,25.45,1.0,100.0,72,64,53.60111111111111,16.104141414141413,1.0,the,0.792079208,0.8514851489999999
5,95.22,0.0,86,82,50.0,25.15,1.0,100.0,72,66,52.88313253012048,17.183132530120474,1.0,the,0.792079208,0.8514851489999999
5,95.45,0.0,86,82,50.0,25.55,1.0,100.0,72,67,54.7,18.5,1.0,guise,0.792079208,0.8514851489999999
5,95.68,0.0,86,82,50.35,26.1,1.0,100.0,72,67,54.7,18.3,1.0,of,0.792079208,0.8514851489999999
5,95.91,0.0,86,82,50.0,26.59165004533092,1.0,100.0,72,67,54.7,18.89999999999999,1.0,of,0.792079208,0.8514851489999999
5,96.14,0.0,86,83,49.9,26.2,1.0,100.0,72,68,55.95,17.7635294117647,1.0,a,0.792079208,0.8514851489999999
5,96.37,0.0,86,83,49.9,26.9,1.0,100.0,72,69,54.7,18.599999999999994,1.0,romantic,0.792079208,0.8514851489999999
5,96.6,0.0,86,83,49.9,27.000000000000007,1.0,100.0,72,69,54.832142857142856,18.46785714285714,1.0,date,0.792079208,0.8514851489999999
5,96.83,24.92492492492497,86,83,49.9,26.833333333333336,1.0,75.07507507507503,72,71,55.0,18.3,1.0,date,0.792079208,0.8514851489999999
5,97.06,93.99399399399412,86,83,49.9,24.6,1.0,6.006006006005871,72,71,55.94,18.760000000000005,1.0,Once,0.435643564,0.534653465
5,97.29,100.0,86,83,49.9,26.359036144578308,1.0,0.0,72,71,56.67333333333333,18.87333333333333,1.0,she,0.435643564,0.534653465
5,97.52,100.0,86,83,51.3,27.36904761904762,1.0,0.0,72,71,57.2,19.099999999999994,1.0,she,0.435643564,0.534653465
5,97.75,100.0,86,83,50.6,27.73780487804878,1.0,0.0,72,71,57.5,18.8,1.0,arrived,0.435643564,0.534653465
5,97.98,100.0,86,83,50.1,26.300000000000004,1.0,0.0,72,71,57.5,18.304878048780488,1.0,Nicole,0.683168317,0.742574258
5,98.21,100.0,86,83,50.6,26.300000000000004,1.0,0.0,72,71,58.66795774647888,15.40865774647888,1.0,Nicole,0.683168317,0.742574258
5,98.44,100.0,86,83,50.6,24.83170731707317,1.0,0.0,72,72,58.7,15.73166666666667,1.0,was,0.683168317,0.742574258
5,98.67,100.0,86,83,50.6,25.500000000000007,1.0,0.0,72,72,58.7,15.75,1.0,there,0.683168317,0.742574258
5,98.9,100.0,86,83,51.4,26.72883720930232,1.0,0.0,72,72,59.08333333333333,15.933333333333326,1.0,there,0.683168317,0.742574258
5,99.13,100.0,86,83,52.98,27.6,1.0,0.0,72,72,58.9937125748503,15.843712574850295,1.0,to,0.683168317,0.742574258
5,99.36,100.0,86,83,54.5,29.7370786516854,1.0,0.0,72,72,59.2203125,16.070312499999996,1.0,tie,0.683168317,0.742574258
5,99.59,100.0,86,83,55.6,30.5,1.0,0.0,72,72,60.88839803659081,15.854280389531985,1.0,her,0.683168317,0.742574258
5,99.82,100.0,86,83,57.4,29.862067173419856,1.0,0.0,72,72,62.75,15.912944162436547,1.0,her,0.683168317,0.742574258
5,100.05,100.0,86,84,56.19216867469879,28.297435897435893,1.0,0.0,72,72,62.75,14.238235294117649,1.0,up,0.683168317,0.742574258
5,100.28,100.0,86,85,55.99743589743589,33.8,1.0,0.0,72,72,62.67951807228916,14.049999999999995,1.0,Once,0.346534653,0.544554455
5,100.51,100.0,86,85,61.6,32.74939759036144,1.0,0.0,72,72,62.77375,14.049999999999995,1.0,Once,0.346534653,0.544554455
5,100.74,100.0,86,85,56.4,33.900000000000006,1.0,0.0,72,72,63.430882352941175,15.53051948051948,1.0,she,0.346534653,0.544554455
5,100.97,100.0,86,85,58.7,33.110214012377746,1.0,0.0,72,72,63.26785714285714,15.75,1.0,was,0.346534653,0.544554455
5,101.2,100.0,86,85,59.24180327868853,34.85172900494001,1.0,0.0,72,72,62.614285714285714,15.385714285714286,1.0,was,0.346534653,0.544554455
5,101.43,100.0,86,85,63.0,34.32838155728064,1.0,0.0,72,72,61.55,17.236666666666665,1.0,secured,0.346534653,0.544554455
5,101.66,100.0,86,86,63.5,34.7,1.0,0.0,72,72,61.02698903818953,16.726989038189526,1.0,to,0.346534653,0.544554455
5,101.89,100.0,86,86,62.83571428571429,33.633132530120484,1.0,0.0,72,72,60.172289156626505,16.349999999999998,1.0,to,0.346534653,0.544554455
5,102.12,100.0,86,86,63.5,31.35,1.0,0.0,72,72,59.76470588235294,17.564705882352943,1.0,a,0.346534653,0.544554455
5,102.35,100.0,86,86,63.5,31.14300597619581,1.0,0.0,72,72,60.43614457831325,17.900000000000002,1.0,chair,0.346534653,0.544554455
5,102.58,100.0,86,86,63.885000000000005,26.12640050312916,1.0,0.0,72,72,60.2,18.20290697674419,1.0,Nicole,0.861386139,0.910891089
5,102.81,100.0,86,86,67.26506024096386,25.013927862906584,1.0,0.0,72,72,60.938235294117646,18.738235294117647,1.0,Nicole,0.861386139,0.910891089
5,103.04,100.0,86,86,68.75240963855421,23.921428571428567,1.0,0.0,72,72,60.2,20.7363813229572,1.0,demanded,0.861386139,0.910891089
5,103.27,100.0,86,86,74.25714285714285,22.20535714285714,1.0,0.0,72,72,60.75864197530865,20.656474303761115,1.0,Amy's,0.861386139,0.910891089
5,103.5,100.0,86,86,77.22941176470589,18.977108433734927,1.0,0.0,72,72,62.9,19.45,1.0,Amy's,0.861386139,0.910891089
5,103.73,100.0,86,86,80.90903614457832,13.5,1.0,0.0,72,72,63.0093023255814,19.37954042081949,1.0,bank,0.861386139,0.910891089
5,103.96,100.0,86,86,86.5,9.167684288905434,1.0,0.0,72,72,64.02083333333333,18.87916666666667,1.0,passwords,0.861386139,0.910891089
5,104.19,100.0,86,86,90.83231571109457,7.461375599485322,1.0,0.0,72,72,64.08844221105528,19.522093023255817,1.0,passwords,0.861386139,0.910891089
5,104.42,100.0,86,86,92.53862440051468,6.4402803057881215,1.0,0.0,72,72,64.2536495215311,19.781412037976423,1.0,Amy,0.673267327,0.900990099
5,104.65,100.0,86,86,93.55971969421188,5.540909090909082,1.0,0.0,72,72,65.15916230366491,20.1,1.0,obliged,0.673267327,0.900990099
5,104.88,100.0,86,86,94.45909090909092,6.700465498357062,1.0,0.0,72,72,65.77005988023953,20.0,1.0,obliged,0.673267327,0.900990099
5,105.11,100.0,86,86,93.29953450164294,6.802762430939225,1.0,0.0,72,72,65.8090361445783,19.5,1.0,and,0.673267327,0.900990099
5,105.34,100.0,86,86,93.19723756906076,6.732812499999994,1.0,0.0,72,72,66.15,19.5,1.0,gave,0.673267327,0.900990099
5,105.57,100.0,86,86,93.2671875,7.823232323232318,1.0,0.0,72,72,66.35,19.5,1.0,gave,0.673267327,0.900990099
5,105.8,100.0,86,86,92.17676767676768,7.600674669236838,1.0,0.0,72,72,66.35,19.40729847494554,1.0,her,0.673267327,0.900990099
5,106.03,100.0,86,86,92.39932533076316,7.580693069306932,1.0,0.0,72,72,67.48928571428571,17.85,1.0,access,0.673267327,0.900990099
5,106.26,100.0,86,86,92.41930693069308,7.063888888888883,1.0,0.0,72,72,67.85,17.602941176470587,1.0,to,0.673267327,0.900990099
5,106.49,100.0,86,86,92.93611111111112,5.2325301204819255,1.0,0.0,72,72,67.85,18.103846153846163,1.0,to,0.673267327,0.900990099
5,106.72,100.0,86,86,94.76746987951807,3.200000000000003,1.0,0.0,72,72,67.85,18.550000000000004,1.0,her,0.673267327,0.900990099
5,106.95,100.0,86,85,96.8,3.159036144578323,1.0,0.0,72,72,67.85,19.131517857142853,1.0,bank,0.673267327,0.900990099
5,107.18,100.0,86,85,96.84096385542168,3.0287500000000023,1.0,0.0,72,72,67.85,19.99047619047619,1.0,bank,0.673267327,0.900990099
5,107.41,100.0,86,85,96.97125,3.0999999999999943,1.0,0.0,72,72,67.85,19.450000000000003,1.0,accounts,0.673267327,0.900990099
5,107.64,100.0,86,85,96.9,3.0999999999999943,1.0,0.0,72,72,67.85,18.4629411764706,1.0,accounts,0.673267327,0.900990099
5,107.87,100.0,86,85,96.9,4.099999999999994,1.0,0.0,72,72,67.85,18.1279761904762,1.0,accounts,0.673267327,0.900990099
5,108.1,100.0,86,85,95.9,3.739999999999995,1.0,0.0,72,72,67.85,18.35,1.0,accounts,0.673267327,0.900990099
5,108.33,100.0,86,85,96.26,2.799999999999997,1.0,0.0,72,72,68.4,17.849999999999998,1.0,accounts,0.673267327,0.900990099
5,108.56,100.0,86,85,97.2,2.6500000000000057,1.0,0.0,72,71,68.8,17.9,1.0,accounts,0.673267327,0.900990099
5,108.79,100.0,86,84,97.35,1.9499999999999995,1.0,0.0,72,71,68.8,18.2,1.0,accounts,0.673267327,0.900990099
6,109.02,0.0,79,6,51.25,14.409599999999998,0.0,0.0,67,2,76.6,1.6999999999999955,0.0,Nicole,0.900990099,0.950495049
6,109.25,0.0,79,10,59.25,12.299999999999995,0.0,0.0,67,6,74.32637362637362,10.199999999999996,0.0,transferred,0.900990099,0.950495049
6,109.48,0.0,79,13,58.0,14.724264705882348,0.0,0.0,67,8,73.45783132530121,10.63743315508021,0.0,transferred,0.900990099,0.950495049
6,109.71,0.0,79,29,52.32426470588235,22.254761904761903,0.0,0.0,67,16,69.15,17.45,0.0,all,0.900990099,0.950495049
6,109.94,0.0,79,42,55.922222222222224,25.182142857142864,1.0,0.0,67,22,65.38470588235293,14.984705882352934,0.0,of,0.900990099,0.950495049
6,110.17,0.0,79,49,50.8,21.42289156626505,1.0,0.0,67,34,57.5,15.0,1.0,of,0.900990099,0.950495049
6,110.4,0.0,79,51,51.5,25.328915662650605,1.0,0.0,67,43,52.71891891891892,19.89452867501648,1.0,Amy's,0.900990099,0.950495049
6,110.63,0.0,79,56,52.93586538461538,22.51470588235293,1.0,0.0,67,46,56.2,17.95,1.0,money,0.900990099,0.950495049
6,110.86,0.0,79,60,51.93850574712644,21.88185884927568,1.0,0.0,67,51,56.7,18.1,1.0,into,0.900990099,0.950495049
6,111.09,0.0,79,62,51.136494610865086,23.253967087863646,1.0,0.0,67,55,55.0,20.599999999999994,1.0,into,0.900990099,0.950495049
6,111.32,0.0,79,65,50.47469879518072,29.25595238095238,1.0,0.0,67,55,55.0,21.700000000000003,1.0,Dan's,0.900990099,0.950495049
6,111.55,58.98203592814366,79,67,49.3,28.423258362718,1.0,0.0,67,58,57.99821428571428,19.699253731343283,1.0,bank,0.900990099,0.950495049
6,111.78,100.0,79,71,49.76428571428571,31.8,1.0,0.0,67,59,57.8,22.082926829268303,1.0,bank,0.900990099,0.950495049
6,112.01,100.0,79,73,48.1,27.79277573991628,1.0,0.0,67,59,57.15180722891567,23.04819277108433,1.0,account,0.900990099,0.950495049
6,112.24,100.0,79,74,43.9711262553802,30.045231958762884,1.0,66.06606606606609,67,63,53.3,22.5,1.0,despite,0.544554455,0.732673267
6,112.47,100.0,79,76,40.3,29.815559772296016,1.0,100.0,67,63,53.3,23.4,1.0,despite,0.544554455,0.732673267
6,112.7,100.0,79,75,38.6,30.63156170367673,1.0,100.0,67,65,56.99761904761905,22.90238095238096,1.0,Amy's,0.544554455,0.732673267
6,112.93,100.0,79,75,39.7390243902439,28.90487804878049,1.0,100.0,67,66,56.650000000000006,23.4,1.0,pleading,0.544554455,0.732673267
6,113.16,100.0,79,77,40.2,28.013519871239325,1.0,100.0,67,66,56.650000000000006,23.48373493975903,1.0,pleading,0.544554455,0.732673267
6,113.39,100.0,79,77,39.196446700507614,30.667500000000004,1.0,100.0,67,66,58.50481927710844,21.880180722891552,1.0,for,0.544554455,0.732673267
6,113.62,100.0,79,78,43.00764705882353,29.59156626506024,1.0,100.0,67,66,59.150000000000006,21.19999999999999,1.0,her,0.544554455,0.732673267
6,113.85,100.0,79,78,49.6,31.266144227475166,1.0,100.0,67,66,60.7,20.4,1.0,her,0.544554455,0.732673267
6,114.08,100.0,79,78,55.114285714285714,30.826506024096386,1.0,100.0,67,66,60.7,20.25,1.0,to,0.544554455,0.732673267
6,114.31,100.0,79,77,62.42650602409638,29.2578313253012,1.0,100.0,67,67,60.8,19.3,1.0,stop,0.544554455,0.732673267
6,114.54,100.0,79,77,64.0,27.61176470588235,1.0,100.0,67,67,61.1,19.1,1.0,stop,0.544554455,0.732673267
6,114.77,100.0,79,77,68.48823529411764,27.56823529411765,1.0,100.0,67,67,61.23132530120482,19.23132530120482,1.0,stop,0.544554455,0.732673267
6,115.0,100.0,79,77,68.16823529411765,24.999999999999982,1.0,100.0,67,67,62.8,18.5,1.0,stop,0.544554455,0.732673267
6,115.23,100.0,79,77,71.60000000000001,24.40000000000001,1.0,100.0,67,67,62.8,18.5,1.0,stop,0.544554455,0.732673267
6,115.46,100.0,79,77,73.7,24.5,1.0,100.0,67,66,63.13872987477639,17.961270125223614,1.0,stop,0.544554455,0.732673267
6,115.69,100.0,79,77,73.7,25.6,1.0,100.0,67,65,63.436314847942754,17.863685152057243,1.0,stop,0.544554455,0.732673267
6,115.92,100.0,79,76,72.29226190476192,2.5500000000000007,1.0,100.0,67,65,63.32402597402597,17.975974025974025,1.0,stop,0.544554455,0.732673267
7,116.15,100.0,87,4,57.2,6.800000000000001,0.0,0.0,74,5,48.2,29.0,0.0,Once,0.851485149,0.95049505
7,116.38,100.0,87,10,52.64285714285714,10.599999999999998,0.0,0.0,74,10,48.9,25.182142857142857,0.0,successful,0.851485149,0.95049505
7,116.61,100.0,87,16,55.64556776556776,14.81318753273966,0.0,0.0,74,15,62.80645161290322,14.40645161290322,0.0,successful,0.851485149,0.95049505
7,116.84,100.0,87,31,52.822826086956525,18.45237154150197,0.0,0.0,74,21,63.3,16.299999999999997,0.0,the,0.851485149,0.95049505
7,117.07,100.0,87,41,51.39782608695652,20.54578313253012,0.0,0.0,74,31,60.2,17.300000000000004,0.0,mistress,0.851485149,0.95049505
7,117.3,100.0,87,47,51.6,20.200000000000003,1.0,0.0,74,36,55.8931240111963,21.27088275478388,0.0,mistress,0.851485149,0.95049505
7,117.53,100.0,87,51,51.1,20.44036144578313,1.0,0.0,74,42,56.29623115577888,19.178571428571423,1.0,knocked,0.851485149,0.95049505
7,117.76,100.0,87,56,50.41117647058823,21.367469879518072,1.0,0.0,74,47,55.0,18.9,1.0,Amy,0.851485149,0.95049505
7,117.99,100.0,87,61,51.1,18.46867469879518,1.0,0.0,74,53,54.9,24.000000000000007,1.0,out,0.851485149,0.95049505
7,118.22,100.0,87,66,52.400000000000006,22.46144578313253,1.0,0.0,74,58,55.097592778335,23.9,1.0,out,0.851485149,0.95049505
7,118.45,100.0,87,67,53.39879518072289,26.70843373493976,1.0,0.0,74,58,55.23272458886092,23.9,1.0,with,0.851485149,0.95049505
7,118.68,100.0,87,71,55.7,27.011381346452083,1.0,0.0,74,59,56.8,24.099999999999994,1.0,a,0.851485149,0.95049505
7,118.91,100.0,87,72,60.64166666666667,29.89486893203884,1.0,0.0,74,62,57.15,23.25,1.0,a,0.851485149,0.95049505
7,119.14,100.0,87,76,63.49563106796116,28.435714285714283,1.0,0.0,74,65,57.7,23.599999999999994,1.0,forceful,0.851485149,0.95049505
7,119.37,100.0,87,77,68.93571428571428,31.200000000000003,1.0,0.0,74,68,57.25,24.94821428571429,1.0,blow,0.851485149,0.95049505
7,119.6,100.0,87,80,63.854,30.5,1.0,0.0,74,68,57.25,25.4,1.0,blow,0.851485149,0.95049505
7,119.83,100.0,87,80,63.06,27.0,1.0,0.0,74,70,56.98783783783784,25.13783783783784,1.0,to,0.851485149,0.95049505
7,120.06,100.0,87,81,69.2,27.700000000000003,1.0,0.0,74,70,56.55,24.2,1.0,the,0.851485149,0.95049505
7,120.29,100.0,87,81,69.2,28.81915890935499,1.0,0.0,74,71,58.5,25.8,1.0,the,0.851485149,0.95049505
7,120.52,100.0,87,81,68.84385026737968,29.59058823529412,1.0,0.0,74,71,57.7,25.40000000000001,1.0,head,0.851485149,0.95049505
7,120.75,100.0,87,82,68.95941176470588,30.16927710843374,1.0,0.0,74,72,58.058095238095234,25.55809523809524,1.0,After,0.188118812,0.504950495
7,120.98,100.0,87,82,68.68072289156626,30.659375,1.0,0.0,74,72,57.657186450104845,25.157186450104845,1.0,After,0.188118812,0.504950495
7,121.21,100.0,87,82,68.13480436760692,30.7,1.0,0.0,74,72,57.409544603867744,26.20865964811553,1.0,seeing,0.188118812,0.504950495
7,121.44,100.0,87,82,67.35,29.10000000000001,1.0,0.0,74,72,57.35,27.248706896551727,1.0,Amy's,0.188118812,0.504950495
7,121.67,44.01197604790431,87,83,70.6,29.80000000000001,1.0,0.0,74,72,58.0,27.200000000000003,1.0,body,0.188118812,0.504950495
7,121.9,0.0,87,83,69.1,31.10000000000001,1.0,0.0,74,72,58.0,27.200000000000003,1.0,body,0.188118812,0.504950495
7,122.13,0.0,87,83,67.8,32.46256684491978,1.0,0.0,74,72,58.45,27.03,1.0,lying,0.188118812,0.504950495
7,122.36,0.0,87,83,66.33743315508022,32.9,1.0,0.0,74,74,58.6,26.65,1.0,limp,0.188118812,0.504950495
7,122.59,0.0,87,84,65.9741096609169,33.95,1.0,0.0,74,74,59.55,26.88235294117647,1.0,limp,0.188118812,0.504950495
7,122.82,0.0,87,84,62.95284391534392,34.53536585365854,1.0,0.0,74,74,59.55,27.1,1.0,on,0.188118812,0.504950495
7,123.05,0.0,87,84,61.31463414634146,37.85335714285714,1.0,0.0,74,74,59.55,26.89186046511628,1.0,the,0.188118812,0.504950495
7,123.28,0.0,87,84,57.54664285714286,36.507569141193606,1.0,0.0,74,74,59.6,25.65,1.0,the,0.188118812,0.504950495
7,123.51,0.0,87,84,59.7924308588064,36.59156626506024,1.0,8.083832335329392,74,74,60.3,24.961764705882352,1.0,ground,0.188118812,0.504950495
7,123.74,0.0,87,85,59.30843373493976,36.60000000000001,1.0,76.94610778443113,74,74,60.3,25.200000000000003,1.0,she,0.198019802,0.584158416
7,123.97,0.0,87,85,59.3,38.26168674698796,1.0,100.0,74,74,60.3,25.200000000000003,1.0,she,0.198019802,0.584158416
7,124.2,0.0,87,85,56.06,38.68190954773869,1.0,100.0,74,74,61.75,23.75,1.0,was,0.198019802,0.584158416
7,124.43,0.0,87,85,55.81809045226131,37.15572139303482,1.0,100.0,74,74,61.75,23.75,1.0,suddenly,0.198019802,0.584158416
7,124.66,0.0,87,85,51.344278606965176,33.8991265060241,1.0,100.0,74,74,62.49834558823529,23.00165441176471,1.0,filled,0.198019802,0.584158416
7,124.89,0.0,87,85,50.142500000000005,38.6047619047619,1.0,100.0,74,74,63.47558139534884,22.02441860465116,1.0,filled,0.198019802,0.584158416
7,125.12,0.0,87,85,50.0,38.5,1.0,100.0,74,74,66.85,18.30000000000001,1.0,with,0.198019802,0.584158416
7,125.35,0.0,87,85,50.0,38.5,1.0,100.0,74,74,66.91626506024096,18.23373493975905,1.0,regret,0.198019802,0.584158416
7,125.58,0.0,87,85,50.0,38.64909090909091,1.0,100.0,74,74,68.16666666666666,16.98333333333335,1.0,regret,0.198019802,0.584158416
7,125.81,0.0,87,85,49.14909090909091,37.1,1.0,100.0,74,74,68.78991071428571,18.0,1.0,over,0.198019802,0.584158416
7,126.04,0.0,87,85,47.6,36.900000000000006,1.0,100.0,74,74,70.8,18.0801652892562,1.0,her,0.198019802,0.584158416
7,126.27,0.0,87,85,47.6,35.222795440911824,1.0,100.0,74,74,70.77777777777777,17.322222222222223,1.0,her,0.198019802,0.584158416
7,126.5,0.0,87,86,42.596428571428575,35.230861297619995,1.0,94.91017964071872,74,74,71.1,17.368674698795182,1.0,actions,0.198019802,0.584158416
7,126.73,0.0,87,86,42.5,34.812279151943464,1.0,26.047904191616723,74,74,70.789375,16.949999999999996,1.0,Nicole,0.851485149,0.92079208
7,126.96,0.0,87,86,41.0,33.39082337147028,1.0,0.0,74,74,70.75,16.949999999999996,1.0,Nicole,0.851485149,0.92079208
7,127.19,0.0,87,87,39.89322289156626,35.11493701259748,1.0,0.0,74,74,72.19999999999999,17.79999999999999,1.0,quickly,0.851485149,0.92079208
7,127.42,0.0,87,87,41.3,35.7229357798165,1.0,0.0,74,74,72.19999999999999,17.5,1.0,rushed,0.851485149,0.92079208
7,127.65,0.0,87,87,43.4,35.7,1.0,0.0,74,74,72.19999999999999,17.94999999999999,1.0,her,0.851485149,0.92079208
7,127.88,0.0,87,87,43.4,34.497,1.0,0.0,74,74,72.19999999999999,17.79999999999999,1.0,her,0.851485149,0.92079208
7,128.11,0.0,87,87,44.697,34.65,1.0,0.0,74,74,72.19999999999999,17.5,1.0,to,0.851485149,0.92079208
7,128.34,0.0,87,87,50.0,33.3,1.0,0.0,74,74,74.5,17.15,1.0,the,0.851485149,0.92079208
7,128.57,0.0,87,87,50.0,31.8,1.0,0.0,74,74,74.5,17.0,1.0,the,0.851485149,0.92079208
7,128.8,0.0,87,86,50.35,33.07645502645502,1.0,0.0,74,74,72.55,16.31662489975942,1.0,hospital,0.851485149,0.92079208
7,129.03,0.0,87,86,52.32645502645502,35.06,1.0,63.96396396396422,74,74,73.35,16.35,1.0,realizing,0.247524752,0.455445544
7,129.26,0.0,87,86,52.9,36.25,1.0,100.0,74,74,72.76666666666667,15.883727810650887,1.0,realizing,0.247524752,0.455445544
7,129.49,0.0,87,86,52.76791443850267,36.74385993170543,1.0,100.0,74,74,72.20843373493975,15.85,1.0,she,0.247524752,0.455445544
7,129.72,0.0,87,86,52.16336898395722,36.95,1.0,100.0,74,74,72.68062499999999,15.7,1.0,had,0.247524752,0.455445544
7,129.95,0.0,87,86,52.5375,36.95,1.0,100.0,74,74,73.15,15.548235294117646,1.0,had,0.247524752,0.455445544
7,130.18,0.0,87,86,52.22619047619048,37.715204606714046,1.0,100.0,74,74,73.15,15.850000000000003,1.0,only,0.247524752,0.455445544
7,130.41,0.0,87,86,51.84193825042881,36.93070015912707,1.0,100.0,74,74,73.15,15.507831325301204,1.0,been,0.247524752,0.455445544
7,130.64,0.0,87,86,50.5566037735849,38.05,1.0,100.0,74,74,73.15,15.819200000000006,1.0,been,0.247524752,0.455445544
7,130.87,0.0,87,86,50.9855421686747,37.1,1.0,100.0,74,74,73.25,16.1232,1.0,jealous,0.247524752,0.455445544
7,131.1,0.0,87,86,52.25952380952381,36.64879518072289,1.0,100.0,74,74,74.85357142857143,16.349999999999998,1.0,of,0.247524752,0.455445544
7,131.33,0.0,87,86,52.95120481927711,36.7355421686747,1.0,100.0,74,74,74.9920634920635,16.339156626506025,1.0,Amy's,0.247524752,0.455445544
7,131.56,0.0,87,86,52.8644578313253,36.6,1.0,100.0,74,74,75.9047619047619,15.845238095238102,1.0,Amy's,0.247524752,0.455445544
7,131.79,0.0,87,86,54.15,35.60000000000001,1.0,100.0,74,74,76.12349397590361,15.49896111391675,1.0,marriage,0.247524752,0.455445544
7,132.02,0.0,87,86,54.15,34.849999999999994,1.0,100.0,74,74,76.636875,15.6037037037037,1.0,with,0.247524752,0.455445544
7,132.25,0.0,87,86,52.24221428571428,34.849999999999994,1.0,100.0,74,74,77.78333333333333,15.65,1.0,with,0.247524752,0.455445544
7,132.48,0.0,87,86,51.52857142857143,36.64999999999999,1.0,100.0,74,74,77.9,15.598795180722892,1.0,Dan,0.247524752,0.455445544
7,132.71,0.0,87,86,50.1,33.2,1.0,100.0,74,74,77.9,15.151822875919269,1.0,and,0.128712871,0.267326732
7,132.94,0.0,87,85,50.1,32.75,1.0,100.0,74,74,77.9,14.490697674418612,1.0,and,0.128712871,0.267326732
7,133.17,0.0,87,84,50.05,32.77865853658537,1.0,100.0,74,74,77.9,13.814457831325312,1.0,that,0.128712871,0.267326732
7,133.4,0.0,87,84,50.05,32.8,1.0,100.0,74,74,77.73780487804878,13.712195121951224,1.0,she,0.128712871,0.267326732
7,133.63,0.0,87,84,50.05,32.8,1.0,100.0,74,74,77.35588235294117,14.094117647058836,1.0,she,0.128712871,0.267326732
7,133.86,0.0,87,84,50.05,33.87321428571428,1.0,100.0,74,74,77.48823529411764,13.96176470588236,1.0,didn't,0.128712871,0.267326732
7,134.09,0.0,87,84,49.95,33.1,1.0,100.0,74,74,77.69999999999999,13.750000000000014,1.0,deserve,0.128712871,0.267326732
7,134.32,0.0,87,83,50.0,33.2,1.0,100.0,74,74,77.44999999999999,13.799999999999995,1.0,to,0.128712871,0.267326732
7,134.55,0.0,87,83,49.3,32.8,1.0,100.0,74,74,77.44999999999999,13.900000000000002,1.0,to,0.128712871,0.267326732
7,134.78,0.0,87,83,49.3,32.8,1.0,100.0,74,74,77.44999999999999,14.000000000000014,1.0,die,0.128712871,0.267326732
7,135.01,0.0,87,83,49.3,33.30963855421687,1.0,100.0,74,74,77.69999999999999,13.750000000000014,1.0,die,0.128712871,0.267326732
7,135.24,0.0,87,83,49.3,35.3012048192771,1.0,100.0,74,74,78.62010050251257,12.929899497487426,1.0,die,0.128712871,0.267326732
7,135.47,0.0,87,83,48.9,32.650000000000006,1.0,100.0,74,74,79.6,11.950000000000005,1.0,die,0.128712871,0.267326732
7,135.7,0.0,87,82,48.68524590163935,33.6,1.0,100.0,74,74,79.6,12.85,1.0,die,0.128712871,0.267326732
7,135.93,0.0,87,82,48.0,33.646,1.0,100.0,74,74,79.6,12.85,1.0,die,0.128712871,0.267326732
7,136.16,0.0,87,82,48.096,33.194,1.0,100.0,74,73,79.6,12.0,1.0,die,0.128712871,0.267326732
7,136.39,0.0,87,81,47.694,21.85,1.0,100.0,74,73,79.6,12.0,1.0,die,0.128712871,0.267326732
8,136.62,0.0,92,2,33.65,8.399999999999999,0.0,0.0,75,4,73.5,11.150000000000002,0.0,Once,0.207920792,0.712871287
8,136.85,0.0,92,10,46.45,14.529411764705884,0.0,0.0,75,10,64.19723618090453,13.68961038961039,0.0,Amy,0.207920792,0.712871287
8,137.08,0.0,92,16,36.45,15.053405017921154,0.0,0.0,75,13,62.3,11.335064935064937,0.0,Amy,0.207920792,0.712871287
8,137.31,0.0,92,25,44.2,15.735599031867686,0.0,0.0,75,19,65.2,10.5,0.0,awoke,0.207920792,0.712871287
8,137.54,0.0,92,37,44.85223880597015,20.830487804878047,0.0,0.0,75,28,63.1,14.940906090113874,0.0,from,0.207920792,0.712871287
8,137.77,0.0,92,49,30.61951219512196,20.533,1.0,0.0,75,35,62.49277108433735,14.192771084337352,0.0,from,0.207920792,0.712871287
8,138.0,0.0,92,51,30.655,19.1,1.0,0.0,75,45,68.0,17.900000000000006,1.0,consciousness,0.207920792,0.712871287
8,138.23,0.0,92,57,24.4,21.25,1.0,0.0,75,52,66.23253012048193,16.108333333333334,1.0,at,0.207920792,0.712871287
8,138.46,0.0,92,60,26.6,19.062248995983936,1.0,0.0,75,56,63.7,16.258102766798416,1.0,the,0.207920792,0.712871287
8,138.69,0.0,92,67,22.9,16.48896299483649,1.0,0.0,75,58,64.03571428571428,15.314285714285724,1.0,the,0.207920792,0.712871287
8,138.92,0.0,92,70,19.545589500860583,14.451786334967096,1.0,0.0,75,60,63.683053483275415,14.54746026293643,1.0,hospital,0.207920792,0.712871287
8,139.15,58.98203592814366,92,72,16.665060240963854,13.059412293683405,1.0,0.0,75,62,63.95803964757709,14.62491489787746,1.0,she,0.396039604,0.643564356
8,139.38,100.0,92,76,14.647296686746987,12.486046242774568,1.0,0.0,75,63,64.0,14.156626506024097,1.0,she,0.396039604,0.643564356
8,139.61,100.0,92,78,14.156024096385542,9.877272727272729,1.0,0.0,75,64,63.177,15.289285714285716,1.0,was,0.396039604,0.643564356
8,139.84,100.0,92,81,11.3,9.872867782975982,1.0,0.0,75,66,61.68053703053703,15.758351858351864,1.0,met,0.396039604,0.643564356
8,140.07,100.0,92,82,11.362048192771084,10.1,1.0,0.0,75,66,61.06796598157335,16.494234636706288,1.0,met,0.396039604,0.643564356
8,140.3,100.0,92,82,11.2,10.15,1.0,0.0,75,66,60.650000000000006,14.74166666666666,1.0,by,0.396039604,0.643564356
8,140.53,100.0,92,82,11.2,10.3,1.0,0.0,75,66,60.650000000000006,14.689232106635757,1.0,Linda,0.396039604,0.643564356
8,140.76,100.0,92,82,11.35,13.76735994286094,1.0,0.0,75,66,59.71744186046512,14.991513363415471,1.0,Linda,0.396039604,0.643564356
8,140.99,100.0,92,82,15.08772988505747,19.10712138728324,1.0,0.0,75,67,60.78705882352941,14.687058823529403,1.0,Linda,0.396039604,0.643564356
8,141.22,100.0,92,83,20.4,23.8,1.0,0.0,75,68,60.175,14.93013815867495,1.0,rushed,0.782178218,0.821782178
8,141.45,100.0,92,83,26.6,34.16453781512605,1.0,0.0,75,68,61.63409090909091,14.43536585365854,1.0,rushed,0.782178218,0.821782178
8,141.68,81.98198198198212,92,84,41.37117647058824,34.5,1.0,0.0,75,68,62.943644208430136,13.105434782608697,1.0,over,0.782178218,0.821782178
8,141.91,12.912912912912956,92,85,45.9,33.745209409064834,1.0,0.0,75,69,63.537804878048775,13.597873513911026,1.0,as,0.267326733,0.415841584
8,142.14,0.0,92,85,49.94761904761905,34.55,1.0,0.0,75,69,64.1,13.499999999999991,1.0,soon,0.267326733,0.415841584
8,142.37,0.0,92,86,51.54285714285714,33.72774869109947,1.0,0.0,75,70,64.45059523809523,15.349404761904772,1.0,soon,0.267326733,0.415841584
8,142.6,0.0,92,86,53.7,32.195238095238096,1.0,0.0,75,70,64.8,15.450000000000005,1.0,as,0.267326733,0.415841584
8,142.83,0.0,92,87,56.595238095238095,31.61157894736843,1.0,0.0,75,70,64.85,15.450000000000005,1.0,she,0.267326733,0.415841584
8,143.06,0.0,92,88,66.03842105263158,31.332352941176467,1.0,0.0,75,70,64.41050243111832,16.48949756888168,1.0,she,0.267326733,0.415841584
8,143.29,0.0,92,88,66.46764705882353,29.8125421686747,1.0,0.0,75,70,63.77306320907617,17.12693679092383,1.0,was,0.267326733,0.415841584
8,143.52,0.0,92,88,66.64761904761906,26.76159638554217,1.0,0.0,75,71,62.8,17.684705882352944,1.0,called,0.267326733,0.415841584
8,143.75,0.0,92,88,66.7,25.316250000000004,1.0,39.03903903903899,75,71,62.8,17.5,1.0,called,0.267326733,0.415841584
8,143.98,0.0,92,89,67.2,24.21428571428572,1.0,100.0,75,72,63.0,16.85,1.0,finding,0.217821782,0.465346534
8,144.21,0.0,92,89,67.4,22.0279792746114,1.0,100.0,75,72,63.41811594202899,16.381884057971014,1.0,out,0.217821782,0.465346534
8,144.44,0.0,92,89,71.3,22.22770562770565,1.0,100.0,75,72,64.15,14.703947368421057,1.0,out,0.217821782,0.465346534
8,144.67,0.0,92,89,71.3,21.814925373134336,1.0,100.0,75,72,64.80000000000001,15.04813200498133,1.0,she,0.217821782,0.465346534
8,144.9,0.0,92,89,72.41492537313434,22.96904761904761,1.0,100.0,75,72,64.85,14.895724350880164,1.0,was,0.217821782,0.465346534
8,145.13,0.0,92,89,74.63095238095238,22.5,1.0,100.0,75,72,64.15,15.232881487219212,1.0,still,0.217821782,0.465346534
8,145.36,0.0,92,89,75.1,22.5,1.0,100.0,75,73,64.2,15.147368421052631,1.0,still,0.217821782,0.465346534
8,145.59,0.0,92,89,75.5,22.099999999999994,1.0,100.0,75,74,64.21428571428572,14.998331108144196,1.0,Amy's,0.217821782,0.465346534
8,145.82,0.0,92,89,75.6,23.200000000000003,1.0,100.0,75,75,64.73246753246754,14.844640901267413,1.0,emergency,0.217821782,0.465346534
8,146.05,0.0,92,89,75.5,22.200000000000003,1.0,100.0,75,75,65.1,13.317857142857136,1.0,emergency,0.217821782,0.465346534
8,146.28,0.0,92,89,76.5,22.55,1.0,100.0,75,75,65.37977528089888,13.23451043338683,1.0,contact,0.217821782,0.465346534
8,146.51,66.96696696696716,92,90,76.2,22.89999999999999,1.0,33.033033033032844,75,75,64.9264705882353,13.573529411764696,1.0,Nicole,0.831683168,0.9108910889999999
8,146.74,100.0,92,91,75.9,22.89999999999999,1.0,0.0,75,75,65.5,14.858474576271185,1.0,Nicole,0.831683168,0.9108910889999999
8,146.97,100.0,92,91,75.9,22.5,1.0,0.0,75,75,65.5,15.454961832061072,1.0,apologized,0.831683168,0.9108910889999999
8,147.2,100.0,92,91,76.5,22.3,1.0,0.0,75,75,65.5,16.003418803418803,1.0,and,0.831683168,0.9108910889999999
8,147.43,100.0,92,91,76.7,22.945454545454552,1.0,0.0,75,75,66.82048192771084,16.020481927710847,1.0,and,0.831683168,0.9108910889999999
8,147.66,100.0,92,91,76.05454545454545,20.346875000000004,1.0,0.0,75,75,66.9,15.399999999999991,1.0,explained,0.831683168,0.9108910889999999
8,147.89,100.0,92,92,76.6,16.614285714285714,1.0,0.0,75,75,66.9,14.699999999999989,1.0,to,0.831683168,0.9108910889999999
8,148.12,100.0,92,92,81.88571428571429,14.400000000000006,1.0,0.0,75,75,66.9,14.513157894736842,1.0,Amy,0.831683168,0.9108910889999999
8,148.35,100.0,92,91,85.3,10.900000000000006,1.0,0.0,75,75,66.9,14.699999999999989,1.0,Amy,0.831683168,0.9108910889999999
8,148.58,100.0,92,91,89.1,9.173809523809524,1.0,0.0,75,75,66.9,14.522822384428231,1.0,and,0.831683168,0.9108910889999999
8,148.81,100.0,92,91,90.82619047619048,7.400000000000006,1.0,0.0,75,75,67.4,13.400000000000006,1.0,Linda,0.831683168,0.9108910889999999
8,149.04,100.0,92,91,92.6,5.885714285714286,1.0,0.0,75,75,67.4,13.400000000000006,1.0,Linda,0.831683168,0.9108910889999999
8,149.27,100.0,92,91,94.11428571428571,3.5999999999999943,1.0,0.0,75,75,67.4,14.199999999999989,1.0,what,0.831683168,0.9108910889999999
8,149.5,100.0,92,91,96.4,4.885389610389595,1.0,0.0,75,75,67.4,13.800000000000004,1.0,had,0.831683168,0.9108910889999999
8,149.73,100.0,92,91,95.1146103896104,3.5999999999999943,1.0,0.0,75,75,69.6,14.799999999999995,1.0,had,0.831683168,0.9108910889999999
8,149.96,100.0,92,91,96.4,3.5999999999999943,1.0,0.0,75,75,68.42325581395349,14.423255813953489,1.0,happened,0.831683168,0.9108910889999999
8,150.19,100.0,92,91,96.4,2.0602409638554207,1.0,0.0,75,75,67.4,14.299999999999995,1.0,at,0.831683168,0.9108910889999999
8,150.42,100.0,92,91,97.93975903614458,2.4000000000000057,1.0,0.0,75,75,67.4,14.199999999999989,1.0,at,0.831683168,0.9108910889999999
8,150.65,100.0,92,91,97.6,2.4000000000000057,1.0,0.0,75,75,67.4,13.800000000000004,1.0,the,0.831683168,0.9108910889999999
8,150.88,100.0,92,91,97.6,1.7399999999999949,1.0,0.0,75,75,67.4,14.199999999999989,1.0,hotel,0.831683168,0.9108910889999999
8,151.11,100.0,92,91,98.26,1.5999999999999943,1.0,47.00598802395216,75,75,67.51578947368421,13.915789473684208,1.0,hotel,0.831683168,0.9108910889999999
8,151.34,100.0,92,91,98.4,1.5,1.0,100.0,75,75,68.18809523809524,13.41190476190475,1.0,Amy,0.257425743,0.564356436
8,151.57,100.0,92,91,98.5,2.0999999999999943,1.0,100.0,75,75,70.1,14.171428571428578,1.0,was,0.257425743,0.564356436
8,151.8,100.0,92,91,97.9,2.097560975609767,1.0,100.0,75,75,70.1,14.054216867469876,1.0,taken,0.257425743,0.564356436
8,152.03,100.0,92,91,97.90243902439023,1.9499999999999889,1.0,100.0,75,75,70.55,14.049999999999995,1.0,taken,0.257425743,0.564356436
8,152.26,100.0,92,90,98.05,1.5499999999999972,1.0,100.0,75,75,70.8,14.213253012048185,1.0,aback,0.257425743,0.564356436
8,152.49,100.0,92,90,98.45,1.5999999999999943,1.0,100.0,75,75,70.7,14.44819277108433,1.0,when,0.297029703,0.524752475
8,152.72,100.0,92,90,98.4,1.9000000000000057,1.0,100.0,75,75,70.7,13.046428571428564,1.0,when,0.297029703,0.524752475
8,152.95,100.0,92,90,98.1,2.459036144578306,1.0,100.0,75,75,70.7,12.885882352941168,1.0,she,0.297029703,0.524752475
8,153.18,100.0,92,90,97.5409638554217,2.817058823529408,1.0,100.0,75,75,70.7,14.700000000000005,1.0,realized,0.297029703,0.524752475
8,153.41,100.0,92,90,97.1829411764706,2.4000000000000057,1.0,100.0,75,75,70.7,14.700000000000005,1.0,realized,0.297029703,0.524752475
8,153.64,100.0,92,90,97.6,2.4995145631068,1.0,100.0,75,75,70.7,14.599999999999994,1.0,her,0.297029703,0.524752475
8,153.87,100.0,92,90,97.5004854368932,2.266071428571422,1.0,100.0,75,75,70.4,13.452941176470588,1.0,husband's,0.297029703,0.524752475
8,154.1,100.0,92,90,97.73392857142858,2.049999999999997,1.0,100.0,75,75,70.8,13.699999999999996,1.0,husband's,0.297029703,0.524752475
8,154.33,100.0,92,90,97.95,2.5,1.0,100.0,75,75,70.8,13.26705882352941,1.0,betrayal,0.297029703,0.524752475
8,154.56,100.0,92,90,97.5,2.586574074074079,1.0,100.0,75,75,70.8,14.5,1.0,betrayal,0.297029703,0.524752475
8,154.79,100.0,92,90,97.41342592592592,3.3880952380952465,1.0,100.0,75,75,70.8,15.299999999999995,1.0,betrayal,0.297029703,0.524752475
8,155.02,100.0,92,90,96.61190476190475,3.200000000000003,1.0,100.0,75,75,71.90963855421687,14.00963855421687,1.0,betrayal,0.297029703,0.524752475
8,155.25,100.0,92,89,96.8,3.299999999999997,1.0,100.0,75,75,72.4,14.100000000000009,1.0,betrayal,0.297029703,0.524752475
8,155.48,100.0,92,89,96.7,3.186746987951807,1.0,100.0,75,75,72.18915662650602,13.889156626506022,1.0,betrayal,0.297029703,0.524752475
8,155.71,100.0,92,89,96.8132530120482,20.300000000000004,1.0,100.0,75,75,72.30263157894737,14.002631578947373,1.0,betrayal,0.297029703,0.524752475
9,155.94,0.0,77,7,62.4,21.6,0.0,100.0,72,4,48.7,15.049999999999995,0.0,She,0.633663366,0.6732673259999999
9,156.17,0.0,77,12,63.70032175032175,8.300000000000004,0.0,100.0,72,10,59.8,8.800000000000004,0.0,decided,0.633663366,0.6732673259999999
9,156.4,0.0,77,21,56.4,19.65848375451264,0.0,100.0,72,11,57.7,12.5270588235294,0.0,decided,0.633663366,0.6732673259999999
9,156.63,0.0,77,32,52.04325105299246,22.498529411764707,0.0,100.0,72,25,62.1,12.235483870967748,0.0,it,0.485148515,0.554455446
9,156.86,0.0,77,43,51.4,21.963855421686745,1.0,100.0,72,29,62.1,13.1,0.0,was,0.485148515,0.554455446
9,157.09,0.0,77,50,50.6,23.86309769642324,1.0,100.0,72,35,62.18072289156627,14.180722891566267,0.0,was,0.485148515,0.554455446
9,157.32,0.0,77,54,49.578778270978646,28.3,1.0,100.0,72,43,65.5,16.4,1.0,best,0.485148515,0.554455446
9,157.55,0.0,77,57,48.0,29.40000000000001,1.0,100.0,72,48,66.07228915662651,16.658775643112996,1.0,to,0.485148515,0.554455446
9,157.78,0.0,77,59,47.8,27.686746987951807,1.0,100.0,72,53,65.8,14.810526315789469,1.0,let,0.485148515,0.554455446
9,158.01,0.0,77,61,43.18674698795181,23.79638554216868,1.0,100.0,72,56,65.55,15.099999999999998,1.0,let,0.485148515,0.554455446
9,158.24,0.0,77,63,30.39638554216868,23.13863387271024,1.0,100.0,72,59,64.4,15.095652173913052,1.0,Dan,0.485148515,0.554455446
9,158.47,0.0,77,66,26.693315143246927,22.813183421516754,1.0,100.0,72,59,63.4,14.6,1.0,run,0.485148515,0.554455446
9,158.7,0.0,77,71,25.702469135802467,21.71804651162791,1.0,100.0,72,61,63.4,14.299999999999995,1.0,run,0.485148515,0.554455446
9,158.93,0.0,77,71,24.26395348837209,20.42305071915216,1.0,100.0,72,63,63.4,13.854999999999997,1.0,off,0.485148515,0.554455446
9,159.16,0.0,77,71,21.6,21.096479939439817,1.0,100.0,72,65,63.4,12.9,1.0,with,0.485148515,0.554455446
9,159.39,0.0,77,73,22.7,20.43181818181818,1.0,100.0,72,67,64.4,12.800000000000004,1.0,with,0.485148515,0.554455446
9,159.62,0.0,77,75,22.7,18.2,1.0,100.0,72,67,64.4,12.800000000000004,1.0,her,0.485148515,0.554455446
9,159.85,0.0,77,76,21.2,14.965060240963854,1.0,100.0,72,67,64.4,13.378313253012038,1.0,money,0.485148515,0.554455446
9,160.08,0.0,77,76,18.5,16.233684432273016,1.0,57.95795795795809,72,67,64.4,13.399999999999991,1.0,money,0.485148515,0.554455446
9,160.31,0.0,77,76,19.1,16.192857142857143,1.0,0.0,72,68,64.80000000000001,13.2,1.0,if,0.287128713,0.366336634
9,160.54,0.0,77,76,18.542857142857144,17.21058180875371,1.0,0.0,72,68,64.7921686746988,13.2,1.0,that,0.287128713,0.366336634
9,160.77,0.0,77,76,19.75092307692308,17.194,1.0,0.0,72,69,65.1,13.499999999999991,1.0,that,0.287128713,0.366336634
9,161.0,0.0,77,76,20.6,16.76024096385542,1.0,0.0,72,70,64.75,13.078994082840236,1.0,meant,0.287128713,0.366336634
9,161.23,0.0,77,76,20.68975903614458,17.522619047619045,1.0,0.0,72,70,65.25,12.040040650406503,1.0,he,0.287128713,0.366336634
9,161.46,0.0,77,76,19.92738095238096,16.661607330945863,1.0,0.0,72,70,64.65,11.489709885042746,1.0,was,0.287128713,0.366336634
9,161.69,0.0,77,76,18.5,15.969047619047618,1.0,0.0,72,70,64.55927835051547,13.0,1.0,was,0.287128713,0.366336634
9,161.92,0.0,77,76,18.5,14.991106186163035,1.0,0.0,72,70,64.30000000000001,13.140476190476187,1.0,out,0.287128713,0.366336634
9,162.15,0.0,77,76,18.5,15.57346153846154,1.0,0.0,72,70,64.07912087912088,11.979120879120876,1.0,of,0.287128713,0.366336634
9,162.38,0.0,77,76,18.45,14.999267681634226,1.0,0.0,72,70,64.15,12.25,1.0,of,0.287128713,0.366336634
9,162.61,0.0,77,76,18.45,13.678348429369818,1.0,0.0,72,70,64.15,13.13313253012048,1.0,her,0.287128713,0.366336634
9,162.84,0.0,77,76,17.799999999999997,13.366300599931076,1.0,0.0,72,71,64.1,13.899999999999991,1.0,life,0.287128713,0.366336634
9,163.07,0.0,77,76,17.66601427996852,14.65152040816326,1.0,0.0,72,71,64.1,13.975999999999992,1.0,life,0.287128713,0.366336634
9,163.3,0.0,77,76,18.401020408163262,13.0655906725766,1.0,0.0,72,71,63.9,14.1,1.0,forever,0.287128713,0.366336634
9,163.53,0.0,77,76,17.799999999999997,13.7,1.0,0.0,72,71,63.7,13.5,1.0,Amy,0.544554455,0.623762376
9,163.76,0.0,77,76,18.45,13.9,1.0,0.0,72,71,63.4,14.6,1.0,Amy,0.544554455,0.623762376
9,163.99,0.0,77,77,18.5,14.311933448078024,1.0,0.0,72,71,63.7,13.040000000000006,1.0,and,0.544554455,0.623762376
9,164.22,0.0,77,77,19.609523809523807,14.15846153846154,1.0,0.0,72,71,64.2,13.76144578313253,1.0,Linda,0.544554455,0.623762376
9,164.45,0.0,77,77,19.05846153846154,15.36570625439213,1.0,0.0,72,71,66.9,14.819047619047623,1.0,continued,0.544554455,0.623762376
9,164.68,0.0,77,77,19.9,16.845691382765526,1.0,0.0,72,71,66.9,15.000000000000009,1.0,continued,0.544554455,0.623762376
9,164.91,0.0,77,77,20.45430861723447,17.599999999999998,1.0,0.0,72,71,66.9,15.000000000000009,1.0,to,0.544554455,0.623762376
9,165.14,0.0,77,77,22.9,19.092771084337347,1.0,0.0,72,71,66.9,15.000000000000009,1.0,be,0.544554455,0.623762376
9,165.37,0.0,77,77,24.392771084337348,19.05463480439391,1.0,0.0,72,71,66.9,15.000000000000009,1.0,be,0.544554455,0.623762376
9,165.6,0.0,77,77,25.2,20.3,1.0,0.0,72,71,66.9,14.399999999999991,1.0,best,0.544554455,0.623762376
9,165.83,0.0,77,77,25.2,21.4,1.0,0.0,72,72,66.51114649681529,14.590396496815288,1.0,friends,0.544554455,0.623762376
9,166.06,0.0,77,77,24.0,21.67241379310345,1.0,0.0,72,72,66.62545454545455,14.49027866605756,1.0,friends,0.544554455,0.623762376
9,166.29,0.0,77,77,23.372413793103448,21.526424938046173,1.0,0.0,72,72,65.97018348623854,13.662720799671376,1.0,and,0.683168317,0.792079208
9,166.52,0.0,77,76,23.05,21.52440476190476,1.0,0.0,72,72,65.95,13.206818181818186,1.0,years,0.683168317,0.792079208
9,166.75,0.0,77,76,23.05,23.75700534759358,1.0,0.0,72,72,65.95,13.379958246346558,1.0,years,0.683168317,0.792079208
9,166.98,0.0,77,76,27.76904761904762,23.00442806834485,1.0,0.0,72,72,64.55,14.400000000000002,1.0,later,0.683168317,0.792079208
9,167.21,0.0,77,76,24.6,20.8,1.0,0.0,72,72,64.55,14.500000000000004,1.0,she,0.683168317,0.792079208
9,167.44,0.0,77,76,21.75,21.27916666666667,1.0,0.0,72,72,65.0,15.560714285714289,1.0,went,0.683168317,0.792079208
9,167.67,0.0,77,76,21.879166666666663,22.503546350168424,1.0,0.0,72,72,64.6,15.161999999999995,1.0,went,0.683168317,0.792079208
9,167.9,0.0,77,76,23.114457831325304,22.250000000000004,1.0,0.0,72,72,64.6,16.408099320130063,1.0,on,0.683168317,0.792079208
9,168.13,0.0,77,76,23.200000000000003,22.1,1.0,0.0,72,72,64.6,15.400000000000002,1.0,to,0.683168317,0.792079208
9,168.36,0.0,77,75,23.3,23.12086865788444,1.0,0.0,72,72,64.38869047619048,15.004761904761905,1.0,to,0.683168317,0.792079208
9,168.59,0.0,77,75,25.2,23.496439024390245,1.0,0.0,72,71,64.2,14.5,1.0,marry,0.683168317,0.792079208
9,168.82,0.0,77,75,28.306,23.7,1.0,0.0,72,71,64.2,14.800000000000004,1.0,a,0.683168317,0.792079208
9,169.05,0.0,77,75,29.8,23.67200871124776,1.0,0.0,72,71,64.2,17.200000000000003,1.0,a,0.683168317,0.792079208
9,169.28,0.0,77,75,30.666666666666664,24.96190476190476,1.0,0.0,72,71,63.7,17.5,1.0,kind,0.683168317,0.792079208
9,169.51,0.0,77,75,31.96190476190476,22.44355083670578,1.0,0.0,72,71,63.3,17.099999999999994,1.0,man,0.683168317,0.792079208
9,169.74,0.0,77,75,29.314457831325303,22.605647619047616,1.0,0.0,72,71,63.7,19.02800000000001,1.0,man,0.683168317,0.792079208
9,169.97,0.0,77,75,27.39404761904762,22.2,1.0,0.0,72,71,63.7,18.39999999999999,1.0,with,0.683168317,0.792079208
9,170.2,0.0,77,75,25.4,22.55,1.0,0.0,72,71,63.7,18.39999999999999,1.0,a,0.683168317,0.792079208
9,170.43,0.0,77,74,25.7,23.1,1.0,0.0,72,71,63.7,19.200000000000003,1.0,a,0.683168317,0.792079208
9,170.66,0.0,77,73,26.0,24.00952380952381,1.0,0.0,72,70,64.34378698224852,19.66651425497579,1.0,loving,0.683168317,0.792079208
9,170.89,0.0,77,73,25.50952380952381,24.0,1.0,0.0,72,70,64.5,20.1474025974026,1.0,family,0.683168317,0.792079208
9,171.12,0.0,77,73,25.2,23.9,1.0,0.0,72,70,64.65,20.03214285714285,1.0,family,0.683168317,0.792079208
9,171.35,0.0,77,73,25.4,23.9,1.0,0.0,72,69,64.6,19.5,1.0,family,0.683168317,0.792079208
9,171.58,0.0,77,73,25.4,23.3,1.0,0.0,72,68,64.85,18.95509902453443,1.0,family,0.683168317,0.792079208
9,171.81,0.0,77,73,26.0,22.942857142857143,1.0,0.0,72,68,64.85,18.741566265060243,1.0,family,0.683168317,0.792079208
9,172.04,0.0,77,71,25.4,22.37074881805704,1.0,0.0,72,67,63.0,19.099999999999994,1.0,family,0.683168317,0.792079208
9,172.27,0.0,77,70,23.82074881805704,22.545,1.0,0.0,72,67,63.0,19.099999999999994,1.0,family,0.683168317,0.792079208
9,172.5,0.0,77,69,24.045,,1.0,0.0,72,67,63.0,19.099999999999994,1.0,family,0.683168317,0.792079208
