situation,time,word,multiperson_ratings,multiperson_ratings_mad,multiperson_validPar_trial,multiperson_validPar_time,multiperson_included
1,0.0,James',53.4,0.0,68.0,1,0
1,0.23,James',66.0,16.549999999999997,68.0,8,0
1,0.46,James',72.3,14.900000000000006,68.0,11,0
1,0.69,James',67.6421686746988,18.870740103270226,68.0,13,0
1,0.92,and,61.350751879699246,15.800751879699243,68.0,22,0
1,1.15,Nancy's,56.1554347826087,13.044565217391302,68.0,27,0
1,1.38,son,57.8,11.0,68.0,33,0
1,1.61,son,54.8,9.799999999999995,68.0,37,1
1,1.84,Peter,51.533746208291205,11.800000000000004,68.0,40,1
1,2.07,had,50.54767441860465,8.850595238095238,68.0,42,1
1,2.3,been,50.74956803455724,10.150000000000002,68.0,44,1
1,2.53,kidnapped,50.7,13.771428571428572,68.0,45,1
1,2.76,kidnapped,51.1,19.300000000000004,68.0,47,1
1,2.99,recently,50.9,15.19166666666667,68.0,47,1
1,3.22,recently,50.9,18.02528735632184,68.0,49,1
1,3.45,recently,50.9,19.4,68.0,51,1
1,3.68,James,50.77857142857143,19.45,68.0,52,1
1,3.91,James,50.65722891566265,17.521514629948364,68.0,52,1
1,4.14,told,50.9,20.650602409638555,68.0,55,1
1,4.37,told,50.9418284789644,21.8581715210356,68.0,56,1
1,4.6,Nancy,50.9,21.1,68.0,57,1
1,4.83,to,50.9,22.300000000000004,68.0,57,1
1,5.06,to,50.1,22.65,68.0,58,1
1,5.29,at,50.95,21.65,68.0,58,1
1,5.52,home,60.11379310344828,17.1825226860254,68.0,59,1
1,5.75,and,69.8,20.056321839080454,68.0,59,1
1,5.98,he,73.2,21.5,68.0,61,1
1,6.21,search,76.22,21.96810126582278,68.0,61,1
1,6.44,the,82.95,16.549999999999997,68.0,62,1
1,6.67,whole,82.95,16.65,68.0,62,1
1,6.9,town,81.75,17.450000000000003,68.0,62,1
1,7.13,for,82.95,15.799999999999995,68.0,62,1
1,7.36,the,82.95,15.699999999999996,68.0,62,1
1,7.59,son,82.95,15.789655172413788,68.0,62,1
1,7.82,no,82.95,16.400624999999998,68.0,62,1
1,8.05,no,82.56951219512194,16.530487804878057,68.0,62,1
1,8.28,matter,79.35,19.639759036144586,68.0,62,1
1,8.51,how,82.7,16.299999999999997,68.0,63,1
1,8.74,long,82.7,16.5,68.0,63,1
1,8.97,it,83.2,15.299999999999995,68.0,63,1
1,9.2,took,83.5,15.0,68.0,63,1
1,9.43,took,82.7,16.299999999999997,68.0,63,1
1,9.66,For,83.2,15.799999999999995,68.0,63,1
1,9.89,For,83.2,16.099999999999994,68.0,63,1
1,10.12,days,82.7,17.299999999999997,68.0,63,1
1,10.35,James,82.0,17.200000000000003,68.0,63,1
1,10.58,had,83.2,16.0,68.0,63,1
1,10.81,been,82.7,16.5,68.0,63,1
1,11.04,searching,82.7,16.599999999999994,68.0,63,1
1,11.27,all,83.00833333333334,16.291666666666657,68.0,65,1
1,11.5,through,75.78333333333333,22.3,68.0,66,1
1,11.73,town,69.97647058823529,23.98809523809524,68.0,66,1
1,11.96,to,71.2,25.200000000000003,68.0,67,1
1,12.19,find,71.2,24.508133333333333,68.0,67,1
1,12.42,Peter,71.2,25.205800000000004,68.0,67,1
1,12.65,Peter,71.2,26.5,68.0,67,1
1,12.88,calling,71.2,26.601133333333337,68.0,67,1
1,13.11,calling,71.2,26.89999999999999,68.0,67,1
1,13.34,his,63.3,31.40000000000001,68.0,67,1
1,13.57,his,63.3,31.3,68.0,67,1
1,13.8,and,63.3,31.40000000000001,68.0,67,1
1,14.03,hoping,63.3,31.5,68.0,67,1
1,14.26,to,63.3,33.10000000000001,68.0,67,1
1,14.49,hear,61.85238095238095,32.94761904761905,68.0,67,1
1,14.72,his,63.3,31.3,68.0,67,1
1,14.95,son's,62.619277108433735,31.98072289156626,68.0,67,1
1,15.18,voice,61.8,32.8,68.0,67,1
1,15.41,call,61.9,31.9,68.0,67,1
1,15.64,back,58.44096385542169,35.1590361445783,68.0,67,1
1,15.87,back,56.72469879518072,35.925301204819284,68.0,68,1
1,16.1,back,51.6,36.65722891566265,68.0,68,1
1,16.33,one,51.98111111111111,36.36888888888889,68.0,68,1
1,16.56,one,51.843125,36.506875,68.0,68,1
1,16.79,day,51.69473684210526,37.89473684210526,68.0,68,1
1,17.02,while,54.0,38.65,68.0,68,1
1,17.25,searching,53.98314606741573,38.66685393258427,68.0,68,1
1,17.48,searching,52.5766,37.6,68.0,68,1
1,17.71,through,50.95,37.150000000000006,68.0,68,1
1,17.94,an,50.95,37.150000000000006,68.0,68,1
1,18.17,abandoned,50.9,37.1,68.0,68,1
1,18.4,building,50.8,36.75,68.0,68,1
1,18.63,building,50.8,36.75,68.0,68,1
1,18.86,He,50.2,36.72951807228915,68.0,68,1
1,19.09,He,49.650000000000006,36.93769030013049,68.0,68,1
1,19.32,finally,49.650000000000006,36.45,68.0,68,1
1,19.55,heard,49.03875,36.23875,68.0,68,1
1,19.78,heard,48.92578607111372,37.23301498677637,68.0,68,1
1,20.01,his,48.75,37.25,68.0,68,1
1,20.24,son,48.5367469879518,36.412650602409634,68.0,68,1
1,20.47,yelling,49.3,35.73847736625514,68.0,68,1
1,20.7,to,49.95,34.60000000000001,68.0,68,1
1,20.93,him,51.00675675675676,33.34324324324324,68.0,68,1
1,21.16,him,57.45933734939759,28.9,68.0,68,1
1,21.39,He,67.43841463414634,26.26158536585365,68.0,68,1
1,21.62,He,71.1,23.71615120274914,68.0,68,1
1,21.85,He,71.6,24.0933734939759,68.0,68,1
1,22.08,followed,72.97592295345103,22.877142465646152,68.0,68,1
1,22.31,the,72.55,22.35,68.0,68,1
1,22.54,voice,72.5,22.25,68.0,68,1
1,22.77,and,72.85,22.32409638554217,68.0,68,1
1,23.0,found,72.85,21.75,68.0,68,1
1,23.23,his,74.94999999999999,21.200000000000003,68.0,68,1
1,23.46,tied,79.69999999999999,19.50000000000001,68.0,68,1
1,23.69,to,76.55,20.35,68.0,68,1
1,23.92,to,77.26845238095238,20.30654761904762,68.0,68,1
1,24.15,chair,82.65,15.899999999999991,68.0,68,1
1,24.38,chair,82.65,15.449999999999996,68.0,68,1
1,24.61,chair,82.65,14.691139240506333,68.0,68,1
1,24.84,chair,83.55,14.857594936708864,68.0,68,1
1,25.07,chair,84.25,13.264457831325302,68.0,68,1
1,25.3,chair,88.53928571428571,11.460714285714287,68.0,68,1
1,25.53,chair,90.24496636854164,8.931819345744067,68.0,68,1
1,25.76,chair,92.48125,7.518749999999997,68.0,67,1
1,25.99,chair,91.92191780821918,8.078082191780823,68.0,67,1
1,26.22,chair,90.5,9.5,68.0,67,1
2,26.45,After,77.5,0.0,66.0,1,0
2,26.68,After,68.12289156626505,9.12289156626506,66.0,2,0
2,26.91,After,55.1289156626506,10.457574199235964,66.0,8,0
2,27.14,looking,50.89246987951808,13.311904761904763,66.0,12,0
2,27.37,around,52.95977011494253,6.058614634146341,66.0,24,0
2,27.6,to,54.25318416523236,15.753211009174311,66.0,30,0
2,27.83,make,52.2,10.4,66.0,35,1
2,28.06,sure,58.1,11.587775822712572,66.0,38,1
2,28.29,no,58.1,12.601234567901232,66.0,40,1
2,28.52,one,54.57588235294118,7.6175,66.0,42,1
2,28.75,else,57.92647058823529,10.48373493975904,66.0,42,1
2,28.98,was,55.92197802197802,10.684375394720224,66.0,46,1
2,29.21,there,56.6945054945055,19.505494505494504,66.0,47,1
2,29.44,he,58.65822784810126,17.741772151898736,66.0,48,1
2,29.67,he,56.1,22.9315875613748,66.0,48,1
2,29.9,ran,60.43095238095238,21.52321428571428,66.0,48,1
2,30.13,to,66.55848101265823,21.84151898734177,66.0,49,1
2,30.36,his,72.87670191672174,21.79477420587837,66.0,50,1
2,30.59,son,73.2,22.85,66.0,50,1
2,30.82,untied,76.2,23.3904761904762,66.0,51,1
2,31.05,untied,76.6,23.40000000000001,66.0,51,1
2,31.28,untied,77.15694183864915,22.65,66.0,52,1
2,31.51,him,79.86746987951807,20.13253012048193,66.0,54,1
2,31.74,led,84.28192771084338,15.718072289156623,66.0,55,1
2,31.97,him,84.3,15.700000000000005,66.0,55,1
2,32.2,of,87.31309523809524,12.686904761904756,66.0,55,1
2,32.43,the,88.54156626506024,11.45843373493976,66.0,56,1
2,32.66,into,92.42083333333336,7.5791666666666515,66.0,56,1
2,32.89,the,93.853488372093,6.146511627906989,66.0,56,1
2,33.12,main,95.91875,4.081249999999997,66.0,56,1
2,33.35,part,96.4,3.5999999999999943,66.0,58,1
2,33.58,of,96.85,3.1500000000000057,66.0,58,1
2,33.81,town,96.9,3.0999999999999943,66.0,59,1
2,34.04,town,96.9,3.0999999999999943,66.0,59,1
2,34.27,While,96.8,3.200000000000003,66.0,59,1
2,34.5,While,96.9,3.0999999999999943,66.0,59,1
2,34.73,running,96.9,3.0999999999999943,66.0,59,1
2,34.96,running,96.9,3.0999999999999943,66.0,59,1
2,35.19,through,97.26415094339625,2.7358490566037545,66.0,59,1
2,35.42,town,97.24671052631578,2.7532894736842195,66.0,60,1
2,35.65,On,97.1,2.9000000000000057,66.0,60,1
2,35.88,their,96.9,3.0999999999999943,66.0,61,1
2,36.11,home,97.2297619047619,2.770238095238099,66.0,61,1
2,36.34,home,96.85,3.1500000000000057,66.0,62,1
2,36.57,James,96.85,3.1500000000000057,66.0,62,1
2,36.8,James,96.85,3.1500000000000057,66.0,62,1
2,37.03,and,96.65,3.3499999999999943,66.0,62,1
2,37.26,Peter,96.65,3.3499999999999943,66.0,62,1
2,37.49,Peter,96.6,3.4000000000000057,66.0,62,1
2,37.72,ran,96.2,3.799999999999997,66.0,62,1
2,37.95,into,95.95,4.049999999999997,66.0,62,1
2,38.18,James',95.95,4.049999999999997,66.0,62,1
2,38.41,James',96.27555555555556,3.724444444444444,66.0,62,1
2,38.64,good,95.9,4.099999999999994,66.0,63,1
2,38.87,friend,96.85,3.1500000000000057,66.0,64,1
2,39.1,Matthew,97.15,2.8499999999999943,66.0,64,1
2,39.33,Matthew,97.6,2.4000000000000057,66.0,65,1
2,39.56,Matthew,97.4,2.5999999999999943,66.0,65,1
2,39.79,Matthew,98.0,2.0,66.0,65,1
2,40.02,Matthew,98.2,1.7999999999999972,66.0,65,1
2,40.25,Matthew,98.3,1.7000000000000028,66.0,65,1
2,40.48,was,98.17619047619048,1.823809523809516,66.0,64,1
2,40.71,was,98.15,1.8499999999999943,66.0,64,1
2,40.94,so,98.18767123287672,1.8123287671232904,66.0,64,1
2,41.17,happy,98.3,1.7000000000000028,66.0,64,1
2,41.4,that,98.71871722182848,1.2812827781715157,66.0,64,1
2,41.63,James,98.75,1.25,66.0,64,1
2,41.86,had,98.50189873417722,1.4981012658227826,66.0,64,1
2,42.09,found,98.66645569620256,1.3335443037974528,66.0,64,1
2,42.32,Peter,98.9,1.0999999999999943,66.0,64,1
2,42.55,but,98.65,1.3499999999999943,66.0,64,1
2,42.78,he,98.9,1.0999999999999943,66.0,64,1
2,43.01,warned,98.8,1.2000000000000028,66.0,65,1
2,43.24,them,98.8,1.2000000000000028,66.0,65,1
2,43.47,that,98.8,1.2000000000000028,66.0,65,1
2,43.7,kidnappers,98.8,1.2000000000000028,66.0,65,1
2,43.93,kidnappers,99.0,1.0,66.0,65,1
2,44.16,would,99.0,1.0,66.0,65,1
2,44.39,soon,99.0,1.0,66.0,65,1
2,44.62,see,99.0,1.0,66.0,65,1
2,44.85,see,99.0,1.0,66.0,65,1
2,45.08,Peter,99.0,1.0,66.0,65,1
2,45.31,was,99.0,1.0,66.0,65,1
2,45.54,missing,99.0,1.0,66.0,65,1
2,45.77,and,99.0,1.0,66.0,65,1
2,46.0,and,99.0,1.0,66.0,65,1
2,46.23,they,99.0,1.0,66.0,65,1
2,46.46,would,99.0,1.0,66.0,65,1
2,46.69,come,98.57619047619048,1.423809523809524,66.0,65,1
2,46.92,for,98.8,1.2000000000000028,66.0,65,1
2,47.15,James,98.8,1.2000000000000028,66.0,65,1
2,47.38,and,99.0,1.0,66.0,65,1
2,47.61,Peter,99.0,1.0,66.0,65,1
2,47.84,This,99.0,1.0,66.0,65,1
2,48.07,time,99.0,1.0,66.0,65,1
2,48.3,time,99.0,1.0,66.0,65,1
2,48.53,Matthew,99.0,1.0,66.0,65,1
2,48.76,Matthew,99.0,1.0,66.0,64,1
2,48.99,Matthew,99.0,1.0,66.0,64,1
2,49.22,suggested,99.0,1.0,66.0,64,1
2,49.45,suggested,99.0,1.0,66.0,64,1
2,49.68,suggested,99.0,1.0,66.0,64,1
2,49.91,that,99.0,1.0,66.0,64,1
2,50.14,that,98.9,1.0999999999999943,66.0,64,1
2,50.37,hide,98.9,1.0999999999999943,66.0,64,1
2,50.6,out,98.9,1.0999999999999943,66.0,64,1
2,50.83,at,99.24685534591194,0.7531446540880609,66.0,64,1
2,51.06,his,99.3,0.7000000000000028,66.0,64,1
2,51.29,property,99.3,0.7000000000000028,66.0,64,1
2,51.52,in,99.65,0.3499999999999943,66.0,64,1
2,51.75,city,99.65,0.3499999999999943,66.0,64,1
2,51.98,far,99.57619047619048,0.4238095238095241,66.0,64,1
2,52.21,from,99.60722891566265,0.3927710843373546,66.0,64,1
2,52.44,town,99.7,0.2999999999999971,66.0,63,1
2,52.67,town,99.7,0.2999999999999971,66.0,63,1
2,52.9,town,99.6,0.4000000000000057,66.0,63,1
2,53.13,town,99.6,0.4000000000000057,66.0,63,1
2,53.36,town,99.6,0.4000000000000057,66.0,63,1
2,53.59,town,99.6,0.4000000000000057,66.0,63,1
2,53.82,town,99.7,0.2999999999999971,66.0,63,1
2,54.05,town,99.7,0.2999999999999971,66.0,63,1
2,54.28,town,99.7,0.2999999999999971,66.0,63,1
2,54.51,town,99.7,0.2999999999999971,66.0,63,1
3,54.74,James,,2.799999999999997,59.0,0,0
3,54.97,James,97.2,24.20357142857143,59.0,5,0
3,55.2,James,72.84397590361446,11.5,59.0,8,0
3,55.43,was,88.5,14.61794871794872,59.0,19,0
3,55.66,was,54.71794871794872,10.882530120481928,59.0,23,0
3,55.89,furious,60.08253012048193,14.175,59.0,28,0
3,56.12,that,61.4467032967033,18.0,59.0,30,1
3,56.35,the,61.2,13.443478260869568,59.0,33,1
3,56.58,kidnappers,60.84347826086957,17.608871851040533,59.0,35,1
3,56.81,kidnappers,66.23614457831326,24.193984962406013,59.0,37,1
3,57.04,had,70.04285714285714,23.025714285714272,59.0,40,1
3,57.27,taken,71.94761904761904,20.801807228915663,59.0,41,1
3,57.5,his,79.19819277108434,23.61573426573426,59.0,44,1
3,57.73,his,76.38426573426574,20.73928571428572,59.0,44,1
3,57.96,son,71.18928571428572,16.69404761904762,59.0,46,1
3,58.19,and,66.30909090909091,20.75721363041541,59.0,46,1
3,58.42,they,59.79889481707317,23.69820205479452,59.0,46,1
3,58.65,now,59.4,25.46204819277108,59.0,48,1
3,58.88,had,58.05,25.45,59.0,48,1
3,59.11,flee,60.15,20.78674698795181,59.0,49,1
3,59.34,and,60.4,23.0,59.0,49,1
3,59.57,hide,57.7,24.24905660377358,59.0,49,1
3,59.8,hide,56.40294117647059,21.5,59.0,50,1
3,60.03,He,53.1,20.2,59.0,53,1
3,60.26,He,52.1,18.982119205298005,59.0,53,1
3,60.49,He,57.7,22.9,59.0,53,1
3,60.72,told,58.0,26.42903225806451,59.0,55,1
3,60.95,Matthew,58.02903225806451,27.3,59.0,55,1
3,61.18,to,58.0,24.987804878048784,59.0,55,1
3,61.41,take,61.06219512195122,20.897647058823537,59.0,56,1
3,61.64,Peter,70.89764705882354,17.495672162333555,59.0,57,1
3,61.87,because,80.80432783766645,18.42025316455696,59.0,58,1
3,62.1,he,80.82025316455696,14.900000000000006,59.0,59,1
3,62.33,he,85.1,13.5,59.0,59,1
3,62.56,going,86.5,9.099999999999994,59.0,59,1
3,62.79,to,90.9,9.099999999999994,59.0,59,1
3,63.02,find,90.9,3.775903614457846,59.0,59,1
3,63.25,kidnappers,96.22409638554215,3.5999999999999943,59.0,59,1
3,63.48,kidnappers,96.4,3.0999999999999943,59.0,59,1
3,63.71,and,96.9,2.9000000000000057,59.0,59,1
3,63.94,and,97.1,2.983673469387753,59.0,59,1
3,64.17,take,97.01632653061225,3.5999999999999943,59.0,59,1
3,64.4,revenge,96.4,3.5999999999999943,59.0,59,1
3,64.63,on,96.4,3.5999999999999943,59.0,59,1
3,64.86,his,96.4,3.5999999999999943,59.0,59,1
3,65.09,own,96.4,5.882400000000004,59.0,59,1
3,65.32,own,94.1176,8.799999999999997,59.0,59,1
3,65.55,own,91.2,8.799999999999997,59.0,59,1
3,65.78,own,91.2,8.799999999999997,59.0,59,1
3,66.01,own,91.2,8.799999999999997,59.0,59,1
3,66.24,own,91.2,8.799999999999997,59.0,59,1
3,66.47,own,91.2,8.5,59.0,59,1
3,66.7,own,91.5,8.5,59.0,59,1
3,66.93,own,91.5,22.0,59.0,59,1
4,67.16,When,72.8,15.7,58.0,2,0
4,67.39,When,59.900000000000006,17.897275266671787,58.0,8,0
4,67.62,When,59.75329936305733,19.92964071856288,58.0,12,0
4,67.85,James,54.33902439024391,17.000808394869807,58.0,14,0
4,68.08,returned,50.87951807228916,16.33132530120482,58.0,19,0
4,68.31,returned,53.23132530120482,13.84457831325301,58.0,29,1
4,68.54,to,50.8,13.33913043478261,58.0,33,1
4,68.77,home,50.6,13.518072289156628,58.0,35,1
4,69.0,he,50.01807228915663,13.299999999999995,58.0,37,1
4,69.23,saw,49.8,13.299999999999995,58.0,39,1
4,69.46,his,49.8,11.327710843373495,58.0,41,1
4,69.69,wife,49.6,18.753804347826083,58.0,41,1
4,69.92,standing,51.09107142857143,18.509054044750428,58.0,44,1
4,70.15,standing,50.55,22.11430049751244,58.0,44,1
4,70.38,by,51.76343283582089,16.046800000000005,58.0,44,1
4,70.61,swamp,54.0,17.738666666666667,58.0,47,1
4,70.84,near,58.3,17.249371428571422,58.0,49,1
4,71.07,the,67.94937142857142,17.94050632911393,58.0,49,1
4,71.3,house,70.44050632911393,17.56666666666667,58.0,51,1
4,71.53,with,71.16666666666667,17.544578313253012,58.0,51,1
4,71.76,two,73.54457831325301,13.899999999999991,58.0,51,1
4,71.99,other,73.9,14.93095238095237,58.0,51,1
4,72.22,men,77.44999999999999,12.657142857142858,58.0,52,1
4,72.45,men,78.45714285714286,13.414457831325308,58.0,52,1
4,72.68,before,80.45714285714286,15.449999999999996,58.0,52,1
4,72.91,before,82.35,15.383132530120491,58.0,54,1
4,73.14,before,84.61686746987951,12.60815450643777,58.0,54,1
4,73.37,he,87.39184549356223,12.855813953488363,58.0,54,1
4,73.6,could,87.14418604651163,14.150000000000006,58.0,56,1
4,73.83,react,85.85,14.150000000000006,58.0,58,1
4,74.06,quick,85.85,13.935987903225817,58.0,58,1
4,74.29,quick,85.85,14.113392857142856,58.0,58,1
4,74.52,enough,85.86785714285715,12.226190476190474,58.0,58,1
4,74.75,he,87.01190476190476,12.45000000000001,58.0,58,1
4,74.98,saw,87.1,12.070731707317066,58.0,58,1
4,75.21,one,87.92926829268293,9.789377289377285,58.0,58,1
4,75.44,the,90.21062271062272,8.295512820512812,58.0,58,1
4,75.67,strike,91.7044871794872,8.386144578313264,58.0,58,1
4,75.9,his,91.61385542168674,7.549999999999997,58.0,58,1
4,76.13,his,92.45,7.549999999999997,58.0,58,1
4,76.36,wife,92.45,7.618674698795189,58.0,58,1
4,76.59,and,92.3813253012048,7.549999999999997,58.0,58,1
4,76.82,fell,92.45,7.5,58.0,58,1
4,77.05,to,92.5,7.006586826347302,58.0,58,1
4,77.28,the,92.9934131736527,6.949999999999989,58.0,58,1
4,77.51,ground,93.05,6.949999999999989,58.0,58,1
4,77.74,ground,93.05,6.336746987951813,58.0,58,1
4,77.97,ground,93.6632530120482,5.949999999999989,58.0,58,1
4,78.2,ground,94.05,5.949999999999989,58.0,58,1
4,78.43,ground,94.05,5.349999999999994,58.0,58,1
4,78.66,ground,94.65,4.099999999999994,58.0,58,1
4,78.89,ground,95.9,3.9476190476190425,58.0,58,1
4,79.12,ground,96.05238095238096,4.985714285714295,58.0,58,1
4,79.35,ground,95.0142857142857,16.200000000000003,58.0,58,1
5,79.58,James,68.2,13.99117647058824,51.0,4,0
5,79.81,James,74.65,13.995541401273886,51.0,8,0
5,80.04,James,72.17812898653438,17.79666666666667,51.0,10,0
5,80.27,ran,71.95547945205479,18.5,51.0,16,0
5,80.5,ran,59.5,16.16202088453627,51.0,23,0
5,80.73,Nancy's,58.281210556511766,17.32650602409639,51.0,24,0
5,80.96,Nancy's,62.57650602409639,22.06626506024096,51.0,28,1
5,81.19,side,71.6,21.588044485634857,51.0,32,1
5,81.42,and,72.9265060240964,17.750000000000007,51.0,34,1
5,81.65,knelt,78.6,12.688554216867471,51.0,36,1
5,81.88,before,81.24935311716666,9.984337349397592,51.0,38,1
5,82.11,before,90.01566265060241,7.200000000000003,51.0,39,1
5,82.34,her,92.8,6.50823529411764,51.0,42,1
5,82.57,crying,93.49176470588236,7.400000000000006,51.0,42,1
5,82.8,while,92.6,7.271686746987953,51.0,43,1
5,83.03,the,92.72831325301205,6.700000000000003,51.0,44,1
5,83.26,other,93.3,6.564285714285703,51.0,47,1
5,83.49,were,93.4357142857143,6.9126506024096415,51.0,47,1
5,83.72,were,93.08734939759036,6.705421686746973,51.0,48,1
5,83.95,standing,93.29457831325304,6.317647058823525,51.0,50,1
5,84.18,above,93.68235294117648,4.655357142857142,51.0,50,1
5,84.41,him,95.34464285714286,3.881886637458933,51.0,50,1
5,84.64,feeling,96.11811336254108,3.3523809523809547,51.0,50,1
5,84.87,no,96.64761904761905,3.276607142857131,51.0,50,1
5,85.1,remorse,96.72339285714288,3.1500000000000057,51.0,50,1
5,85.33,remorse,96.85,3.0114457831325296,51.0,50,1
5,85.56,remorse,96.98855421686748,2.4000000000000057,51.0,50,1
5,85.79,remorse,97.6,2.299999999999997,51.0,50,1
5,86.02,remorse,97.7,2.0999999999999943,51.0,50,1
5,86.25,remorse,97.9,2.0999999999999943,51.0,50,1
5,86.48,remorse,97.9,2.0999999999999943,51.0,50,1
5,86.71,remorse,97.9,2.0999999999999943,51.0,50,1
5,86.94,remorse,97.9,2.0999999999999943,51.0,50,1
5,87.17,remorse,97.9,0.0,51.0,50,1
6,87.4,Suddenly,96.4,2.0918918918918905,54.0,1,0
6,87.63,Suddenly,97.85,1.9509615384615413,54.0,8,0
6,87.86,Suddenly,96.13653846153846,5.468625425183582,54.0,9,0
6,88.09,Suddenly,93.9710843373494,8.5,54.0,14,0
6,88.32,one,90.1,11.427111716621262,54.0,21,0
6,88.55,one,85.6,8.577108433734942,54.0,24,0
6,88.78,of,89.55,9.638271604938268,54.0,28,1
6,89.01,men,89.11172839506173,10.540476190476204,54.0,34,1
6,89.24,grabbed,88.35,10.799999999999995,54.0,36,1
6,89.47,Nancy,88.5,11.299999999999995,54.0,37,1
6,89.7,Nancy,88.5,5.700000000000003,54.0,39,1
6,89.93,and,94.3,4.5,54.0,41,1
6,90.16,despite,95.5,5.799999999999997,54.0,43,1
6,90.39,despite,94.2,4.5,54.0,45,1
6,90.62,the,95.5,4.5,54.0,45,1
6,90.85,fact,95.5,3.932530120481914,54.0,46,1
6,91.08,James,96.06746987951809,3.1999999999999886,54.0,47,1
6,91.31,fought,96.8,3.299999999999997,54.0,48,1
6,91.54,fought,96.7,3.1999999999999886,54.0,49,1
6,91.77,him,96.8,3.299999999999997,54.0,50,1
6,92.0,the,96.7,3.0999999999999943,54.0,51,1
6,92.23,the,96.9,3.0999999999999943,54.0,51,1
6,92.46,was,96.9,3.0999999999999943,54.0,51,1
6,92.69,able,96.9,2.9000000000000057,54.0,51,1
6,92.92,to,97.1,3.23674698795179,54.0,52,1
6,93.15,overpower,96.7632530120482,3.0999999999999943,54.0,52,1
6,93.38,James,96.9,3.0,54.0,53,1
6,93.61,James,97.0,2.4000000000000057,54.0,53,1
6,93.84,and,97.6,2.4000000000000057,54.0,53,1
6,94.07,and,97.6,2.4000000000000057,54.0,53,1
6,94.3,took,97.6,2.450000000000003,54.0,53,1
6,94.53,Nancy,97.55,2.3499999999999943,54.0,54,1
6,94.76,and,97.65,2.25,54.0,54,1
6,94.99,threw,97.75,2.200000000000003,54.0,54,1
6,95.22,her,97.8,2.200000000000003,54.0,53,1
6,95.45,body,97.8,2.200000000000003,54.0,53,1
6,95.68,into,97.8,2.0,54.0,53,1
6,95.91,the,98.0,1.721428571428575,54.0,53,1
6,96.14,swamp,98.27857142857142,1.7000000000000028,54.0,53,1
6,96.37,swamp,98.3,1.7000000000000028,54.0,53,1
6,96.6,swamp,98.3,1.7000000000000028,54.0,53,1
6,96.83,swamp,98.3,1.7000000000000028,54.0,53,1
6,97.06,swamp,98.3,1.5999999999999943,54.0,53,1
6,97.29,swamp,98.4,1.5999999999999943,54.0,53,1
6,97.52,swamp,98.4,1.0,54.0,53,1
6,97.75,swamp,99.0,1.0,54.0,53,1
6,97.98,swamp,99.0,1.0,54.0,53,1
6,98.21,swamp,99.0,5.1000000000000085,54.0,53,1
7,98.44,James,93.8,2.2518518518518533,63.0,3,0
7,98.67,James,91.60185185185183,3.028571428571425,63.0,4,0
7,98.9,James,87.47142857142858,18.500000000000004,63.0,7,0
7,99.13,made,69.4,10.195238095238096,63.0,12,0
7,99.36,his,83.4,16.85060240963857,63.0,20,0
7,99.59,way,81.7566265060241,15.049999999999995,63.0,29,0
7,99.82,to,84.45873493975904,19.84945652173912,63.0,36,1
7,100.05,Matthew's,79.60054347826087,18.34578313253011,63.0,38,1
7,100.28,house,81.10421686746989,13.800000000000004,63.0,38,1
7,100.51,house,86.05000000000001,20.300625000000004,63.0,40,1
7,100.74,the,75.36024096385543,16.772713342762852,63.0,44,1
7,100.97,city,75.25,18.038525943115232,63.0,46,1
7,101.2,to,73.98171215212287,20.6,63.0,48,1
7,101.43,meet,71.14076086956521,20.06265060240964,63.0,50,1
7,101.66,back,69.2,25.42168674698795,63.0,51,1
7,101.89,with,62.77831325301205,25.07058333333334,63.0,51,1
7,102.12,his,65.54125,26.155416666666667,63.0,51,1
7,102.35,son,59.52875,26.87825,63.0,53,1
7,102.58,son,56.80625,26.11268682029213,63.0,53,1
7,102.81,When,54.11652764905777,25.41549815498155,63.0,54,1
7,103.04,When,52.98450184501846,24.39550561797753,63.0,55,1
7,103.27,he,54.19550561797753,31.567857142857143,63.0,55,1
7,103.5,arrived,52.01028571428572,30.055952380952377,63.0,56,1
7,103.73,arrived,50.0,29.49302325581396,63.0,57,1
7,103.96,he,49.2,29.800000000000004,63.0,57,1
7,104.19,he,49.2,29.56666666666667,63.0,57,1
7,104.42,told,50.0,31.4,63.0,58,1
7,104.65,Matthew,50.8,27.200000000000003,63.0,59,1
7,104.88,about,51.2,24.182151863267023,63.0,59,1
7,105.11,about,50.52168674698795,28.24951237809452,63.0,59,1
7,105.34,Nancy's,55.4,25.17951807228916,63.0,59,1
7,105.57,Nancy's,59.37951807228916,24.324324324324323,63.0,59,1
7,105.8,death,71.7,21.61325301204819,63.0,59,1
7,106.03,death,77.1867469879518,19.3,63.0,59,1
7,106.26,death,79.8,16.228724939855653,63.0,59,1
7,106.49,Matthew,82.93127506014434,14.222891566265062,63.0,59,1
7,106.72,Matthew,85.1,13.900000000000006,63.0,59,1
7,106.95,explained,86.0,12.638095238095232,63.0,59,1
7,107.18,explained,86.93809523809523,12.316615298402894,63.0,59,1
7,107.41,explained,87.19036144578314,11.299999999999995,63.0,59,1
7,107.64,that,88.0,11.299999999999995,63.0,59,1
7,107.87,he,88.0,11.5,63.0,59,1
7,108.1,was,88.0,11.5,63.0,59,1
7,108.33,sorry,88.0,9.0,63.0,59,1
7,108.56,but,91.0,9.0,63.0,59,1
7,108.79,thought,91.0,8.599999999999994,63.0,59,1
7,109.02,that,91.4,9.0,63.0,60,1
7,109.25,Peter,91.0,9.0,63.0,61,1
7,109.48,should,91.0,8.700000000000003,63.0,61,1
7,109.71,stay,91.3,7.400000000000006,63.0,61,1
7,109.94,with,92.6,5.704491017964074,63.0,61,1
7,110.17,Matthew,94.29550898203593,5.5,63.0,61,1
7,110.4,and,94.5,5.5,63.0,61,1
7,110.63,and,94.5,5.5,63.0,61,1
7,110.86,wife,94.5,5.5,63.0,62,1
7,111.09,because,94.5,5.650000000000006,63.0,62,1
7,111.32,because,94.35,5.137951807228916,63.0,62,1
7,111.55,he,94.86204819277108,4.650000000000006,63.0,62,1
7,111.78,needed,95.35,4.650000000000006,63.0,62,1
7,112.01,a,95.35,4.450000000000003,63.0,62,1
7,112.24,and,95.55,3.418181818181821,63.0,62,1
7,112.47,father,96.58181818181818,3.4000000000000057,63.0,62,1
7,112.7,father,96.6,3.4000000000000057,63.0,63,1
7,112.93,in,96.6,3.4000000000000057,63.0,63,1
7,113.16,in,96.6,3.4000000000000057,63.0,63,1
7,113.39,in,96.6,3.4000000000000057,63.0,63,1
7,113.62,his,96.6,3.4000000000000057,63.0,63,1
7,113.85,state,96.6,3.4000000000000057,63.0,63,1
7,114.08,sorrow,96.6,3.4000000000000057,63.0,63,1
7,114.31,and,96.6,3.4000000000000057,63.0,63,1
7,114.54,depression,96.6,3.4000000000000057,63.0,63,1
7,114.77,depression,96.6,3.4000000000000057,63.0,63,1
7,115.0,He,96.6,3.4000000000000057,63.0,63,1
7,115.23,He,96.6,3.4000000000000057,63.0,63,1
7,115.46,agreed,96.6,3.4000000000000057,63.0,63,1
7,115.69,that,96.6,3.4000000000000057,63.0,63,1
7,115.92,he,96.6,3.678443113772445,63.0,63,1
7,116.15,did,96.32155688622755,4.299999999999997,63.0,63,1
7,116.38,have,95.7,4.299999999999997,63.0,63,1
7,116.61,the,95.7,4.293975903614438,63.0,63,1
7,116.84,capacity,95.70602409638556,3.984337349397606,63.0,63,1
7,117.07,capacity,96.0156626506024,3.700000000000003,63.0,63,1
7,117.3,to,96.3,3.4000000000000057,63.0,63,1
7,117.53,care,96.6,3.0999999999999943,63.0,63,1
7,117.76,of,96.9,3.0999999999999943,63.0,63,1
7,117.99,Peter,96.9,3.0999999999999943,63.0,63,1
7,118.22,and,96.9,2.5,63.0,63,1
7,118.45,and,97.5,2.5,63.0,63,1
7,118.68,that,97.5,2.5,63.0,63,1
7,118.91,was,97.5,2.5,63.0,63,1
7,119.14,best,97.5,2.897590361445779,63.0,63,1
7,119.37,for,97.10240963855422,2.5,63.0,63,1
7,119.6,to,97.5,2.799999999999997,63.0,63,1
7,119.83,stay,97.2,2.950000000000003,63.0,62,1
7,120.06,Matthew,97.05,2.589759036144585,63.0,62,1
7,120.29,Matthew,97.4102409638554,2.450000000000003,63.0,62,1
7,120.52,and,97.55,2.6644736842105203,63.0,62,1
7,120.75,his,97.33552631578948,3.3281645569620224,63.0,62,1
7,120.98,wife,96.67183544303798,3.1238451086956616,63.0,62,1
7,121.21,wife,96.87615489130434,2.7013785790031903,63.0,62,1
7,121.44,wife,97.2986214209968,2.5999999999999943,63.0,62,1
7,121.67,wife,97.4,2.700000000000003,63.0,62,1
7,121.9,wife,97.3,2.700000000000003,63.0,62,1
7,122.13,wife,97.3,2.700000000000003,63.0,62,1
7,122.36,wife,97.3,2.700000000000003,63.0,62,1
7,122.59,wife,97.3,3.050000000000012,63.0,62,1
7,122.82,wife,96.95,10.15,63.0,62,1
8,123.05,After,88.85,3.1000000000000085,49.0,2,0
8,123.28,After,87.1,11.699999999999996,49.0,5,0
8,123.51,After,87.65,14.0,49.0,10,0
8,123.74,the,82.4,19.680722891566266,49.0,17,0
8,123.97,events,79.81927710843374,18.21756756756757,49.0,26,1
8,124.2,of,69.0,20.08567669172933,49.0,29,1
8,124.43,the,71.30357142857143,20.639537660600844,49.0,33,1
8,124.66,week,70.87763289869608,15.700000000000005,49.0,35,1
8,124.89,or,64.2,20.297590361445785,49.0,37,1
8,125.12,so,70.59759036144578,12.902964233219013,49.0,41,1
8,125.35,so,61.35296423321901,9.0,49.0,44,1
8,125.58,James,55.8,8.667352185089975,49.0,45,1
8,125.81,James,51.6,7.899999999999999,49.0,45,1
8,126.04,felt,51.0,14.600000000000009,49.0,45,1
8,126.27,he,50.3,12.53354037267081,49.0,47,1
8,126.5,had,50.3,15.017857142857132,49.0,48,1
8,126.73,suffered,50.1,18.851807228915668,49.0,49,1
8,126.96,everything,49.9,20.200000000000003,49.0,49,1
8,127.19,everything,50.1,23.368452380952384,49.0,49,1
8,127.42,someone,49.85,24.74285714285714,49.0,48,1
8,127.65,could,49.86686746987952,28.49634146341464,49.0,48,1
8,127.88,could,49.7285498489426,29.068674698795185,49.0,46,1
8,128.11,could,49.45,26.95,49.0,46,1
8,128.34,could,47.1,28.41855126284472,49.0,44,1
8,128.57,could,47.1,29.35,49.0,44,1
8,128.8,could,44.60654761904762,31.066379804934016,49.0,44,1
8,129.03,could,45.3,29.46549770510613,49.0,44,1
8,129.26,could,42.2875,21.4,49.0,44,1
8,129.49,could,29.9,13.2,49.0,43,1
9,129.72,Over,25.8,5.6,48.0,2,0
9,129.95,Over,16.5,12.277346595685064,48.0,5,0
9,130.18,Over,17.577346595685064,21.6,48.0,8,0
9,130.41,the,38.4,16.97857142857143,48.0,11,0
9,130.64,next,31.62142857142857,22.78160499139415,48.0,19,0
9,130.87,couple,39.87678571428572,24.51957686515292,48.0,24,1
9,131.1,weeks,43.15,25.532142857142865,48.0,32,1
9,131.33,weeks,42.73214285714286,18.781609195402297,48.0,35,1
9,131.56,the,32.799397590361444,19.725,48.0,36,1
9,131.79,the,21.625,18.65,48.0,37,1
9,132.02,tragedies,21.14668597168597,12.6,48.0,38,1
9,132.25,James,13.9,12.12467105263158,48.0,39,1
9,132.48,James,13.380952380952383,12.262650602409638,48.0,40,1
9,132.71,had,13.1,9.15,48.0,41,1
9,132.94,endured,9.8,7.980722891566265,48.0,42,1
9,133.17,endured,8.780722891566265,7.92432174742134,48.0,43,1
9,133.4,began,8.621084337349398,8.699078667611625,48.0,44,1
9,133.63,to,9.588235294117649,7.668611701708796,48.0,45,1
9,133.86,drove,8.27710843373494,7.2,48.0,45,1
9,134.09,him,8.0,7.25625,48.0,45,1
9,134.32,mad,8.10625,6.479268292682926,48.0,46,1
9,134.55,and,8.05,5.379518072289157,48.0,46,1
9,134.78,he,7.029518072289156,5.229651162790697,48.0,46,1
9,135.01,the,6.779651162790698,4.041424928668254,48.0,46,1
9,135.24,rest,5.172715251248899,3.9,48.0,46,1
9,135.47,of,5.0,4.159375000000001,48.0,46,1
9,135.7,life,4.9,4.45,48.0,47,1
9,135.93,alone,5.0,4.7,48.0,46,1
9,136.16,alone,5.35,4.409638554216868,48.0,46,1
9,136.39,and,5.490361445783132,4.3,48.0,45,1
9,136.62,in,5.7,3.96625,48.0,45,1
9,136.85,agony,5.1,4.0,48.0,45,1
9,137.08,and,4.6,3.4,48.0,45,1
9,137.31,pain,3.9,2.9,48.0,45,1
9,137.54,pain,3.4,2.8000000000000003,48.0,45,1
9,137.77,pain,3.2,2.8000000000000003,48.0,44,1
9,138.0,pain,3.2,2.5,48.0,41,1
9,138.23,pain,3.0,2.7,48.0,39,1
9,138.46,pain,3.0,2.7,48.0,39,1
9,138.69,pain,3.0,2.436342857142857,48.0,39,1
9,138.92,pain,2.9,2.383333333333333,48.0,38,1
9,139.15,pain,2.833333333333333,2.064285714285714,48.0,38,1
9,139.38,pain,2.4535714285714283,,48.0,36,1
