rating,speech_audio,no_speech_audio,physical_audio,no_physical_audio,no_speech_physical_audio
0.0,0.0,0.0,0.0,0.0,0.0
0.0,0.0,0.0,0.0,0.0,0.0
0.0,0.0,0.0,0.0,0.0,0.0
0.0,0.0,0.0,0.0,0.0,0.0
0.0,0.0,0.0,0.0,0.0,0.0
0.0,0.0,0.0,0.0,0.0,0.0
0.0,0.0,0.0,0.0,0.0,0.0
0.0,0.0,0.0,0.0,0.0,0.0
0.0,0.0,0.0,0.0,0.0,0.0
0.0,0.0,0.0,0.0,0.0,0.0
0.0,0.0,1.0,0.0,1.0,1.0
0.0,0.0,1.0,0.0,1.0,1.0
0.0,0.0,1.0,0.0,1.0,1.0
0.0,0.0,1.0,0.0,1.0,1.0
0.0,0.0,1.0,0.0,1.0,1.0
0.0,0.0,1.0,0.0,1.0,1.0
0.0,0.0,1.0,0.0,1.0,1.0
0.0,0.0,1.0,0.0,1.0,1.0
0.0,0.0,1.0,0.0,1.0,1.0
0.0,0.0,1.0,0.0,1.0,1.0
0.0,0.0,1.0,0.0,1.0,1.0
0.0,0.0,1.0,0.0,1.0,1.0
0.0,0.0,1.0,0.0,1.0,1.0
0.0,0.0,1.0,0.0,1.0,1.0
0.0,1.0,0.0,0.0,1.0,0.0
0.0,1.0,0.0,0.0,1.0,0.0
0.0,1.0,0.0,0.0,1.0,0.0
0.0,1.0,0.0,0.0,1.0,0.0
0.0,1.0,0.0,0.0,1.0,0.0
0.0,1.0,0.0,0.0,1.0,0.0
0.0,1.0,0.0,0.0,1.0,0.0
0.0,1.0,0.0,0.0,1.0,0.0
0.0,1.0,0.0,0.0,1.0,0.0
0.0,1.0,0.0,0.0,1.0,0.0
0.0,1.0,0.0,0.0,1.0,0.0
0.0,1.0,0.0,0.0,1.0,0.0
0.0,1.0,0.0,0.0,1.0,0.0
0.0,1.0,0.0,0.0,1.0,0.0
0.0,1.0,0.0,0.0,1.0,0.0
0.0,1.0,0.0,0.0,1.0,0.0
0.0,1.0,0.0,0.0,1.0,0.0
0.0,1.0,0.0,0.0,1.0,0.0
0.0,1.0,0.0,0.0,1.0,0.0
0.0,1.0,0.0,0.0,1.0,0.0
1.0,0.0,0.0,0.0,0.0,0.0
1.0,0.0,0.0,0.0,0.0,0.0
1.0,0.0,0.0,0.0,0.0,0.0
1.0,0.0,0.0,0.0,0.0,0.0
1.0,0.0,0.0,0.0,0.0,0.0
1.0,0.0,0.0,0.0,0.0,0.0
1.0,0.0,0.0,0.0,0.0,0.0
1.0,0.0,0.0,0.0,0.0,0.0
1.0,0.0,0.0,0.0,0.0,0.0
1.0,0.0,0.0,0.0,0.0,0.0
1.0,0.0,0.0,0.0,0.0,0.0
1.0,0.0,0.0,0.0,0.0,0.0
1.0,0.0,0.0,0.0,0.0,0.0
1.0,0.0,0.0,0.0,0.0,0.0
1.0,0.0,0.0,0.0,0.0,0.0
1.0,0.0,0.0,0.0,0.0,0.0
1.0,0.0,0.0,0.0,0.0,0.0
1.0,0.0,0.0,0.0,0.0,0.0
0.0,0.0,0.0,0.0,0.0,0.0
0.0,0.0,0.0,0.0,0.0,0.0
0.0,0.0,0.0,0.0,0.0,0.0
0.0,0.0,0.0,0.0,0.0,0.0
0.0,0.0,0.0,0.0,0.0,0.0
0.0,0.0,0.0,0.0,0.0,0.0
0.0,0.0,1.0,0.0,1.0,1.0
0.0,0.0,1.0,0.0,1.0,1.0
0.0,0.0,1.0,0.0,1.0,1.0
0.0,0.0,1.0,0.0,1.0,1.0
0.0,0.0,1.0,0.0,1.0,1.0
0.0,0.0,1.0,0.0,1.0,1.0
0.0,0.0,1.0,0.0,1.0,1.0
0.0,0.0,1.0,0.0,1.0,1.0
0.0,0.0,1.0,0.0,1.0,1.0
0.0,0.0,1.0,0.0,1.0,1.0
0.0,0.0,1.0,0.0,1.0,1.0
0.0,0.0,1.0,0.0,1.0,1.0
0.0,0.0,1.0,0.0,1.0,1.0
0.0,0.0,1.0,0.0,1.0,1.0
0.0,0.0,1.0,0.0,1.0,1.0
0.0,0.0,1.0,0.0,1.0,1.0
0.0,0.0,1.0,0.0,1.0,1.0
0.0,0.0,1.0,0.0,1.0,1.0
0.0,0.0,1.0,0.0,1.0,1.0
1.0,0.0,0.0,0.0,0.0,0.0
1.0,0.0,0.0,0.0,0.0,0.0
1.0,0.0,0.0,0.0,0.0,0.0
1.0,0.0,0.0,0.0,0.0,0.0
1.0,0.0,0.0,0.0,0.0,0.0
1.0,0.0,0.0,0.0,0.0,0.0
1.0,0.0,0.0,0.0,0.0,0.0
1.0,0.0,0.0,0.0,0.0,0.0
1.0,0.0,0.0,0.0,0.0,0.0
1.0,0.0,0.0,0.0,0.0,0.0
1.0,0.0,0.0,0.0,0.0,0.0
1.0,0.0,0.0,0.0,0.0,0.0
1.0,0.0,0.0,0.0,0.0,0.0
1.0,0.0,0.0,0.0,0.0,0.0
1.0,0.0,0.0,0.0,0.0,0.0
1.0,0.0,0.0,0.0,0.0,0.0
1.0,0.0,0.0,0.0,0.0,0.0
1.0,0.0,0.0,0.0,0.0,0.0
1.0,0.0,0.0,0.0,0.0,0.0
0.0,0.0,0.0,0.0,0.0,0.0
0.0,0.0,0.0,0.0,0.0,0.0
0.0,0.0,0.0,0.0,0.0,0.0
0.0,0.0,0.0,0.0,0.0,0.0
0.0,0.0,0.0,0.0,0.0,0.0
0.0,0.0,0.0,0.0,0.0,0.0
0.0,0.0,0.0,0.0,0.0,0.0
0.0,0.0,0.0,0.0,0.0,0.0
0.0,0.0,1.0,0.0,1.0,1.0
0.0,0.0,1.0,0.0,1.0,1.0
0.0,0.0,1.0,0.0,1.0,1.0
0.0,0.0,1.0,0.0,1.0,1.0
0.0,0.0,1.0,0.0,1.0,1.0
0.0,0.0,1.0,0.0,1.0,1.0
0.0,0.0,1.0,0.0,1.0,1.0
0.0,0.0,1.0,0.0,1.0,1.0
0.0,0.0,1.0,0.0,1.0,1.0
0.0,0.0,1.0,0.0,1.0,1.0
0.0,0.0,1.0,0.0,1.0,1.0
0.0,0.0,1.0,0.0,1.0,1.0
0.0,0.0,1.0,0.0,1.0,1.0
0.0,0.0,1.0,0.0,1.0,1.0
0.0,0.0,1.0,0.0,1.0,1.0
0.0,0.0,1.0,0.0,1.0,1.0
0.0,0.0,1.0,0.0,1.0,1.0
0.0,0.0,1.0,0.0,1.0,1.0
0.0,0.0,1.0,0.0,1.0,1.0
0.0,0.0,1.0,0.0,1.0,1.0
0.0,0.0,1.0,0.0,1.0,1.0
0.0,0.0,1.0,0.0,1.0,1.0
0.0,0.0,1.0,0.0,1.0,1.0
0.0,0.0,1.0,0.0,1.0,1.0
0.0,0.0,1.0,0.0,1.0,1.0
0.0,0.0,1.0,0.0,1.0,1.0
0.0,0.0,1.0,0.0,1.0,1.0
0.0,0.0,1.0,0.0,1.0,1.0
0.0,0.0,1.0,0.0,1.0,1.0
0.0,0.0,1.0,0.0,1.0,1.0
0.0,0.0,1.0,0.0,1.0,1.0
0.0,0.0,1.0,0.0,1.0,1.0
0.0,0.0,1.0,0.0,1.0,1.0
0.0,0.0,1.0,0.0,1.0,1.0
0.0,0.0,1.0,0.0,1.0,1.0
0.0,0.0,1.0,0.0,1.0,1.0
0.0,0.0,1.0,0.0,1.0,1.0
0.0,0.0,1.0,0.0,1.0,1.0
0.0,0.0,1.0,0.0,1.0,1.0
0.0,0.0,1.0,0.0,1.0,1.0
0.0,0.0,1.0,0.0,1.0,1.0
0.0,0.0,1.0,0.0,1.0,1.0
0.0,0.0,1.0,0.0,1.0,1.0
0.0,0.0,1.0,0.0,1.0,1.0
0.0,0.0,1.0,0.0,1.0,1.0
0.0,0.0,1.0,0.0,1.0,1.0
0.0,0.0,1.0,0.0,1.0,1.0
0.0,0.0,1.0,0.0,1.0,1.0
1.0,0.0,0.0,0.0,0.0,0.0
1.0,0.0,0.0,0.0,0.0,0.0
1.0,0.0,0.0,0.0,0.0,0.0
1.0,0.0,0.0,0.0,0.0,0.0
1.0,0.0,0.0,0.0,0.0,0.0
1.0,0.0,0.0,0.0,0.0,0.0
1.0,0.0,0.0,0.0,0.0,0.0
1.0,0.0,0.0,0.0,0.0,0.0
1.0,0.0,0.0,0.0,0.0,0.0
1.0,0.0,0.0,0.0,0.0,0.0
1.0,0.0,0.0,0.0,0.0,0.0
1.0,0.0,0.0,0.0,0.0,0.0
1.0,0.0,0.0,0.0,0.0,0.0
1.0,0.0,0.0,0.0,0.0,0.0
1.0,0.0,0.0,0.0,0.0,0.0
1.0,0.0,0.0,0.0,0.0,0.0
1.0,0.0,0.0,0.0,0.0,0.0
1.0,0.0,0.0,0.0,0.0,0.0
0.0,0.0,0.0,0.0,0.0,0.0
0.0,0.0,0.0,0.0,0.0,0.0
0.0,0.0,0.0,0.0,0.0,0.0
0.0,0.0,0.0,0.0,0.0,0.0
0.0,0.0,0.0,0.0,0.0,0.0
0.0,0.0,0.0,0.0,0.0,0.0
0.0,0.0,1.0,1.0,0.0,0.0
0.0,0.0,1.0,1.0,0.0,0.0
0.0,0.0,1.0,1.0,0.0,0.0
0.0,0.0,1.0,1.0,0.0,0.0
0.0,0.0,1.0,1.0,0.0,0.0
0.0,0.0,1.0,1.0,0.0,0.0
0.0,0.0,1.0,1.0,0.0,0.0
0.0,0.0,1.0,1.0,0.0,0.0
0.0,0.0,1.0,1.0,0.0,0.0
0.0,0.0,1.0,1.0,0.0,0.0
0.0,0.0,1.0,1.0,0.0,0.0
0.0,0.0,1.0,1.0,0.0,0.0
0.0,1.0,0.0,0.0,1.0,0.0
0.0,1.0,0.0,0.0,1.0,0.0
0.0,1.0,0.0,0.0,1.0,0.0
0.0,1.0,0.0,0.0,1.0,0.0
0.0,1.0,0.0,0.0,1.0,0.0
0.0,1.0,0.0,0.0,1.0,0.0
0.0,1.0,0.0,0.0,1.0,0.0
0.0,1.0,0.0,0.0,1.0,0.0
0.0,1.0,0.0,0.0,1.0,0.0
0.0,1.0,0.0,0.0,1.0,0.0
0.0,1.0,0.0,0.0,1.0,0.0
0.0,1.0,0.0,0.0,1.0,0.0
0.0,1.0,0.0,0.0,1.0,0.0
0.0,1.0,0.0,0.0,1.0,0.0
0.0,1.0,0.0,0.0,1.0,0.0
1.0,0.0,0.0,0.0,0.0,0.0
1.0,0.0,0.0,0.0,0.0,0.0
1.0,0.0,0.0,0.0,0.0,0.0
1.0,0.0,0.0,0.0,0.0,0.0
1.0,0.0,0.0,0.0,0.0,0.0
1.0,0.0,0.0,0.0,0.0,0.0
1.0,0.0,0.0,0.0,0.0,0.0
1.0,0.0,0.0,0.0,0.0,0.0
1.0,0.0,0.0,0.0,0.0,0.0
1.0,0.0,0.0,0.0,0.0,0.0
1.0,0.0,0.0,0.0,0.0,0.0
1.0,0.0,0.0,0.0,0.0,0.0
1.0,0.0,0.0,0.0,0.0,0.0
1.0,0.0,0.0,0.0,0.0,0.0
1.0,0.0,0.0,0.0,0.0,0.0
1.0,0.0,0.0,0.0,0.0,0.0
1.0,0.0,0.0,0.0,0.0,0.0
1.0,0.0,0.0,0.0,0.0,0.0
1.0,0.0,0.0,0.0,0.0,0.0
0.0,0.0,0.0,0.0,0.0,0.0
0.0,0.0,0.0,0.0,0.0,0.0
0.0,0.0,0.0,0.0,0.0,0.0
0.0,1.0,0.0,0.0,1.0,0.0
0.0,1.0,0.0,0.0,1.0,0.0
0.0,1.0,0.0,0.0,1.0,0.0
0.0,1.0,0.0,0.0,1.0,0.0
0.0,1.0,0.0,0.0,1.0,0.0
0.0,1.0,0.0,0.0,1.0,0.0
0.0,1.0,0.0,0.0,1.0,0.0
0.0,1.0,0.0,0.0,1.0,0.0
0.0,1.0,0.0,0.0,1.0,0.0
0.0,1.0,0.0,0.0,1.0,0.0
0.0,1.0,0.0,0.0,1.0,0.0
0.0,1.0,0.0,0.0,1.0,0.0
0.0,1.0,0.0,0.0,1.0,0.0
0.0,1.0,0.0,0.0,1.0,0.0
0.0,1.0,0.0,0.0,1.0,0.0
1.0,0.0,0.0,0.0,0.0,0.0
1.0,0.0,0.0,0.0,0.0,0.0
1.0,0.0,0.0,0.0,0.0,0.0
1.0,0.0,0.0,0.0,0.0,0.0
1.0,0.0,0.0,0.0,0.0,0.0
1.0,0.0,0.0,0.0,0.0,0.0
1.0,0.0,0.0,0.0,0.0,0.0
1.0,0.0,0.0,0.0,0.0,0.0
1.0,0.0,0.0,0.0,0.0,0.0
1.0,0.0,0.0,0.0,0.0,0.0
1.0,0.0,0.0,0.0,0.0,0.0
1.0,0.0,0.0,0.0,0.0,0.0
1.0,0.0,0.0,0.0,0.0,0.0
1.0,0.0,0.0,0.0,0.0,0.0
1.0,0.0,0.0,0.0,0.0,0.0
1.0,0.0,0.0,0.0,0.0,0.0
1.0,0.0,0.0,0.0,0.0,0.0
1.0,0.0,0.0,0.0,0.0,0.0
0.0,0.0,0.0,0.0,0.0,0.0
0.0,0.0,0.0,0.0,0.0,0.0
0.0,0.0,0.0,0.0,0.0,0.0
0.0,0.0,0.0,0.0,0.0,0.0
0.0,1.0,0.0,0.0,1.0,0.0
0.0,1.0,0.0,0.0,1.0,0.0
0.0,1.0,0.0,0.0,1.0,0.0
0.0,1.0,0.0,0.0,1.0,0.0
0.0,1.0,0.0,0.0,1.0,0.0
0.0,1.0,0.0,0.0,1.0,0.0
0.0,1.0,0.0,0.0,1.0,0.0
0.0,1.0,0.0,0.0,1.0,0.0
0.0,1.0,0.0,0.0,1.0,0.0
0.0,1.0,0.0,0.0,1.0,0.0
0.0,1.0,0.0,0.0,1.0,0.0
0.0,1.0,0.0,0.0,1.0,0.0
0.0,1.0,0.0,0.0,1.0,0.0
1.0,0.0,0.0,0.0,0.0,0.0
1.0,0.0,0.0,0.0,0.0,0.0
1.0,0.0,0.0,0.0,0.0,0.0
1.0,0.0,0.0,0.0,0.0,0.0
1.0,0.0,0.0,0.0,0.0,0.0
1.0,0.0,0.0,0.0,0.0,0.0
1.0,0.0,0.0,0.0,0.0,0.0
1.0,0.0,0.0,0.0,0.0,0.0
1.0,0.0,0.0,0.0,0.0,0.0
1.0,0.0,0.0,0.0,0.0,0.0
1.0,0.0,0.0,0.0,0.0,0.0
1.0,0.0,0.0,0.0,0.0,0.0
1.0,0.0,0.0,0.0,0.0,0.0
1.0,0.0,0.0,0.0,0.0,0.0
1.0,0.0,0.0,0.0,0.0,0.0
1.0,0.0,0.0,0.0,0.0,0.0
1.0,0.0,0.0,0.0,0.0,0.0
1.0,0.0,0.0,0.0,0.0,0.0
0.0,0.0,0.0,0.0,0.0,0.0
0.0,0.0,0.0,0.0,0.0,0.0
0.0,0.0,0.0,0.0,0.0,0.0
0.0,0.0,0.0,0.0,0.0,0.0
0.0,0.0,0.0,0.0,0.0,0.0
0.0,0.0,0.0,0.0,0.0,0.0
0.0,0.0,1.0,0.0,1.0,1.0
0.0,0.0,1.0,0.0,1.0,1.0
0.0,0.0,1.0,0.0,1.0,1.0
0.0,0.0,1.0,0.0,1.0,1.0
0.0,0.0,1.0,0.0,1.0,1.0
0.0,0.0,1.0,0.0,1.0,1.0
0.0,0.0,1.0,0.0,1.0,1.0
0.0,0.0,1.0,0.0,1.0,1.0
0.0,0.0,1.0,0.0,1.0,1.0
0.0,0.0,1.0,0.0,1.0,1.0
0.0,0.0,1.0,0.0,1.0,1.0
0.0,0.0,1.0,1.0,0.0,0.0
0.0,0.0,1.0,1.0,0.0,0.0
0.0,0.0,1.0,1.0,0.0,0.0
0.0,0.0,1.0,1.0,0.0,0.0
0.0,0.0,1.0,1.0,0.0,0.0
0.0,0.0,1.0,1.0,0.0,0.0
0.0,0.0,1.0,1.0,0.0,0.0
0.0,0.0,1.0,1.0,0.0,0.0
0.0,0.0,1.0,1.0,0.0,0.0
0.0,0.0,1.0,1.0,0.0,0.0
0.0,0.0,1.0,1.0,0.0,0.0
0.0,0.0,1.0,1.0,0.0,0.0
1.0,0.0,0.0,0.0,0.0,0.0
1.0,0.0,0.0,0.0,0.0,0.0
1.0,0.0,0.0,0.0,0.0,0.0
1.0,0.0,0.0,0.0,0.0,0.0
1.0,0.0,0.0,0.0,0.0,0.0
1.0,0.0,0.0,0.0,0.0,0.0
1.0,0.0,0.0,0.0,0.0,0.0
1.0,0.0,0.0,0.0,0.0,0.0
1.0,0.0,0.0,0.0,0.0,0.0
1.0,0.0,0.0,0.0,0.0,0.0
1.0,0.0,0.0,0.0,0.0,0.0
1.0,0.0,0.0,0.0,0.0,0.0
1.0,0.0,0.0,0.0,0.0,0.0
1.0,0.0,0.0,0.0,0.0,0.0
1.0,0.0,0.0,0.0,0.0,0.0
1.0,0.0,0.0,0.0,0.0,0.0
1.0,0.0,0.0,0.0,0.0,0.0
1.0,0.0,0.0,0.0,0.0,0.0
1.0,0.0,0.0,0.0,0.0,0.0
0.0,0.0,0.0,0.0,0.0,0.0
0.0,0.0,0.0,0.0,0.0,0.0
0.0,0.0,0.0,0.0,0.0,0.0
0.0,0.0,0.0,0.0,0.0,0.0
0.0,0.0,0.0,0.0,0.0,0.0
0.0,0.0,1.0,0.0,1.0,1.0
0.0,0.0,1.0,0.0,1.0,1.0
0.0,0.0,1.0,0.0,1.0,1.0
0.0,0.0,1.0,0.0,1.0,1.0
0.0,0.0,1.0,0.0,1.0,1.0
0.0,0.0,1.0,0.0,1.0,1.0
0.0,0.0,1.0,0.0,1.0,1.0
0.0,0.0,1.0,0.0,1.0,1.0
0.0,0.0,1.0,0.0,1.0,1.0
0.0,0.0,1.0,1.0,0.0,0.0
0.0,0.0,1.0,1.0,0.0,0.0
0.0,0.0,1.0,1.0,0.0,0.0
0.0,0.0,1.0,1.0,0.0,0.0
0.0,0.0,1.0,1.0,0.0,0.0
0.0,0.0,1.0,1.0,0.0,0.0
0.0,0.0,1.0,1.0,0.0,0.0
0.0,0.0,1.0,1.0,0.0,0.0
0.0,0.0,1.0,1.0,0.0,0.0
0.0,0.0,1.0,1.0,0.0,0.0
0.0,0.0,1.0,1.0,0.0,0.0
0.0,0.0,1.0,1.0,0.0,0.0
0.0,0.0,1.0,1.0,0.0,0.0
0.0,0.0,1.0,1.0,0.0,0.0
0.0,0.0,1.0,1.0,0.0,0.0
0.0,0.0,1.0,1.0,0.0,0.0
1.0,0.0,0.0,0.0,0.0,0.0
1.0,0.0,0.0,0.0,0.0,0.0
1.0,0.0,0.0,0.0,0.0,0.0
1.0,0.0,0.0,0.0,0.0,0.0
1.0,0.0,0.0,0.0,0.0,0.0
1.0,0.0,0.0,0.0,0.0,0.0
1.0,0.0,0.0,0.0,0.0,0.0
1.0,0.0,0.0,0.0,0.0,0.0
1.0,0.0,0.0,0.0,0.0,0.0
1.0,0.0,0.0,0.0,0.0,0.0
1.0,0.0,0.0,0.0,0.0,0.0
1.0,0.0,0.0,0.0,0.0,0.0
1.0,0.0,0.0,0.0,0.0,0.0
1.0,0.0,0.0,0.0,0.0,0.0
1.0,0.0,0.0,0.0,0.0,0.0
1.0,0.0,0.0,0.0,0.0,0.0
1.0,0.0,0.0,0.0,0.0,0.0
1.0,0.0,0.0,0.0,0.0,0.0
0.0,0.0,0.0,0.0,0.0,0.0
0.0,0.0,0.0,0.0,0.0,0.0
0.0,0.0,0.0,0.0,0.0,0.0
0.0,0.0,0.0,0.0,0.0,0.0
0.0,0.0,0.0,0.0,0.0,0.0
0.0,0.0,0.0,0.0,0.0,0.0
0.0,0.0,1.0,1.0,0.0,0.0
0.0,0.0,1.0,1.0,0.0,0.0
0.0,0.0,1.0,1.0,0.0,0.0
0.0,0.0,1.0,1.0,0.0,0.0
0.0,0.0,1.0,1.0,0.0,0.0
0.0,0.0,1.0,1.0,0.0,0.0
0.0,0.0,1.0,1.0,0.0,0.0
0.0,0.0,1.0,1.0,0.0,0.0
0.0,0.0,1.0,1.0,0.0,0.0
0.0,0.0,1.0,1.0,0.0,0.0
0.0,0.0,1.0,1.0,0.0,0.0
0.0,0.0,1.0,1.0,0.0,0.0
0.0,0.0,1.0,1.0,0.0,0.0
0.0,0.0,1.0,1.0,0.0,0.0
0.0,0.0,1.0,1.0,0.0,0.0
0.0,0.0,1.0,1.0,0.0,0.0
0.0,0.0,1.0,1.0,0.0,0.0
0.0,0.0,1.0,1.0,0.0,0.0
0.0,0.0,1.0,1.0,0.0,0.0
0.0,0.0,1.0,1.0,0.0,0.0
0.0,0.0,1.0,1.0,0.0,0.0
0.0,0.0,1.0,1.0,0.0,0.0
1.0,0.0,0.0,0.0,0.0,0.0
1.0,0.0,0.0,0.0,0.0,0.0
1.0,0.0,0.0,0.0,0.0,0.0
1.0,0.0,0.0,0.0,0.0,0.0
1.0,0.0,0.0,0.0,0.0,0.0
1.0,0.0,0.0,0.0,0.0,0.0
1.0,0.0,0.0,0.0,0.0,0.0
1.0,0.0,0.0,0.0,0.0,0.0
1.0,0.0,0.0,0.0,0.0,0.0
1.0,0.0,0.0,0.0,0.0,0.0
1.0,0.0,0.0,0.0,0.0,0.0
1.0,0.0,0.0,0.0,0.0,0.0
1.0,0.0,0.0,0.0,0.0,0.0
1.0,0.0,0.0,0.0,0.0,0.0
1.0,0.0,0.0,0.0,0.0,0.0
1.0,0.0,0.0,0.0,0.0,0.0
1.0,0.0,0.0,0.0,0.0,0.0
1.0,0.0,0.0,0.0,0.0,0.0
0.0,0.0,0.0,0.0,0.0,0.0
0.0,0.0,0.0,0.0,0.0,0.0
0.0,0.0,0.0,0.0,0.0,0.0
0.0,0.0,0.0,0.0,0.0,0.0
0.0,0.0,1.0,0.0,1.0,1.0
0.0,0.0,1.0,0.0,1.0,1.0
0.0,0.0,1.0,0.0,1.0,1.0
0.0,0.0,1.0,0.0,1.0,1.0
0.0,0.0,1.0,0.0,1.0,1.0
0.0,0.0,1.0,0.0,1.0,1.0
0.0,0.0,1.0,0.0,1.0,1.0
0.0,0.0,1.0,0.0,1.0,1.0
0.0,0.0,1.0,0.0,1.0,1.0
0.0,0.0,1.0,0.0,1.0,1.0
0.0,0.0,1.0,0.0,1.0,1.0
0.0,0.0,1.0,1.0,0.0,0.0
0.0,0.0,1.0,1.0,0.0,0.0
0.0,0.0,1.0,1.0,0.0,0.0
0.0,0.0,1.0,1.0,0.0,0.0
0.0,0.0,1.0,1.0,0.0,0.0
0.0,0.0,1.0,1.0,0.0,0.0
0.0,0.0,1.0,1.0,0.0,0.0
0.0,0.0,1.0,1.0,0.0,0.0
0.0,0.0,1.0,1.0,0.0,0.0
0.0,0.0,1.0,1.0,0.0,0.0
0.0,0.0,1.0,1.0,0.0,0.0
0.0,0.0,1.0,0.0,1.0,1.0
0.0,0.0,1.0,0.0,1.0,1.0
0.0,0.0,1.0,0.0,1.0,1.0
0.0,0.0,1.0,0.0,1.0,1.0
0.0,0.0,1.0,0.0,1.0,1.0
0.0,0.0,1.0,0.0,1.0,1.0
0.0,0.0,1.0,0.0,1.0,1.0
0.0,0.0,1.0,0.0,1.0,1.0
0.0,0.0,1.0,0.0,1.0,1.0
0.0,0.0,1.0,0.0,1.0,1.0
0.0,0.0,1.0,0.0,1.0,1.0
0.0,0.0,1.0,0.0,1.0,1.0
0.0,0.0,1.0,0.0,1.0,1.0
0.0,0.0,1.0,0.0,1.0,1.0
0.0,0.0,1.0,0.0,1.0,1.0
0.0,0.0,1.0,0.0,1.0,1.0
0.0,0.0,1.0,1.0,0.0,0.0
0.0,0.0,1.0,1.0,0.0,0.0
0.0,0.0,1.0,1.0,0.0,0.0
0.0,0.0,1.0,1.0,0.0,0.0
0.0,0.0,1.0,1.0,0.0,0.0
0.0,0.0,1.0,1.0,0.0,0.0
0.0,0.0,1.0,1.0,0.0,0.0
0.0,0.0,1.0,1.0,0.0,0.0
0.0,0.0,1.0,1.0,0.0,0.0
0.0,0.0,1.0,1.0,0.0,0.0
0.0,0.0,1.0,1.0,0.0,0.0
0.0,0.0,1.0,1.0,0.0,0.0
0.0,0.0,1.0,1.0,0.0,0.0
0.0,0.0,1.0,1.0,0.0,0.0
0.0,0.0,1.0,0.0,1.0,1.0
0.0,0.0,1.0,0.0,1.0,1.0
0.0,0.0,1.0,0.0,1.0,1.0
0.0,0.0,1.0,0.0,1.0,1.0
0.0,0.0,1.0,0.0,1.0,1.0
0.0,0.0,1.0,0.0,1.0,1.0
0.0,0.0,1.0,0.0,1.0,1.0
0.0,0.0,1.0,0.0,1.0,1.0
0.0,0.0,1.0,0.0,1.0,1.0
0.0,0.0,1.0,0.0,1.0,1.0
0.0,0.0,1.0,0.0,1.0,1.0
0.0,0.0,1.0,0.0,1.0,1.0
0.0,0.0,1.0,0.0,1.0,1.0
0.0,0.0,1.0,0.0,1.0,1.0
0.0,0.0,1.0,0.0,1.0,1.0
0.0,0.0,1.0,0.0,1.0,1.0
0.0,0.0,1.0,0.0,1.0,1.0
0.0,0.0,1.0,0.0,1.0,1.0
0.0,0.0,1.0,1.0,0.0,0.0
0.0,0.0,1.0,1.0,0.0,0.0
0.0,0.0,1.0,1.0,0.0,0.0
0.0,0.0,1.0,1.0,0.0,0.0
0.0,0.0,1.0,1.0,0.0,0.0
0.0,0.0,1.0,1.0,0.0,0.0
0.0,0.0,1.0,1.0,0.0,0.0
0.0,0.0,1.0,1.0,0.0,0.0
0.0,0.0,1.0,1.0,0.0,0.0
0.0,0.0,1.0,1.0,0.0,0.0
0.0,0.0,1.0,1.0,0.0,0.0
0.0,0.0,1.0,1.0,0.0,0.0
0.0,0.0,1.0,1.0,0.0,0.0
0.0,0.0,1.0,1.0,0.0,0.0
0.0,1.0,0.0,0.0,1.0,0.0
0.0,1.0,0.0,0.0,1.0,0.0
0.0,1.0,0.0,0.0,1.0,0.0
0.0,1.0,0.0,0.0,1.0,0.0
0.0,1.0,0.0,0.0,1.0,0.0
0.0,1.0,0.0,0.0,1.0,0.0
0.0,1.0,0.0,0.0,1.0,0.0
0.0,1.0,0.0,0.0,1.0,0.0
0.0,1.0,0.0,0.0,1.0,0.0
0.0,1.0,0.0,0.0,1.0,0.0
0.0,1.0,0.0,0.0,1.0,0.0
0.0,1.0,0.0,0.0,1.0,0.0
0.0,1.0,0.0,0.0,1.0,0.0
0.0,0.0,1.0,1.0,0.0,0.0
0.0,0.0,1.0,1.0,0.0,0.0
0.0,0.0,1.0,1.0,0.0,0.0
0.0,0.0,1.0,1.0,0.0,0.0
0.0,0.0,1.0,1.0,0.0,0.0
0.0,0.0,1.0,1.0,0.0,0.0
0.0,0.0,1.0,1.0,0.0,0.0
0.0,0.0,1.0,1.0,0.0,0.0
0.0,0.0,1.0,1.0,0.0,0.0
0.0,0.0,1.0,1.0,0.0,0.0
0.0,0.0,1.0,1.0,0.0,0.0
0.0,0.0,1.0,1.0,0.0,0.0
0.0,0.0,1.0,1.0,0.0,0.0
0.0,0.0,1.0,1.0,0.0,0.0
0.0,0.0,1.0,1.0,0.0,0.0
0.0,0.0,1.0,1.0,0.0,0.0
0.0,0.0,1.0,1.0,0.0,0.0
0.0,0.0,1.0,1.0,0.0,0.0
0.0,0.0,1.0,1.0,0.0,0.0
0.0,0.0,1.0,1.0,0.0,0.0
0.0,0.0,1.0,1.0,0.0,0.0
1.0,0.0,0.0,0.0,0.0,0.0
1.0,0.0,0.0,0.0,0.0,0.0
1.0,0.0,0.0,0.0,0.0,0.0
1.0,0.0,0.0,0.0,0.0,0.0
1.0,0.0,0.0,0.0,0.0,0.0
1.0,0.0,0.0,0.0,0.0,0.0
1.0,0.0,0.0,0.0,0.0,0.0
1.0,0.0,0.0,0.0,0.0,0.0
1.0,0.0,0.0,0.0,0.0,0.0
1.0,0.0,0.0,0.0,0.0,0.0
1.0,0.0,0.0,0.0,0.0,0.0
1.0,0.0,0.0,0.0,0.0,0.0
1.0,0.0,0.0,0.0,0.0,0.0
1.0,0.0,0.0,0.0,0.0,0.0
1.0,0.0,0.0,0.0,0.0,0.0
1.0,0.0,0.0,0.0,0.0,0.0
1.0,0.0,0.0,0.0,0.0,0.0
1.0,0.0,0.0,0.0,0.0,0.0
0.0,0.0,0.0,0.0,0.0,0.0
0.0,0.0,0.0,0.0,0.0,0.0
0.0,0.0,0.0,0.0,0.0,0.0
0.0,0.0,0.0,0.0,0.0,0.0
0.0,0.0,0.0,0.0,0.0,0.0
0.0,0.0,0.0,0.0,0.0,0.0
0.0,0.0,1.0,1.0,0.0,0.0
0.0,0.0,1.0,1.0,0.0,0.0
0.0,0.0,1.0,1.0,0.0,0.0
0.0,0.0,1.0,1.0,0.0,0.0
0.0,0.0,1.0,1.0,0.0,0.0
0.0,0.0,1.0,1.0,0.0,0.0
0.0,1.0,0.0,0.0,1.0,0.0
0.0,1.0,0.0,0.0,1.0,0.0
0.0,1.0,0.0,0.0,1.0,0.0
0.0,1.0,0.0,0.0,1.0,0.0
0.0,1.0,0.0,0.0,1.0,0.0
0.0,1.0,0.0,0.0,1.0,0.0
0.0,1.0,0.0,0.0,1.0,0.0
1.0,0.0,0.0,0.0,0.0,0.0
1.0,0.0,0.0,0.0,0.0,0.0
1.0,0.0,0.0,0.0,0.0,0.0
1.0,0.0,0.0,0.0,0.0,0.0
1.0,0.0,0.0,0.0,0.0,0.0
1.0,0.0,0.0,0.0,0.0,0.0
1.0,0.0,0.0,0.0,0.0,0.0
1.0,0.0,0.0,0.0,0.0,0.0
1.0,0.0,0.0,0.0,0.0,0.0
1.0,0.0,0.0,0.0,0.0,0.0
1.0,0.0,0.0,0.0,0.0,0.0
1.0,0.0,0.0,0.0,0.0,0.0
1.0,0.0,0.0,0.0,0.0,0.0
1.0,0.0,0.0,0.0,0.0,0.0
1.0,0.0,0.0,0.0,0.0,0.0
1.0,0.0,0.0,0.0,0.0,0.0
1.0,0.0,0.0,0.0,0.0,0.0
1.0,0.0,0.0,0.0,0.0,0.0
0.0,0.0,0.0,0.0,0.0,0.0
0.0,0.0,0.0,0.0,0.0,0.0
0.0,0.0,0.0,0.0,0.0,0.0
0.0,0.0,0.0,0.0,0.0,0.0
0.0,0.0,0.0,0.0,0.0,0.0
0.0,0.0,0.0,0.0,0.0,0.0
0.0,0.0,0.0,0.0,0.0,0.0
0.0,0.0,0.0,0.0,0.0,0.0
0.0,0.0,0.0,0.0,0.0,0.0
0.0,0.0,0.0,0.0,0.0,0.0
0.0,0.0,0.0,0.0,0.0,0.0
0.0,0.0,0.0,0.0,0.0,0.0
0.0,0.0,0.0,0.0,0.0,0.0
0.0,0.0,0.0,0.0,0.0,0.0
0.0,0.0,0.0,0.0,0.0,0.0
0.0,0.0,0.0,0.0,0.0,0.0
0.0,0.0,0.0,0.0,0.0,0.0
0.0,0.0,1.0,1.0,0.0,0.0
0.0,0.0,1.0,1.0,0.0,0.0
0.0,0.0,1.0,1.0,0.0,0.0
0.0,0.0,1.0,1.0,0.0,0.0
0.0,0.0,1.0,1.0,0.0,0.0
0.0,0.0,1.0,1.0,0.0,0.0
0.0,0.0,1.0,1.0,0.0,0.0
0.0,0.0,1.0,1.0,0.0,0.0
0.0,0.0,1.0,1.0,0.0,0.0
0.0,0.0,1.0,0.0,1.0,1.0
0.0,0.0,1.0,0.0,1.0,1.0
0.0,0.0,1.0,0.0,1.0,1.0
0.0,0.0,1.0,0.0,1.0,1.0
0.0,0.0,1.0,0.0,1.0,1.0
0.0,0.0,1.0,0.0,1.0,1.0
0.0,0.0,1.0,0.0,1.0,1.0
1.0,0.0,0.0,0.0,0.0,0.0
1.0,0.0,0.0,0.0,0.0,0.0
1.0,0.0,0.0,0.0,0.0,0.0
1.0,0.0,0.0,0.0,0.0,0.0
1.0,0.0,0.0,0.0,0.0,0.0
1.0,0.0,0.0,0.0,0.0,0.0
1.0,0.0,0.0,0.0,0.0,0.0
1.0,0.0,0.0,0.0,0.0,0.0
1.0,0.0,0.0,0.0,0.0,0.0
1.0,0.0,0.0,0.0,0.0,0.0
1.0,0.0,0.0,0.0,0.0,0.0
1.0,0.0,0.0,0.0,0.0,0.0
1.0,0.0,0.0,0.0,0.0,0.0
1.0,0.0,0.0,0.0,0.0,0.0
1.0,0.0,0.0,0.0,0.0,0.0
1.0,0.0,0.0,0.0,0.0,0.0
1.0,0.0,0.0,0.0,0.0,0.0
1.0,0.0,0.0,0.0,0.0,0.0
0.0,0.0,0.0,0.0,0.0,0.0
0.0,0.0,0.0,0.0,0.0,0.0
0.0,0.0,0.0,0.0,0.0,0.0
0.0,0.0,0.0,0.0,0.0,0.0
0.0,0.0,0.0,0.0,0.0,0.0
0.0,0.0,0.0,0.0,0.0,0.0
0.0,0.0,1.0,0.0,1.0,1.0
0.0,0.0,1.0,0.0,1.0,1.0
0.0,0.0,1.0,0.0,1.0,1.0
0.0,0.0,1.0,0.0,1.0,1.0
0.0,0.0,1.0,0.0,1.0,1.0
0.0,0.0,1.0,0.0,1.0,1.0
0.0,0.0,1.0,0.0,1.0,1.0
0.0,0.0,1.0,0.0,1.0,1.0
0.0,0.0,1.0,0.0,1.0,1.0
0.0,0.0,1.0,0.0,1.0,1.0
0.0,0.0,1.0,0.0,1.0,1.0
0.0,0.0,1.0,0.0,1.0,1.0
0.0,0.0,1.0,0.0,1.0,1.0
0.0,0.0,1.0,0.0,1.0,1.0
0.0,0.0,1.0,0.0,1.0,1.0
0.0,0.0,1.0,0.0,1.0,1.0
0.0,0.0,1.0,0.0,1.0,1.0
0.0,0.0,1.0,0.0,1.0,1.0
0.0,0.0,1.0,0.0,1.0,1.0
0.0,0.0,1.0,0.0,1.0,1.0
0.0,0.0,1.0,0.0,1.0,1.0
0.0,0.0,1.0,0.0,1.0,1.0
0.0,0.0,1.0,0.0,1.0,1.0
0.0,0.0,1.0,0.0,1.0,1.0
0.0,0.0,1.0,0.0,1.0,1.0
1.0,0.0,0.0,0.0,0.0,0.0
1.0,0.0,0.0,0.0,0.0,0.0
1.0,0.0,0.0,0.0,0.0,0.0
1.0,0.0,0.0,0.0,0.0,0.0
1.0,0.0,0.0,0.0,0.0,0.0
1.0,0.0,0.0,0.0,0.0,0.0
1.0,0.0,0.0,0.0,0.0,0.0
1.0,0.0,0.0,0.0,0.0,0.0
1.0,0.0,0.0,0.0,0.0,0.0
1.0,0.0,0.0,0.0,0.0,0.0
1.0,0.0,0.0,0.0,0.0,0.0
1.0,0.0,0.0,0.0,0.0,0.0
1.0,0.0,0.0,0.0,0.0,0.0
1.0,0.0,0.0,0.0,0.0,0.0
1.0,0.0,0.0,0.0,0.0,0.0
1.0,0.0,0.0,0.0,0.0,0.0
1.0,0.0,0.0,0.0,0.0,0.0
1.0,0.0,0.0,0.0,0.0,0.0
1.0,0.0,0.0,0.0,0.0,0.0
0.0,0.0,0.0,0.0,0.0,0.0
0.0,0.0,0.0,0.0,0.0,0.0
0.0,0.0,0.0,0.0,0.0,0.0
0.0,0.0,0.0,0.0,0.0,0.0
0.0,0.0,0.0,0.0,0.0,0.0
0.0,0.0,0.0,0.0,0.0,0.0
0.0,0.0,0.0,0.0,0.0,0.0
0.0,0.0,0.0,0.0,0.0,0.0
0.0,0.0,0.0,0.0,0.0,0.0
0.0,0.0,0.0,0.0,0.0,0.0
0.0,0.0,1.0,0.0,1.0,1.0
0.0,0.0,1.0,0.0,1.0,1.0
0.0,0.0,1.0,0.0,1.0,1.0
0.0,0.0,1.0,0.0,1.0,1.0
0.0,0.0,1.0,0.0,1.0,1.0
0.0,0.0,1.0,0.0,1.0,1.0
0.0,0.0,1.0,0.0,1.0,1.0
0.0,0.0,1.0,0.0,1.0,1.0
0.0,0.0,1.0,0.0,1.0,1.0
0.0,0.0,1.0,0.0,1.0,1.0
0.0,0.0,1.0,0.0,1.0,1.0
0.0,0.0,1.0,0.0,1.0,1.0
0.0,0.0,1.0,0.0,1.0,1.0
0.0,0.0,1.0,0.0,1.0,1.0
0.0,0.0,1.0,0.0,1.0,1.0
0.0,0.0,1.0,0.0,1.0,1.0
0.0,0.0,1.0,0.0,1.0,1.0
1.0,0.0,0.0,0.0,0.0,0.0
1.0,0.0,0.0,0.0,0.0,0.0
1.0,0.0,0.0,0.0,0.0,0.0
1.0,0.0,0.0,0.0,0.0,0.0
1.0,0.0,0.0,0.0,0.0,0.0
1.0,0.0,0.0,0.0,0.0,0.0
1.0,0.0,0.0,0.0,0.0,0.0
1.0,0.0,0.0,0.0,0.0,0.0
1.0,0.0,0.0,0.0,0.0,0.0
1.0,0.0,0.0,0.0,0.0,0.0
1.0,0.0,0.0,0.0,0.0,0.0
1.0,0.0,0.0,0.0,0.0,0.0
1.0,0.0,0.0,0.0,0.0,0.0
1.0,0.0,0.0,0.0,0.0,0.0
1.0,0.0,0.0,0.0,0.0,0.0
1.0,0.0,0.0,0.0,0.0,0.0
1.0,0.0,0.0,0.0,0.0,0.0
1.0,0.0,0.0,0.0,0.0,0.0
0.0,0.0,0.0,0.0,0.0,0.0
0.0,0.0,0.0,0.0,0.0,0.0
0.0,0.0,0.0,0.0,0.0,0.0
0.0,0.0,0.0,0.0,0.0,0.0
0.0,0.0,0.0,0.0,0.0,0.0
0.0,0.0,0.0,0.0,0.0,0.0
0.0,1.0,0.0,0.0,1.0,0.0
0.0,1.0,0.0,0.0,1.0,0.0
0.0,1.0,0.0,0.0,1.0,0.0
0.0,1.0,0.0,0.0,1.0,0.0
0.0,1.0,0.0,0.0,1.0,0.0
0.0,1.0,0.0,0.0,1.0,0.0
0.0,1.0,0.0,0.0,1.0,0.0
0.0,1.0,0.0,0.0,1.0,0.0
0.0,1.0,0.0,0.0,1.0,0.0
0.0,1.0,0.0,0.0,1.0,0.0
0.0,1.0,0.0,0.0,1.0,0.0
0.0,1.0,0.0,0.0,1.0,0.0
0.0,1.0,0.0,0.0,1.0,0.0
0.0,1.0,0.0,0.0,1.0,0.0
0.0,1.0,0.0,0.0,1.0,0.0
0.0,1.0,0.0,0.0,1.0,0.0
0.0,1.0,0.0,0.0,1.0,0.0
0.0,1.0,0.0,0.0,1.0,0.0
0.0,1.0,0.0,0.0,1.0,0.0
1.0,0.0,0.0,0.0,0.0,0.0
1.0,0.0,0.0,0.0,0.0,0.0
1.0,0.0,0.0,0.0,0.0,0.0
1.0,0.0,0.0,0.0,0.0,0.0
1.0,0.0,0.0,0.0,0.0,0.0
1.0,0.0,0.0,0.0,0.0,0.0
1.0,0.0,0.0,0.0,0.0,0.0
1.0,0.0,0.0,0.0,0.0,0.0
1.0,0.0,0.0,0.0,0.0,0.0
1.0,0.0,0.0,0.0,0.0,0.0
1.0,0.0,0.0,0.0,0.0,0.0
1.0,0.0,0.0,0.0,0.0,0.0
1.0,0.0,0.0,0.0,0.0,0.0
1.0,0.0,0.0,0.0,0.0,0.0
1.0,0.0,0.0,0.0,0.0,0.0
1.0,0.0,0.0,0.0,0.0,0.0
1.0,0.0,0.0,0.0,0.0,0.0
1.0,0.0,0.0,0.0,0.0,0.0
1.0,0.0,0.0,0.0,0.0,0.0
0.0,0.0,0.0,0.0,0.0,0.0
0.0,0.0,0.0,0.0,0.0,0.0
0.0,0.0,0.0,0.0,0.0,0.0
0.0,0.0,0.0,0.0,0.0,0.0
0.0,0.0,0.0,0.0,0.0,0.0
0.0,0.0,0.0,0.0,0.0,0.0
0.0,0.0,0.0,0.0,0.0,0.0
0.0,0.0,0.0,0.0,0.0,0.0
0.0,0.0,0.0,0.0,0.0,0.0
0.0,0.0,0.0,0.0,0.0,0.0
0.0,1.0,0.0,0.0,1.0,0.0
0.0,1.0,0.0,0.0,1.0,0.0
0.0,1.0,0.0,0.0,1.0,0.0
0.0,1.0,0.0,0.0,1.0,0.0
0.0,1.0,0.0,0.0,1.0,0.0
0.0,1.0,0.0,0.0,1.0,0.0
0.0,1.0,0.0,0.0,1.0,0.0
0.0,0.0,1.0,0.0,1.0,1.0
0.0,0.0,1.0,0.0,1.0,1.0
0.0,0.0,1.0,0.0,1.0,1.0
0.0,0.0,1.0,0.0,1.0,1.0
0.0,0.0,1.0,1.0,0.0,0.0
0.0,0.0,1.0,1.0,0.0,0.0
0.0,0.0,1.0,1.0,0.0,0.0
0.0,0.0,1.0,1.0,0.0,0.0
0.0,0.0,1.0,1.0,0.0,0.0
0.0,0.0,1.0,1.0,0.0,0.0
0.0,0.0,1.0,1.0,0.0,0.0
0.0,0.0,1.0,1.0,0.0,0.0
0.0,0.0,1.0,1.0,0.0,0.0
0.0,0.0,1.0,1.0,0.0,0.0
0.0,0.0,1.0,1.0,0.0,0.0
0.0,0.0,1.0,1.0,0.0,0.0
0.0,0.0,1.0,1.0,0.0,0.0
0.0,0.0,1.0,1.0,0.0,0.0
0.0,0.0,1.0,1.0,0.0,0.0
0.0,0.0,1.0,1.0,0.0,0.0
0.0,1.0,0.0,0.0,1.0,0.0
0.0,1.0,0.0,0.0,1.0,0.0
0.0,1.0,0.0,0.0,1.0,0.0
0.0,1.0,0.0,0.0,1.0,0.0
0.0,1.0,0.0,0.0,1.0,0.0
0.0,1.0,0.0,0.0,1.0,0.0
0.0,1.0,0.0,0.0,1.0,0.0
0.0,1.0,0.0,0.0,1.0,0.0
0.0,1.0,0.0,0.0,1.0,0.0
1.0,0.0,0.0,0.0,0.0,0.0
1.0,0.0,0.0,0.0,0.0,0.0
1.0,0.0,0.0,0.0,0.0,0.0
1.0,0.0,0.0,0.0,0.0,0.0
1.0,0.0,0.0,0.0,0.0,0.0
1.0,0.0,0.0,0.0,0.0,0.0
1.0,0.0,0.0,0.0,0.0,0.0
1.0,0.0,0.0,0.0,0.0,0.0
1.0,0.0,0.0,0.0,0.0,0.0
1.0,0.0,0.0,0.0,0.0,0.0
1.0,0.0,0.0,0.0,0.0,0.0
1.0,0.0,0.0,0.0,0.0,0.0
1.0,0.0,0.0,0.0,0.0,0.0
1.0,0.0,0.0,0.0,0.0,0.0
1.0,0.0,0.0,0.0,0.0,0.0
1.0,0.0,0.0,0.0,0.0,0.0
1.0,0.0,0.0,0.0,0.0,0.0
1.0,0.0,0.0,0.0,0.0,0.0
0.0,0.0,0.0,0.0,0.0,0.0
0.0,0.0,0.0,0.0,0.0,0.0
0.0,0.0,0.0,0.0,0.0,0.0
0.0,0.0,0.0,0.0,0.0,0.0
0.0,1.0,0.0,0.0,1.0,0.0
0.0,1.0,0.0,0.0,1.0,0.0
0.0,1.0,0.0,0.0,1.0,0.0
0.0,1.0,0.0,0.0,1.0,0.0
0.0,1.0,0.0,0.0,1.0,0.0
0.0,1.0,0.0,0.0,1.0,0.0
0.0,1.0,0.0,0.0,1.0,0.0
0.0,1.0,0.0,0.0,1.0,0.0
0.0,1.0,0.0,0.0,1.0,0.0
0.0,1.0,0.0,0.0,1.0,0.0
0.0,1.0,0.0,0.0,1.0,0.0
0.0,1.0,0.0,0.0,1.0,0.0
0.0,1.0,0.0,0.0,1.0,0.0
0.0,1.0,0.0,0.0,1.0,0.0
0.0,1.0,0.0,0.0,1.0,0.0
0.0,1.0,0.0,0.0,1.0,0.0
0.0,1.0,0.0,0.0,1.0,0.0
0.0,1.0,0.0,0.0,1.0,0.0
0.0,1.0,0.0,0.0,1.0,0.0
1.0,0.0,0.0,0.0,0.0,0.0
1.0,0.0,0.0,0.0,0.0,0.0
1.0,0.0,0.0,0.0,0.0,0.0
1.0,0.0,0.0,0.0,0.0,0.0
1.0,0.0,0.0,0.0,0.0,0.0
1.0,0.0,0.0,0.0,0.0,0.0
1.0,0.0,0.0,0.0,0.0,0.0
1.0,0.0,0.0,0.0,0.0,0.0
1.0,0.0,0.0,0.0,0.0,0.0
1.0,0.0,0.0,0.0,0.0,0.0
1.0,0.0,0.0,0.0,0.0,0.0
1.0,0.0,0.0,0.0,0.0,0.0
1.0,0.0,0.0,0.0,0.0,0.0
1.0,0.0,0.0,0.0,0.0,0.0
1.0,0.0,0.0,0.0,0.0,0.0
1.0,0.0,0.0,0.0,0.0,0.0
1.0,0.0,0.0,0.0,0.0,0.0
1.0,0.0,0.0,0.0,0.0,0.0
0.0,0.0,0.0,0.0,0.0,0.0
0.0,0.0,0.0,0.0,0.0,0.0
0.0,0.0,0.0,0.0,0.0,0.0
0.0,0.0,0.0,0.0,0.0,0.0
0.0,1.0,0.0,0.0,1.0,0.0
0.0,1.0,0.0,0.0,1.0,0.0
0.0,1.0,0.0,0.0,1.0,0.0
0.0,1.0,0.0,0.0,1.0,0.0
0.0,1.0,0.0,0.0,1.0,0.0
0.0,1.0,0.0,0.0,1.0,0.0
0.0,1.0,0.0,0.0,1.0,0.0
0.0,1.0,0.0,0.0,1.0,0.0
0.0,1.0,0.0,0.0,1.0,0.0
0.0,1.0,0.0,0.0,1.0,0.0
0.0,1.0,0.0,0.0,1.0,0.0
0.0,1.0,0.0,0.0,1.0,0.0
0.0,1.0,0.0,0.0,1.0,0.0
0.0,1.0,0.0,0.0,1.0,0.0
0.0,1.0,0.0,0.0,1.0,0.0
0.0,1.0,0.0,0.0,1.0,0.0
0.0,1.0,0.0,0.0,1.0,0.0
1.0,0.0,0.0,0.0,0.0,0.0
1.0,0.0,0.0,0.0,0.0,0.0
1.0,0.0,0.0,0.0,0.0,0.0
1.0,0.0,0.0,0.0,0.0,0.0
1.0,0.0,0.0,0.0,0.0,0.0
1.0,0.0,0.0,0.0,0.0,0.0
1.0,0.0,0.0,0.0,0.0,0.0
1.0,0.0,0.0,0.0,0.0,0.0
1.0,0.0,0.0,0.0,0.0,0.0
1.0,0.0,0.0,0.0,0.0,0.0
1.0,0.0,0.0,0.0,0.0,0.0
1.0,0.0,0.0,0.0,0.0,0.0
1.0,0.0,0.0,0.0,0.0,0.0
1.0,0.0,0.0,0.0,0.0,0.0
1.0,0.0,0.0,0.0,0.0,0.0
1.0,0.0,0.0,0.0,0.0,0.0
1.0,0.0,0.0,0.0,0.0,0.0
1.0,0.0,0.0,0.0,0.0,0.0
0.0,0.0,0.0,0.0,0.0,0.0
0.0,0.0,0.0,0.0,0.0,0.0
0.0,0.0,0.0,0.0,0.0,0.0
0.0,0.0,0.0,0.0,0.0,0.0
0.0,0.0,0.0,0.0,0.0,0.0
